{
  "type": "FeatureCollection",
  "name": "PGVS Oeste",
  "crs": {
    "type": "name",
    "properties": {
      "name": "urn:ogc:def:crs:OGC:1.3:CRS84"
    }
  },
  "features": [
    {
      "type": "Feature",
      "properties": {
        "fid": 1,
        "D": 50.0,
        "C": 130.0,
        "ID": 148,
        "L": 12.63,
        "START_NID": 149,
        "START_NODE": "J-79",
        "ZONA": "OPE-01",
        "sigla_municipio": "TPA",
        "layer_name": "tpa_afs_pgv_AFS_POLY_WGS84",
        "stroke": "#00E6A8",
        "stroke-width": 1,
        "stroke-opacity": 1,
        "fill": "#00E6A8",
        "fill-opacity": 0.4,
        "marker-color": "#00E6A8",
        "marker-size": "small",
        "type": "afs"
      },
      "geometry": {
        "coordinates": [
          [
            [
              [
                -53.94233794383284,
                -27.458094551617727
              ],
              [
                -53.942330659084455,
                -27.458085830913834
              ],
              [
                -53.942321607118856,
                -27.458078545552414
              ],
              [
                -53.94231113579794,
                -27.458072975505583
              ],
              [
                -53.9422996475283,
                -27.45806933482686
              ],
              [
                -53.942287583747664,
                -27.45806776341888
              ],
              [
                -53.94125921966191,
                -27.458024776755053
              ],
              [
                -53.94125921927686,
                -27.4580247766694
              ],
              [
                -53.941259218958436,
                -27.458024776458153
              ],
              [
                -53.94125921875569,
                -27.458024776153845
              ],
              [
                -53.941259218699855,
                -27.45802477580337
              ],
              [
                -53.94130286694142,
                -27.45733473473129
              ],
              [
                -53.9413028670396,
                -27.457334734391402
              ],
              [
                -53.94130286727581,
                -27.457334734110688
              ],
              [
                -53.94130286761424,
                -27.457334733931685
              ],
              [
                -53.94130286800365,
                -27.45733473388148
              ],
              [
                -53.94204279294125,
                -27.457369287535272
              ],
              [
                -53.94205497175264,
                -27.457368788773145
              ],
              [
                -53.942066807425334,
                -27.457366180090858
              ],
              [
                -53.94207784517055,
                -27.457361561736725
              ],
              [
                -53.94208766081344,
                -27.457355111191813
              ],
              [
                -53.94209587714422,
                -27.457347076347244
              ],
              [
                -53.94210217841404,
                -27.45733776597785
              ],
              [
                -53.94210632246901,
                -27.4573275378762
              ],
              [
                -53.94210815005598,
                -27.457316785102638
              ],
              [
                -53.942107590942484,
                -27.457305920880263
              ],
              [
                -53.942104666615656,
                -27.457295362714955
              ],
              [
                -53.94209948945629,
                -27.4572855163509
              ],
              [
                -53.942092258420104,
                -27.45727676017807
              ],
              [
                -53.94208325139199,
                -27.45726943069102
              ],
              [
                -53.94207281450673,
                -27.45726380955744
              ],
              [
                -53.942061348847716,
                -27.457260112794167
              ],
              [
                -53.94204929498376,
                -27.45725848245889
              ],
              [
                -53.94130983213572,
                -27.45722395032671
              ],
              [
                -53.94130983175259,
                -27.45722395023977
              ],
              [
                -53.94130983143612,
                -27.457223950028407
              ],
              [
                -53.941309831234726,
                -27.457223949724938
              ],
              [
                -53.94130983117917,
                -27.457223949375763
              ],
              [
                -53.94135057789839,
                -27.45657353064491
              ],
              [
                -53.941350577994626,
                -27.45657353030822
              ],
              [
                -53.94135057822641,
                -27.456573530028983
              ],
              [
                -53.94135057855932,
                -27.456573529848637
              ],
              [
                -53.94135057894397,
                -27.456573529793946
              ],
              [
                -53.94158150825648,
                -27.456580906419855
              ],
              [
                -53.94158150868405,
                -27.45658090651975
              ],
              [
                -53.94158150902299,
                -27.45658090677283
              ],
              [
                -53.94249606059626,
                -27.45764633911148
              ],
              [
                -53.942504385838646,
                -27.457654284315975
              ],
              [
                -53.94251428866072,
                -27.457660627966824
              ],
              [
                -53.94252538853633,
                -27.45766512631331
              ],
              [
                -53.94253725890304,
                -27.45766760648634
              ],
              [
                -53.942549443588625,
                -27.45766797317416
              ],
              [
                -53.942561474341886,
                -27.4576662122852
              ],
              [
                -53.94257288882684,
                -27.457662391489606
              ],
              [
                -53.942583248390996,
                -27.45765665761859
              ],
              [
                -53.942592154921705,
                -27.457649231021957
              ],
              [
                -53.94259926614606,
                -27.457640397099944
              ],
              [
                -53.94260430878398,
                -27.45763049533545
              ],
              [
                -53.942607089050185,
                -27.45761990624798
              ],
              [
                -53.94260750010128,
                -27.4576090367703
              ],
              [
                -53.94260552614149,
                -27.457598304610272
              ],
              [
                -53.94260124302963,
                -27.457588122198676
              ],
              [
                -53.94259481533744,
                -27.45757888080183
              ],
              [
                -53.94174265636358,
                -27.456586136281718
              ],
              [
                -53.94174265619374,
                -27.45658613597979
              ],
              [
                -53.94174265616035,
                -27.456586135643306
              ],
              [
                -53.941742656268076,
                -27.45658613531945
              ],
              [
                -53.941742656501845,
                -27.45658613505368
              ],
              [
                -53.94174265682881,
                -27.456586134883278
              ],
              [
                -53.94174265720313,
                -27.456586134832158
              ],
              [
                -53.94238582042112,
                -27.45660707198084
              ],
              [
                -53.94238582044559,
                -27.4566070719819
              ],
              [
                -53.94315896787179,
                -27.456648984206304
              ],
              [
                -53.94317115085746,
                -27.456648576638056
              ],
              [
                -53.94318301056855,
                -27.456646056656528
              ],
              [
                -53.94319409129233,
                -27.456641521101727
              ],
              [
                -53.943203967202415,
                -27.456635144272713
              ],
              [
                -53.94321225877287,
                -27.456627171227836
              ],
              [
                -53.943218647363516,
                -27.45661790836694
              ],
              [
                -53.943222887464685,
                -27.456607711656897
              ],
              [
                -53.94322481613227,
                -27.456596972951687
              ],
              [
                -53.943224359249314,
                -27.45658610493375
              ],
              [
                -53.943221534374274,
                -27.456575525254888
              ],
              [
                -53.943216450066096,
                -27.456565640486016
              ],
              [
                -53.943209301712294,
                -27.456556830492968
              ],
              [
                -53.943200364020285,
                -27.45654943383858
              ],
              [
                -53.9431899804604,
                -27.45654373477181
              ],
              [
                -53.94317855006667,
                -27.456539952304322
              ],
              [
                -53.94316651205286,
                -27.456538231787064
              ],
              [
                -53.9423926134989,
                -27.45649627878049
              ],
              [
                -53.942391108797416,
                -27.4564962135132
              ],
              [
                -53.941615319243994,
                -27.456470958497054
              ],
              [
                -53.94161529783907,
                -27.4564709596766
              ],
              [
                -53.94161529764171,
                -27.456470959670227
              ],
              [
                -53.94161527638811,
                -27.456470957114966
              ],
              [
                -53.941357346371895,
                -27.456462718008734
              ],
              [
                -53.94135734598431,
                -27.45646271792626
              ],
              [
                -53.94135734566255,
                -27.456462717716594
              ],
              [
                -53.9413573454566,
                -27.4564627174123
              ],
              [
                -53.94135734539846,
                -27.456462717060653
              ],
              [
                -53.941394104327586,
                -27.45583165244797
              ],
              [
                -53.941394104424994,
                -27.45583165210599
              ],
              [
                -53.941394104662024,
                -27.45583165182351
              ],
              [
                -53.941394105002416,
                -27.455831651643795
              ],
              [
                -53.941394105394046,
                -27.45583165159434
              ],
              [
                -53.942177849109434,
                -27.45587102862298
              ],
              [
                -53.94219002987287,
                -27.455870572881135
              ],
              [
                -53.94220187686995,
                -27.45586800602346
              ],
              [
                -53.9422129348765,
                -27.455863426691188
              ],
              [
                -53.942222778939005,
                -27.455857010865817
              ],
              [
                -53.94223103075566,
                -27.455849005104106
              ],
              [
                -53.9422373732138,
                -27.455839717063412
              ],
              [
                -53.94224156257674,
                -27.45582950367809
              ],
              [
                -53.942243437850166,
                -27.455818757443005
              ],
              [
                -53.94224292696904,
                -27.455807891329965
              ],
              [
                -53.94224004956693,
                -27.455797322917544
              ],
              [
                -53.94223491622138,
                -27.4557874583437
              ],
              [
                -53.94222772420436,
                -27.4557786766982
              ],
              [
                -53.94221874990123,
                -27.455771315454474
              ],
              [
                -53.94220833818925,
                -27.455765657500642
              ],
              [
                -53.9421968891844,
                -27.455761920268507
              ],
              [
                -53.94218484281556,
                -27.455760247370783
              ],
              [
                -53.94140277244564,
                -27.455720954357403
              ],
              [
                -53.94140277205719,
                -27.455720954266617
              ],
              [
                -53.941402771738986,
                -27.455720954048108
              ],
              [
                -53.94140277154125,
                -27.455720953736304
              ],
              [
                -53.94140277149519,
                -27.45572095338044
              ],
              [
                -53.941470773519676,
                -27.455008627710765
              ],
              [
                -53.94147077362297,
                -27.45500862738362
              ],
              [
                -53.94147077385464,
                -27.4550086271138
              ],
              [
                -53.941470774181816,
                -27.455008626939637
              ],
              [
                -53.94147077455802,
                -27.455008626885867
              ],
              [
                -53.942213100318966,
                -27.4550289622648
              ],
              [
                -53.942225263952096,
                -27.455028228935387
              ],
              [
                -53.94223703344312,
                -27.45502539278998
              ],
              [
                -53.94224795654632,
                -27.45502056281729
              ],
              [
                -53.94225761349264,
                -27.45501392463067
              ],
              [
                -53.94226563317087,
                -27.45500573333229
              ],
              [
                -53.94227170738946,
                -27.454996303709404
              ],
              [
                -53.94227560272,
                -27.45498599813737
              ],
              [
                -53.94227716946769,
                -27.45497521265371
              ],
              [
                -53.94227634742398,
                -27.454964361738515
              ],
              [
                -53.94227316818026,
                -27.45495386238627
              ],
              [
                -53.94226775391363,
                -27.45494411808103
              ],
              [
                -53.94226031269166,
                -27.454935503290656
              ],
              [
                -53.9422511304765,
                -27.454928349076425
              ],
              [
                -53.94224056013536,
                -27.45492293037048
              ],
              [
                -53.94222900788016,
                -27.454919455410433
              ],
              [
                -53.942216917607375,
                -27.454918057731163
              ],
              [
                -53.94148291622468,
                -27.454897950355434
              ],
              [
                -53.94148291582374,
                -27.454897950269398
              ],
              [
                -53.941482915494674,
                -27.454897950047677
              ],
              [
                -53.941482915292234,
                -27.45489794972718
              ],
              [
                -53.941482915250106,
                -27.454897949361232
              ],
              [
                -53.94156107544188,
                -27.4542237431302
              ],
              [
                -53.94156113490653,
                -27.45421286754141
              ],
              [
                -53.94155881486304,
                -27.454202190618552
              ],
              [
                -53.941554204470265,
                -27.45419212262512
              ],
              [
                -53.94154748090342,
                -27.454183050468174
              ],
              [
                -53.94153890254563,
                -27.45417532278531
              ],
              [
                -53.94152879905841,
                -27.45416923654679
              ],
              [
                -53.94151755871266,
                -27.45416502564302
              ],
              [
                -53.941505613468095,
                -27.45416285189655
              ],
              [
                -53.94149342237316,
                -27.454162798843132
              ],
              [
                -53.94148145392405,
                -27.45416486852165
              ],
              [
                -53.941470168060874,
                -27.454168981395675
              ],
              [
                -53.94145999849263,
                -27.454174979410034
              ],
              [
                -53.94145133602997,
                -27.45418263206464
              ],
              [
                -53.941444513566445,
                -27.454191645272644
              ],
              [
                -53.941439793285824,
                -27.45420167266176
              ],
              [
                -53.94143735657642,
                -27.45421232892883
              ],
              [
                -53.941358453088064,
                -27.454892940154156
              ],
              [
                -53.94135845297707,
                -27.45489294048146
              ],
              [
                -53.94135845273746,
                -27.45489294074836
              ],
              [
                -53.941358452403705,
                -27.454892940916515
              ],
              [
                -53.941358452023756,
                -27.454892940961724
              ],
              [
                -53.9393856219358,
                -27.454790540186337
              ],
              [
                -53.939373440333355,
                -27.45479097561771
              ],
              [
                -53.93936158806974,
                -27.454793522720227
              ],
              [
                -53.9393505205702,
                -27.45479808361218
              ],
              [
                -53.93934066315228,
                -27.454804483021242
              ],
              [
                -53.93933239463079,
                -27.45481247502208
              ],
              [
                -53.93932603276046,
                -27.454821752486897
              ],
              [
                -53.93932182202483,
                -27.45483195888812
              ],
              [
                -53.93931992424064,
                -27.454842701999638
              ],
              [
                -53.93932041233936,
                -27.454853568969767
              ],
              [
                -53.939323267564326,
                -27.45486414218687
              ],
              [
                -53.939328380191405,
                -27.4548740153279
              ],
              [
                -53.93933555374564,
                -27.454882808973373
              ],
              [
                -53.93934451255149,
                -27.45489018518808
              ],
              [
                -53.93935491232698,
                -27.454895860507957
              ],
              [
                -53.939366353414165,
                -27.454899616833362
              ],
              [
                -53.93937839618729,
                -27.454901309817632
              ],
              [
                -53.94134643579159,
                -27.455003461818585
              ],
              [
                -53.94134643617944,
                -27.455003461909815
              ],
              [
                -53.941346436497,
                -27.45500346212843
              ],
              [
                -53.94134643669426,
                -27.455003462439972
              ],
              [
                -53.941346436740176,
                -27.45500346279545
              ],
              [
                -53.94127850688282,
                -27.455715024073033
              ],
              [
                -53.94127850677702,
                -27.45571502440464
              ],
              [
                -53.94127850653947,
                -27.455715024676586
              ],
              [
                -53.94127850620489,
                -27.45571502484915
              ],
              [
                -53.941278505822176,
                -27.45571502489711
              ],
              [
                -53.93921580138608,
                -27.455617816764512
              ],
              [
                -53.93920362247123,
                -27.455618310217837
              ],
              [
                -53.939191785533104,
                -27.455620913743417
              ],
              [
                -53.93918074540813,
                -27.45562552729144
              ],
              [
                -53.93917092636173,
                -27.45563197356612
              ],
              [
                -53.93916270573423,
                -27.455640004841
              ],
              [
                -53.93915639943985,
                -27.455649312479046
              ],
              [
                -53.939152249826314,
                -27.455659538793153
              ],
              [
                -53.9391504163615,
                -27.455670290791968
              ],
              [
                -53.93915096950515,
                -27.45568115528224
              ],
              [
                -53.93915388800091,
                -27.455691714747637
              ],
              [
                -53.93915905969323,
                -27.455701563393614
              ],
              [
                -53.939166285837274,
                -27.45571032274198
              ],
              [
                -53.9391752887365,
                -27.45571765617558
              ],
              [
                -53.93918572241446,
                -27.45572328187435
              ],
              [
                -53.939197185910366,
                -27.455726983645633
              ],
              [
                -53.93920923873716,
                -27.455728619238936
              ],
              [
                -53.94126989987986,
                -27.455825730930044
              ],
              [
                -53.94126990026195,
                -27.45582573101673
              ],
              [
                -53.941269900577836,
                -27.455825731227183
              ],
              [
                -53.941269900779446,
                -27.455825731529416
              ],
              [
                -53.941269900836154,
                -27.455825731877457
              ],
              [
                -53.94123309321866,
                -27.456457620118286
              ],
              [
                -53.941233093120665,
                -27.456457620461375
              ],
              [
                -53.941233092882186,
                -27.45645762074437
              ],
              [
                -53.94123309253995,
                -27.456457620923672
              ],
              [
                -53.94123309214673,
                -27.456457620971626
              ],
              [
                -53.94036178815033,
                -27.456409611944192
              ],
              [
                -53.940361787768374,
                -27.456409611854156
              ],
              [
                -53.94036178745426,
                -27.456409611640403
              ],
              [
                -53.94036178725596,
                -27.456409611335584
              ],
              [
                -53.940361787203756,
                -27.456409610986235
              ],
              [
                -53.94039361249901,
                -27.455967628355587
              ],
              [
                -53.94039319772103,
                -27.455956758926877
              ],
              [
                -53.94039041385849,
                -27.45594617058038
              ],
              [
                -53.940385367892574,
                -27.455936270175652
              ],
              [
                -53.9403782537373,
                -27.455927438179405
              ],
              [
                -53.94036934478586,
                -27.45592001400001
              ],
              [
                -53.94035898340415,
                -27.455914282944242
              ],
              [
                -53.94034756777386,
                -27.455910465253062
              ],
              [
                -53.94033553659076,
                -27.455908707638073
              ],
              [
                -53.940323352205795,
                -27.455909077643398
              ],
              [
                -53.940311482857204,
                -27.45591156104999
              ],
              [
                -53.94030038467703,
                -27.45591606242211
              ],
              [
                -53.940290484161565,
                -27.45592240877484
              ],
              [
                -53.940282161781944,
                -27.455930356221682
              ],
              [
                -53.940275737362626,
                -27.455939599347047
              ],
              [
                -53.94027145779085,
                -27.455949782942998
              ],
              [
                -53.940269487520624,
                -27.45596051570383
              ],
              [
                -53.94023764594827,
                -27.45640271745765
              ],
              [
                -53.940237645846835,
                -27.456402717797356
              ],
              [
                -53.94023764560752,
                -27.45640271807666
              ],
              [
                -53.94023764526667,
                -27.456402718253116
              ],
              [
                -53.940237644876085,
                -27.456402718299923
              ],
              [
                -53.93908377408656,
                -27.456338145347498
              ],
              [
                -53.93907159022565,
                -27.456338531566363
              ],
              [
                -53.939059724986016,
                -27.45634103076514
              ],
              [
                -53.93904863429144,
                -27.45634554690282
              ],
              [
                -53.93903874435081,
                -27.456351906427003
              ],
              [
                -53.939030435228794,
                -27.45635986494507
              ],
              [
                -53.93902402624041,
                -27.45636911661593
              ],
              [
                -53.93901976367986,
                -27.456379305903315
              ],
              [
                -53.93901781135549,
                -27.45639004123875
              ],
              [
                -53.93901824429475,
                -27.456400910069398
              ],
              [
                -53.93902104586068,
                -27.45641149471209
              ],
              [
                -53.93902610839127,
                -27.456421388404763
              ],
              [
                -53.93903323733675,
                -27.456430210938134
              ],
              [
                -53.93904215873583,
                -27.456437623266805
              ],
              [
                -53.93905252974411,
                -27.456443340538915
              ],
              [
                -53.939063951809175,
                -27.456447143042627
              ],
              [
                -53.939075986036194,
                -27.456448884656826
              ],
              [
                -53.940291834549896,
                -27.45651692563733
              ],
              [
                -53.94029186426142,
                -27.45651692469523
              ],
              [
                -53.940291864458274,
                -27.45651692470616
              ],
              [
                -53.94029189380952,
                -27.456516928928046
              ],
              [
                -53.941226321821595,
                -27.45656841623623
              ],
              [
                -53.94122632220167,
                -27.456568416325453
              ],
              [
                -53.94122632251488,
                -27.456568416537213
              ],
              [
                -53.94122632271391,
                -27.456568416839527
              ],
              [
                -53.94122632276867,
                -27.456568417186695
              ],
              [
                -53.94118563406364,
                -27.4572178981696
              ],
              [
                -53.94118563396501,
                -27.457217898510734
              ],
              [
                -53.94118563372741,
                -27.457217898792134
              ],
              [
                -53.94118563338707,
                -27.45721789897085
              ],
              [
                -53.94118563299594,
                -27.45721789901963
              ],
              [
                -53.94024729019099,
                -27.457169548281122
              ],
              [
                -53.9402472901882,
                -27.45716954828097
              ],
              [
                -53.93908302042173,
                -27.457106672891406
              ],
              [
                -53.93907083745174,
                -27.45710708286859
              ],
              [
                -53.939058978282155,
                -27.457109605199115
              ],
              [
                -53.9390478986038,
                -27.457114142953092
              ],
              [
                -53.939038024202006,
                -27.457120521747477
              ],
              [
                -53.939029734544334,
                -27.45712849644908
              ],
              [
                -53.939023348197814,
                -27.457137760594872
              ],
              [
                -53.93901911058655,
                -27.457147958169195
              ],
              [
                -53.9390171845601,
                -27.45715869728511
              ],
              [
                -53.93901764413526,
                -27.45716956524449
              ],
              [
                -53.93902047165151,
                -27.457180144397665
              ],
              [
                -53.93902555844958,
                -27.457190028193526
              ],
              [
                -53.93903270904706,
                -27.457198836803062
              ],
              [
                -53.93904164865067,
                -27.457206231716054
              ],
              [
                -53.93905203371636,
                -27.45721192874985
              ],
              [
                -53.93906346515148,
                -27.457215708970363
              ],
              [
                -53.9390755037012,
                -27.457217427112777
              ],
              [
                -53.94017877581433,
                -27.45727700853401
              ],
              [
                -53.940178776192184,
                -27.457277008621794
              ],
              [
                -53.94017877650457,
                -27.457277008830772
              ],
              [
                -53.94017877670488,
                -27.457277009129765
              ],
              [
                -53.940178776763226,
                -27.457277009474172
              ],
              [
                -53.94015257063984,
                -27.457804160094778
              ],
              [
                -53.940153226931685,
                -27.457815020049793
              ],
              [
                -53.940156245635976,
                -27.45782555707468
              ],
              [
                -53.940161510748844,
                -27.457835366281778
              ],
              [
                -53.94016881993539,
                -27.457844070708507
              ],
              [
                -53.94017789230771,
                -27.45785133584824
              ],
              [
                -53.94018837921962,
                -27.457856882505514
              ],
              [
                -53.94019987766454,
                -27.45786049752513
              ],
              [
                -53.94021194576302,
                -27.45786204198376
              ],
              [
                -53.94022411974421,
                -27.457861456528697
              ],
              [
                -53.94023593176814,
                -27.457858763658727
              ],
              [
                -53.94024692790479,
                -27.457854066859536
              ],
              [
                -53.940256685578404,
                -27.45784754662675
              ],
              [
                -53.94026482980686,
                -27.4578394535296
              ],
              [
                -53.94027104761225,
                -27.45783009858151
              ],
              [
                -53.940275100048126,
                -27.45781984128816
              ],
              [
                -53.94027683138934,
                -27.45780907578766
              ],
              [
                -53.94030295566855,
                -27.457283559586983
              ],
              [
                -53.94030295576401,
                -27.457283559242494
              ],
              [
                -53.94030295600104,
                -27.45728355895754
              ],
              [
                -53.94030295634297,
                -27.457283558776208
              ],
              [
                -53.940302956736836,
                -27.457283558726573
              ],
              [
                -53.94117866868514,
                -27.45732868196451
              ],
              [
                -53.94117866906664,
                -27.45732868205281
              ],
              [
                -53.9411786693813,
                -27.45732868226453
              ],
              [
                -53.94117866958129,
                -27.457328682567507
              ],
              [
                -53.941178669636216,
                -27.45732868291567
              ],
              [
                -53.94113507376429,
                -27.458017883776712
              ],
              [
                -53.94113507366338,
                -27.458017884121595
              ],
              [
                -53.94113507342056,
                -27.458017884404676
              ],
              [
                -53.94113507307377,
                -27.458017884581725
              ],
              [
                -53.94113507267715,
                -27.458017884625075
              ],
              [
                -53.940229678601014,
                -27.457955574493912
              ],
              [
                -53.940229678306,
                -27.457955574433033
              ],
              [
                -53.940229678044425,
                -27.457955574296953
              ],
              [
                -53.94022323904211,
                -27.457950945643933
              ],
              [
                -53.94021355322173,
                -27.457946219440142
              ],
              [
                -53.94020308321895,
                -27.457943095466312
              ],
              [
                -53.94019215892796,
                -27.457941672161716
              ],
              [
                -53.94017435805962,
                -27.45794077956668
              ],
              [
                -53.94016217710504,
                -27.45794123646172
              ],
              [
                -53.94015033017351,
                -27.457943804441463
              ],
              [
                -53.94013927248558,
                -27.457948384821954
              ],
              [
                -53.94012942898151,
                -27.457954801582023
              ],
              [
                -53.94012117794156,
                -27.457962808129455
              ],
              [
                -53.94011483644866,
                -27.457972096777432
              ],
              [
                -53.94011064820318,
                -27.457982310568692
              ],
              [
                -53.940108774157636,
                -27.45799305699308
              ],
              [
                -53.940109286331214,
                -27.458003923071587
              ],
              [
                -53.94011216504208,
                -27.45801449122686
              ],
              [
                -53.940117299663534,
                -27.45802435533037
              ],
              [
                -53.940124492875405,
                -27.45803313630996
              ],
              [
                -53.94013346824668,
                -27.45804049671713
              ],
              [
                -53.940138236257084,
                -27.458043087088523
              ],
              [
                -53.94013823652922,
                -27.45804308730506
              ],
              [
                -53.940138236697535,
                -27.45804308759365
              ],
              [
                -53.940138236740125,
                -27.458043087916735
              ],
              [
                -53.94010648471047,
                -27.458482993211867
              ],
              [
                -53.94010689763626,
                -27.45849386269579
              ],
              [
                -53.940109679750336,
                -27.458504451420257
              ],
              [
                -53.94011472413995,
                -27.45851435251089
              ],
              [
                -53.94012183695238,
                -27.45852318547403
              ],
              [
                -53.940130744846435,
                -27.45853061086353
              ],
              [
                -53.94014110549665,
                -27.458536343325576
              ],
              [
                -53.94015252074869,
                -27.458540162564606
              ],
              [
                -53.94016455192014,
                -27.458541921809225
              ],
              [
                -53.94017673665935,
                -27.45854155345264
              ],
              [
                -53.94018860671277,
                -27.458539071650648
              ],
              [
                -53.94019970592043,
                -27.458534571777655
              ],
              [
                -53.94020960774547,
                -27.4585282267616
              ],
              [
                -53.940217931666275,
                -27.458520280438105
              ],
              [
                -53.94022435779925,
                -27.458511038180333
              ],
              [
                -53.94022863919213,
                -27.45850085516319
              ],
              [
                -53.94023061132198,
                -27.458490122670632
              ],
              [
                -53.94026100585331,
                -27.458069018138584
              ],
              [
                -53.94026100595638,
                -27.458069017796024
              ],
              [
                -53.94026100619957,
                -27.458069017515392
              ],
              [
                -53.94026100654526,
                -27.458069017340133
              ],
              [
                -53.94026100693998,
                -27.458069017297348
              ],
              [
                -53.94112769094055,
                -27.458128663156458
              ],
              [
                -53.94112769131728,
                -27.458128663250054
              ],
              [
                -53.94112769162601,
                -27.45812866346419
              ],
              [
                -53.941127691820526,
                -27.45812866376682
              ],
              [
                -53.94112769187174,
                -27.458128664112674
              ],
              [
                -53.94109127462307,
                -27.458641353660955
              ],
              [
                -53.94109169997162,
                -27.458652222755887
              ],
              [
                -53.94109449418811,
                -27.458662808936996
              ],
              [
                -53.94109954989469,
                -27.45867270542764
              ],
              [
                -53.94110667280381,
                -27.45868153191097
              ],
              [
                -53.941115589186225,
                -27.45868894918984
              ],
              [
                -53.94112595639022,
                -27.458694672222084
              ],
              [
                -53.941137376009664,
                -27.458698481074563
              ],
              [
                -53.94114940919438,
                -27.458700229375044
              ],
              [
                -53.9411615935151,
                -27.45869984993728
              ],
              [
                -53.94117346073469,
                -27.458697357342878
              ],
              [
                -53.94118455480179,
                -27.45869284738111
              ],
              [
                -53.94119444937727,
                -27.458686493367477
              ],
              [
                -53.94120276421801,
                -27.458678539483493
              ],
              [
                -53.94120917978942,
                -27.458669291392777
              ],
              [
                -53.94121344954508,
                -27.458659104494455
              ],
              [
                -53.94121540940923,
                -27.4586483702216
              ],
              [
                -53.94125183553452,
                -27.45813554755925
              ],
              [
                -53.94125183563396,
                -27.458135547222483
              ],
              [
                -53.94125183586902,
                -27.45813554694444
              ],
              [
                -53.94125183620466,
                -27.45813554676658
              ],
              [
                -53.941251836590816,
                -27.458135546715408
              ],
              [
                -53.94228176217777,
                -27.458178598575717
              ],
              [
                -53.94229393783067,
                -27.45817804030824
              ],
              [
                -53.9423057573912,
                -27.458175373829626
              ],
              [
                -53.94231676668975,
                -27.45817070160898
              ],
              [
                -53.94232654264452,
                -27.458164203197512
              ],
              [
                -53.942334709571085,
                -27.458156128325744
              ],
              [
                -53.942340953619095,
                -27.45814678730679
              ],
              [
                -53.94234503483369,
                -27.45813653911103
              ],
              [
                -53.94234679637666,
                -27.45812577757101
              ],
              [
                -53.94234617055357,
                -27.45811491624673
              ],
              [
                -53.94234318141514,
                -27.458104372532695
              ],
              [
                -53.94233794383284,
                -27.458094551617727
              ]
            ]
          ],
          [
            [
              [
                -53.95100322828056,
                -27.449008660325262
              ],
              [
                -53.951000744406734,
                -27.44899801286337
              ],
              [
                -53.950995979885384,
                -27.448988002298066
              ],
              [
                -53.95098911781488,
                -27.448979013329577
              ],
              [
                -53.950980421865275,
                -27.44897139136734
              ],
              [
                -53.95036421416229,
                -27.44852830421042
              ],
              [
                -53.95036421392619,
                -27.448528303966796
              ],
              [
                -53.9503642138011,
                -27.448528303664695
              ],
              [
                -53.95036421380297,
                -27.448528303342645
              ],
              [
                -53.95036421393154,
                -27.448528303041716
              ],
              [
                -53.95057840852484,
                -27.448212172071866
              ],
              [
                -53.95058195243434,
                -27.44820557651392
              ],
              [
                -53.950581952486736,
                -27.448205576428563
              ],
              [
                -53.95061454225282,
                -27.448158679343305
              ],
              [
                -53.950614542535796,
                -27.448158679077498
              ],
              [
                -53.95061454291397,
                -27.448158678934124
              ],
              [
                -53.95061454332485,
                -27.448158678936878
              ],
              [
                -53.950614543700596,
                -27.448158679085292
              ],
              [
                -53.95148765813784,
                -27.448716535103397
              ],
              [
                -53.95149821719926,
                -27.44872197031693
              ],
              [
                -53.95150976188822,
                -27.44872546330974
              ],
              [
                -53.95152184859141,
                -27.448726879870115
              ],
              [
                -53.95153401282301,
                -27.448726165560437
              ],
              [
                -53.95154578711752,
                -27.448723347831322
              ],
              [
                -53.95155671899511,
                -27.448718534966698
              ],
              [
                -53.95156638834926,
                -27.448711911922555
              ],
              [
                -53.95157442359213,
                -27.44870373321903
              ],
              [
                -53.951580515933934,
                -27.448694313159443
              ],
              [
                -53.9515844312498,
                -27.44868401375167
              ],
              [
                -53.95158601907693,
                -27.448673230796242
              ],
              [
                -53.951585218396694,
                -27.44866237867615
              ],
              [
                -53.95158205997948,
                -27.448651874432205
              ],
              [
                -53.95157666520203,
                -27.4486421217364
              ],
              [
                -53.951569241383005,
                -27.448633495379056
              ],
              [
                -53.951560073778246,
                -27.44862632683669
              ],
              [
                -53.95066583794741,
                -27.4480549757999
              ],
              [
                -53.95066583768553,
                -27.448054975554165
              ],
              [
                -53.95066583754385,
                -27.448054975239536
              ],
              [
                -53.95066583754244,
                -27.448054974900465
              ],
              [
                -53.95066583768146,
                -27.448054974584892
              ],
              [
                -53.95096992561654,
                -27.44762570008101
              ],
              [
                -53.95097539669628,
                -27.447615981240904
              ],
              [
                -53.95097863735849,
                -27.447605496955703
              ],
              [
                -53.950979523089345,
                -27.447594650090952
              ],
              [
                -53.95097801985142,
                -27.447583857485558
              ],
              [
                -53.95097418541396,
                -27.44757353389316
              ],
              [
                -53.95096816713277,
                -27.447564076043406
              ],
              [
                -53.950960196287305,
                -27.44755584739586
              ],
              [
                -53.95095057919271,
                -27.447549164172507
              ],
              [
                -53.95093968542837,
                -27.44754428320564
              ],
              [
                -53.950927933635064,
                -27.447541392067833
              ],
              [
                -53.950915775426886,
                -27.44754060186379
              ],
              [
                -53.950903678036426,
                -27.447541942960594
              ],
              [
                -53.95089210635882,
                -27.447545363820822
              ],
              [
                -53.95088150508672,
                -27.447550732982922
              ],
              [
                -53.95087228162073,
                -27.4475578441133
              ],
              [
                -53.95086479038275,
                -27.447566423970674
              ],
              [
                -53.95056455386101,
                -27.447990260929227
              ],
              [
                -53.95056455357728,
                -27.447990261191755
              ],
              [
                -53.95056455320021,
                -27.447990261332578
              ],
              [
                -53.95056455279146,
                -27.447990261328655
              ],
              [
                -53.95056455241787,
                -27.447990261180653
              ],
              [
                -53.949384884837414,
                -27.44723652271306
              ],
              [
                -53.94938488456654,
                -27.4472365224546
              ],
              [
                -53.94938488442796,
                -27.44723652212306
              ],
              [
                -53.94938488444302,
                -27.447236521769476
              ],
              [
                -53.94960260461311,
                -27.446426766658323
              ],
              [
                -53.94960260476371,
                -27.446426766356968
              ],
              [
                -53.9496026050257,
                -27.446426766124112
              ],
              [
                -53.94960260536406,
                -27.44642676599091
              ],
              [
                -53.94960260573347,
                -27.446426765975193
              ],
              [
                -53.94960260608448,
                -27.446426766079068
              ],
              [
                -53.95027080204209,
                -27.446755719248983
              ],
              [
                -53.95027080237878,
                -27.446755719517544
              ],
              [
                -53.95027080255078,
                -27.446755719890103
              ],
              [
                -53.950270802523754,
                -27.446755720292312
              ],
              [
                -53.9500974634461,
                -27.44728321753562
              ],
              [
                -53.950095197084856,
                -27.447293903593778
              ],
              [
                -53.950095311049424,
                -27.44730477873557
              ],
              [
                -53.95009780095161,
                -27.447315425079065
              ],
              [
                -53.950102571106505,
                -27.447325433491137
              ],
              [
                -53.95010943820014,
                -27.447334419353794
              ],
              [
                -53.950118138334176,
                -27.447342037345138
              ],
              [
                -53.95012833716723,
                -27.447347994709666
              ],
              [
                -53.95013964276361,
                -27.447352062509008
              ],
              [
                -53.95015162065493,
                -27.447354084419683
              ],
              [
                -53.95016381053698,
                -27.447353982740786
              ],
              [
                -53.950175743958745,
                -27.447351761379803
              ],
              [
                -53.950186962324786,
                -27.447347505702595
              ],
              [
                -53.950197034519285,
                -27.447341379252673
              ],
              [
                -53.95020557347318,
                -27.44733361746642
              ],
              [
                -53.95021225103937,
                -27.4473245186252
              ],
              [
                -53.95021681062174,
                -27.447314432351313
              ],
              [
                -53.95038210294706,
                -27.446811421005602
              ],
              [
                -53.95038210310735,
                -27.446811420719474
              ],
              [
                -53.950382103369506,
                -27.44681142050126
              ],
              [
                -53.950382103700555,
                -27.44681142037841
              ],
              [
                -53.95038210405884,
                -27.446811420366373
              ],
              [
                -53.950382104399296,
                -27.446811420466684
              ],
              [
                -53.95106191000292,
                -27.44714057299134
              ],
              [
                -53.95107314259874,
                -27.44714479874083
              ],
              [
                -53.951085083381486,
                -27.447146988259693
              ],
              [
                -53.951097273518876,
                -27.447147057423187
              ],
              [
                -53.95110924455015,
                -27.447145003573453
              ],
              [
                -53.95112053643461,
                -27.447140905638932
              ],
              [
                -53.951130715230995,
                -27.447134921101224
              ],
              [
                -53.95113938977373,
                -27.447127279943018
              ],
              [
                -53.95114622670498,
                -27.44711827581011
              ],
              [
                -53.95115096328567,
                -27.447108254726462
              ],
              [
                -53.95115341749215,
                -27.44709760179693
              ],
              [
                -53.95115349501134,
                -27.447086726407694
              ],
              [
                -53.95115119286489,
                -27.447076046493777
              ],
              [
                -53.951146599523625,
                -27.447065972478153
              ],
              [
                -53.95113989150753,
                -27.44705689149932
              ],
              [
                -53.95113132660213,
                -27.447049152533925
              ],
              [
                -53.95112123391045,
                -27.447043052960705
              ],
              [
                -53.95041794382141,
                -27.446702529493912
              ],
              [
                -53.950417943481014,
                -27.446702529225483
              ],
              [
                -53.95041794330678,
                -27.44670252885117
              ],
              [
                -53.95041794333386,
                -27.446702528446597
              ],
              [
                -53.95080296045363,
                -27.445535619519923
              ],
              [
                -53.95080342841029,
                -27.44553342625445
              ],
              [
                -53.950803428438824,
                -27.445533426153066
              ],
              [
                -53.95080417770964,
                -27.44553129597393
              ],
              [
                -53.95080456550565,
                -27.445528096818666
              ],
              [
                -53.95080456551762,
                -27.445528096746994
              ],
              [
                -53.950805239961355,
                -27.445524935697023
              ],
              [
                -53.95080521932109,
                -27.445522703170372
              ],
              [
                -53.95080521932692,
                -27.445522703065958
              ],
              [
                -53.95080548839022,
                -27.445520483405733
              ],
              [
                -53.9508051691694,
                -27.445517278224766
              ],
              [
                -53.950805169165456,
                -27.44551727815238
              ],
              [
                -53.95080513941705,
                -27.445514060452993
              ],
              [
                -53.950804630982546,
                -27.44551187441618
              ],
              [
                -53.95080463096542,
                -27.445511874312764
              ],
              [
                -53.95080440948143,
                -27.445509650471717
              ],
              [
                -53.95080339551142,
                -27.44550656243834
              ],
              [
                -53.95080339549174,
                -27.445506562368035
              ],
              [
                -53.950802662694606,
                -27.44550341167358
              ],
              [
                -53.95080168600483,
                -27.445501356134734
              ],
              [
                -53.95080168596544,
                -27.445501356036296
              ],
              [
                -53.950800982445784,
                -27.44549921347538
              ],
              [
                -53.95079931269305,
                -27.44549636126093
              ],
              [
                -53.95079931265838,
                -27.445496361195396
              ],
              [
                -53.95079790497367,
                -27.44549339858521
              ],
              [
                -53.950796497562365,
                -27.445491552537504
              ],
              [
                -53.950796497502196,
                -27.445491552447805
              ],
              [
                -53.95079533898288,
                -27.44548957350442
              ],
              [
                -53.95079307761521,
                -27.445487066717792
              ],
              [
                -53.95079307756687,
                -27.445487066659553
              ],
              [
                -53.950791049091265,
                -27.445484405985056
              ],
              [
                -53.95078926504451,
                -27.445482840370996
              ],
              [
                -53.95078926496589,
                -27.445482840293497
              ],
              [
                -53.95078769593688,
                -27.44548110098252
              ],
              [
                -53.950785977845634,
                -27.44547953860122
              ],
              [
                -53.95077835199385,
                -27.44547364635467
              ],
              [
                -53.950769758573585,
                -27.445468931747737
              ],
              [
                -53.94994045585443,
                -27.445092976251736
              ],
              [
                -53.949940455583096,
                -27.44509297607225
              ],
              [
                -53.94994045539321,
                -27.44509297582305
              ],
              [
                -53.94994034172879,
                -27.44509275426745
              ],
              [
                -53.94993323419975,
                -27.445083963953028
              ],
              [
                -53.949924346580396,
                -27.445076574329967
              ],
              [
                -53.94991401810603,
                -27.445070867455698
              ],
              [
                -53.94990264296174,
                -27.445067061142552
              ],
              [
                -53.94989287886308,
                -27.445064734600816
              ],
              [
                -53.94988084985421,
                -27.4450629717518
              ],
              [
                -53.949868666545186,
                -27.445063336451796
              ],
              [
                -53.94985679708381,
                -27.44506581467847
              ],
              [
                -53.949845697606236,
                -27.445070311195124
              ],
              [
                -53.949835794658796,
                -27.44507665320342
              ],
              [
                -53.949827468806,
                -27.445084596983833
              ],
              [
                -53.94982104000583,
                -27.44509383726166
              ],
              [
                -53.949816755313805,
                -27.445104018938444
              ],
              [
                -53.94981477938884,
                -27.445114750738185
              ],
              [
                -53.94981518816526,
                -27.44512562024392
              ],
              [
                -53.94981796593473,
                -27.445136209746554
              ],
              [
                -53.9498230059497,
                -27.445146112297266
              ],
              [
                -53.94982359354313,
                -27.445146842600675
              ],
              [
                -53.94982359371407,
                -27.445146842953793
              ],
              [
                -53.949823593704544,
                -27.445146843338343
              ],
              [
                -53.94958044233814,
                -27.44604483163774
              ],
              [
                -53.94957875505251,
                -27.44605560262405
              ],
              [
                -53.949579455508605,
                -27.446066460278036
              ],
              [
                -53.94958251678207,
                -27.446076987390143
              ],
              [
                -53.949587821230466,
                -27.446086779409143
              ],
              [
                -53.949595165007175,
                -27.446095460032964
              ],
              [
                -53.949604265895175,
                -27.44610269566985
              ],
              [
                -53.94961477415218,
                -27.446108208257957
              ],
              [
                -53.94962628595151,
                -27.44611178595143
              ],
              [
                -53.94963835890051,
                -27.44611329126135
              ],
              [
                -53.94965052904187,
                -27.446112666339477
              ],
              [
                -53.949662328683154,
                -27.446109935201296
              ],
              [
                -53.949673304370265,
                -27.446105202803096
              ],
              [
                -53.94968303431329,
                -27.446098651008562
              ],
              [
                -53.9496911445958,
                -27.446090531599825
              ],
              [
                -53.9496973235444,
                -27.446081156601466
              ],
              [
                -53.94970133372232,
                -27.446070886247615
              ],
              [
                -53.949933302336795,
                -27.445214193982792
              ],
              [
                -53.94993330248384,
                -27.44521419368696
              ],
              [
                -53.949933302738486,
                -27.445214193456497
              ],
              [
                -53.9499333030679,
                -27.445214193321064
              ],
              [
                -53.949933303429724,
                -27.445214193298096
              ],
              [
                -53.94993330377733,
                -27.445214193390544
              ],
              [
                -53.950669282591456,
                -27.445547841481442
              ],
              [
                -53.95066928287046,
                -27.445547841668123
              ],
              [
                -53.95066928306175,
                -27.445547841928295
              ],
              [
                -53.95066928314255,
                -27.445547842230962
              ],
              [
                -53.95066928310326,
                -27.445547842540122
              ],
              [
                -53.95030672619165,
                -27.44664667526877
              ],
              [
                -53.9503067260303,
                -27.446646675555595
              ],
              [
                -53.95030672576657,
                -27.446646675773856
              ],
              [
                -53.95030672543389,
                -27.4466466758959
              ],
              [
                -53.95030672507436,
                -27.44664667590629
              ],
              [
                -53.95030672473352,
                -27.446646675803713
              ],
              [
                -53.94960030791061,
                -27.446298906141042
              ],
              [
                -53.9496003077339,
                -27.44629890603058
              ],
              [
                -53.9495976088502,
                -27.44629680234008
              ],
              [
                -53.94958708710908,
                -27.446291396230972
              ],
              [
                -53.949575588413985,
                -27.446287917289506
              ],
              [
                -53.94956355115136,
                -27.446286498150005
              ],
              [
                -53.94955143424052,
                -27.446287192917026
              ],
              [
                -53.949539699637036,
                -27.446289975102736
              ],
              [
                -53.9495287947215,
                -27.446294738636663
              ],
              [
                -53.9495191352427,
                -27.446301301909653
              ],
              [
                -53.949511089467535,
                -27.446309414697645
              ],
              [
                -53.94950496414079,
                -27.44631876770143
              ],
              [
                -53.94950099277429,
                -27.44632900438045
              ],
              [
                -53.9492541833034,
                -27.44724694622582
              ],
              [
                -53.94925415505238,
                -27.44724712870417
              ],
              [
                -53.94925415500832,
                -27.447247128870448
              ],
              [
                -53.94925408870417,
                -27.447247303278363
              ],
              [
                -53.949253321345246,
                -27.447252513764425
              ],
              [
                -53.94925332134435,
                -27.447252513770334
              ],
              [
                -53.949252515382966,
                -27.447257719615717
              ],
              [
                -53.94925252757536,
                -27.447257903460432
              ],
              [
                -53.949252527568504,
                -27.44725790363118
              ],
              [
                -53.94925250067709,
                -27.447258086228064
              ],
              [
                -53.94925288746787,
                -27.447263330154193
              ],
              [
                -53.94925288746829,
                -27.447263330160148
              ],
              [
                -53.94925323538365,
                -27.447268576253393
              ],
              [
                -53.94925328754408,
                -27.447268754443506
              ],
              [
                -53.9492532875747,
                -27.447268754612164
              ],
              [
                -53.94925330112944,
                -27.447268938380933
              ],
              [
                -53.949254827206126,
                -27.44727401422592
              ],
              [
                -53.94925482720783,
                -27.447274014231674
              ],
              [
                -53.94925631563005,
                -27.44727909896833
              ],
              [
                -53.94925640575406,
                -27.447279264656093
              ],
              [
                -53.94925640582097,
                -27.44727926481619
              ],
              [
                -53.94925645930099,
                -27.447279442694686
              ],
              [
                -53.94925906601748,
                -27.447284155396417
              ],
              [
                -53.949259066020424,
                -27.447284155401768
              ],
              [
                -53.94926163775063,
                -27.447288883378324
              ],
              [
                -53.94926176237479,
                -27.44728903019646
              ],
              [
                -53.94926176247543,
                -27.447289030341828
              ],
              [
                -53.94926185382552,
                -27.447289195494278
              ],
              [
                -53.949265441007455,
                -27.447293363946315
              ],
              [
                -53.9492654410115,
                -27.447293363951054
              ],
              [
                -53.94926899721963,
                -27.447297553473696
              ],
              [
                -53.949269151554724,
                -27.447297675780035
              ],
              [
                -53.949269151685215,
                -27.447297675905094
              ],
              [
                -53.949269277394855,
                -27.447297821984805
              ],
              [
                -53.94927370718922,
                -27.44730128599595
              ],
              [
                -53.94927370719424,
                -27.4473012859999
              ],
              [
                -53.949278111216955,
                -27.447304776067227
              ],
              [
                -53.94927828933195,
                -27.447304869161616
              ],
              [
                -53.949278289487275,
                -27.447304869261547
              ],
              [
                -53.94927844476309,
                -27.447304990684128
              ],
              [
                -53.95051320366798,
                -27.44809392960381
              ],
              [
                -53.95051320392868,
                -27.448093929847897
              ],
              [
                -53.950513204070674,
                -27.448093930160358
              ],
              [
                -53.95051320407413,
                -27.448093930497507
              ],
              [
                -53.95051320393855,
                -27.44809393081222
              ],
              [
                -53.950471780569075,
                -27.448153539476603
              ],
              [
                -53.95046918036912,
                -27.44815825951525
              ],
              [
                -53.95046918036621,
                -27.44815825952046
              ],
              [
                -53.950467136093145,
                -27.448161910552724
              ],
              [
                -53.95046713605392,
                -27.448161910616253
              ],
              [
                -53.95026604982862,
                -27.44845869443912
              ],
              [
                -53.95026604953741,
                -27.448458694715004
              ],
              [
                -53.950266049144865,
                -27.448458694859806
              ],
              [
                -53.950266048720295,
                -27.44845869484795
              ],
              [
                -53.95026604833867,
                -27.448458694681534
              ],
              [
                -53.94924149908983,
                -27.447739995835754
              ],
              [
                -53.94923122375447,
                -27.447734143893175
              ],
              [
                -53.9492198662226,
                -27.447730192813147
              ],
              [
                -53.94920786291511,
                -27.447728294409337
              ],
              [
                -53.94919567511174,
                -27.44772852163628
              ],
              [
                -53.9491837711823,
                -27.447730865761844
              ],
              [
                -53.9491726085875,
                -27.447735236702744
              ],
              [
                -53.94916261629909,
                -27.44774146648651
              ],
              [
                -53.94915417831503,
                -27.447749315706275
              ],
              [
                -53.949147618902366,
                -27.447758482721266
              ],
              [
                -53.94914319013599,
                -27.447768615248485
              ],
              [
                -53.94914106221148,
                -27.447779323900754
              ],
              [
                -53.94914131690444,
                -27.447790197150606
              ],
              [
                -53.949143944427846,
                -27.447800817145122
              ],
              [
                -53.94914884380806,
                -27.447810775763678
              ],
              [
                -53.94915582676508,
                -27.447819690301856
              ],
              [
                -53.94916462498391,
                -27.447827218209476
              ],
              [
                -53.95024415915014,
                -27.448584487519007
              ],
              [
                -53.95024415915967,
                -27.448584487525782
              ],
              [
                -53.95090237405283,
                -27.449057780567234
              ],
              [
                -53.950912569678856,
                -27.44906374258349
              ],
              [
                -53.95092387312119,
                -27.449067815514535
              ],
              [
                -53.950935850036124,
                -27.449069842864162
              ],
              [
                -53.95094804015678,
                -27.449069746722415
              ],
              [
                -53.950959975023096,
                -27.449067530784006
              ],
              [
                -53.95097119598418,
                -27.44906328020638
              ],
              [
                -53.950981271824304,
                -27.449057158337148
              ],
              [
                -53.950989815334474,
                -27.449049400436568
              ],
              [
                -53.95099649819242,
                -27.449040304636725
              ],
              [
                -53.95100106357997,
                -27.449030220484335
              ],
              [
                -53.951003336052416,
                -27.44901953550796
              ],
              [
                -53.95100322828056,
                -27.449008660325262
              ]
            ]
          ],
          [
            [
              [
                -53.946855023513685,
                -27.446636356021852
              ],
              [
                -53.94716418948982,
                -27.446314751056835
              ],
              [
                -53.94716418953091,
                -27.446314751016615
              ],
              [
                -53.947502826811494,
                -27.44600272399306
              ],
              [
                -53.94750345388609,
                -27.446002019420284
              ],
              [
                -53.94750345399936,
                -27.446002019312488
              ],
              [
                -53.94750420161321,
                -27.446001415547627
              ],
              [
                -53.94821991844793,
                -27.445297782383538
              ],
              [
                -53.94822718623362,
                -27.445289050968434
              ],
              [
                -53.948232405037146,
                -27.44527922239161
              ],
              [
                -53.94823537433308,
                -27.44526867432416
              ],
              [
                -53.94823598001367,
                -27.445257812122502
              ],
              [
                -53.948234198803654,
                -27.445247053214956
              ],
              [
                -53.948230099154564,
                -27.445236811060138
              ],
              [
                -53.948223838614126,
                -27.4452274792581
              ],
              [
                -53.94821565777169,
                -27.445219416424475
              ],
              [
                -53.94820587101237,
                -27.445212932409063
              ],
              [
                -53.94819485443572,
                -27.445208276388765
              ],
              [
                -53.94818303140198,
                -27.445205627291546
              ],
              [
                -53.948170856263104,
                -27.44520508692068
              ],
              [
                -53.94815879690221,
                -27.445206676042307
              ],
              [
                -53.94814731675313,
                -27.44521033358753
              ],
              [
                -53.94813685699094,
                -27.445215918999192
              ],
              [
                -53.94812781954132,
                -27.44522321766316
              ],
              [
                -53.94745377480336,
                -27.445885882004628
              ],
              [
                -53.94745377448704,
                -27.4458858822138
              ],
              [
                -53.947453774105156,
                -27.4458858822993
              ],
              [
                -53.94745377371563,
                -27.445885882248152
              ],
              [
                -53.94745377337755,
                -27.445885882068126
              ],
              [
                -53.94713332139852,
                -27.445627902791774
              ],
              [
                -53.9471332481833,
                -27.44562785456898
              ],
              [
                -53.94713324803818,
                -27.44562785445248
              ],
              [
                -53.94713318657892,
                -27.445627794572687
              ],
              [
                -53.946912245470855,
                -27.44545096480839
              ],
              [
                -53.946912245461384,
                -27.445450964800713
              ],
              [
                -53.94689202696108,
                -27.445434365955226
              ],
              [
                -53.94689202695245,
                -27.445434365948053
              ],
              [
                -53.94687219813416,
                -27.44541770190201
              ],
              [
                -53.94687180186756,
                -27.445417429018562
              ],
              [
                -53.94687180173406,
                -27.44541742890816
              ],
              [
                -53.94687146674567,
                -27.44541709704687
              ],
              [
                -53.94684500879591,
                -27.445395565729317
              ],
              [
                -53.94684500875144,
                -27.445395565690834
              ],
              [
                -53.94681859965314,
                -27.44537126704164
              ],
              [
                -53.946817198486876,
                -27.445370208489724
              ],
              [
                -53.94681719838735,
                -27.445370208403403
              ],
              [
                -53.946815972977696,
                -27.44536898857815
              ],
              [
                -53.94650016823585,
                -27.445110750364755
              ],
              [
                -53.946500167986116,
                -27.44511075004752
              ],
              [
                -53.946500167908724,
                -27.445110749666046
              ],
              [
                -53.946500168017984,
                -27.44511074929084
              ],
              [
                -53.946500168293696,
                -27.445110748991215
              ],
              [
                -53.946930628414215,
                -27.444808495603823
              ],
              [
                -53.94693666997265,
                -27.444803651041532
              ],
              [
                -53.947211098648296,
                -27.444552810358562
              ],
              [
                -53.94721109903287,
                -27.444552810138813
              ],
              [
                -53.94721109948661,
                -27.444552810092482
              ],
              [
                -53.947211099916885,
                -27.444552810229048
              ],
              [
                -53.947710843681975,
                -27.44483835724716
              ],
              [
                -53.947710843992205,
                -27.444838357526066
              ],
              [
                -53.947710844140055,
                -27.4448383578962
              ],
              [
                -53.94771084409746,
                -27.44483835828728
              ],
              [
                -53.9477108438725,
                -27.444838358625095
              ],
              [
                -53.9474377030691,
                -27.445096967062252
              ],
              [
                -53.94743025287881,
                -27.445105575241964
              ],
              [
                -53.94742482822312,
                -27.445115314701493
              ],
              [
                -53.947421637538426,
                -27.445125811194444
              ],
              [
                -53.947420803441595,
                -27.445136661346528
              ],
              [
                -53.947422357987186,
                -27.445147448192486
              ],
              [
                -53.947426241435544,
                -27.445157757199766
              ],
              [
                -53.947432304548435,
                -27.44516719219874
              ],
              [
                -53.94744031432414,
                -27.44517539060742
              ],
              [
                -53.94744996295152,
                -27.44518203736525
              ],
              [
                -53.947460879638925,
                -27.445186877040754
              ],
              [
                -53.94747264486381,
                -27.44518972364774
              ],
              [
                -53.94748480649451,
                -27.445190467792543
              ],
              [
                -53.94749689716562,
                -27.445189080878166
              ],
              [
                -53.94750845223892,
                -27.445185616203023
              ],
              [
                -53.947519027658814,
                -27.445180206912895
              ],
              [
                -53.94752821705515,
                -27.445173060854824
              ],
              [
                -53.94781794245402,
                -27.444898749903917
              ],
              [
                -53.947817942835094,
                -27.44489874967787
              ],
              [
                -53.94781794328883,
                -27.444898749624898
              ],
              [
                -53.94781794372227,
                -27.444898749755854
              ],
              [
                -53.94796120665591,
                -27.444977968416698
              ],
              [
                -53.94797214768071,
                -27.444982764203974
              ],
              [
                -53.94798392712806,
                -27.44498556351502
              ],
              [
                -53.947996092364484,
                -27.444986258793417
              ],
              [
                -53.94800817588616,
                -27.44498482332001
              ],
              [
                -53.94801971332947,
                -27.444981312259337
              ],
              [
                -53.9480302613163,
                -27.44497586053979
              ],
              [
                -53.94803941449331,
                -27.444968677668108
              ],
              [
                -53.94804682110891,
                -27.44496003967839
              ],
              [
                -53.94805219653128,
                -27.44495027852396
              ],
              [
                -53.94805533418642,
                -27.444939769320772
              ],
              [
                -53.94805611349665,
                -27.444928915931705
              ],
              [
                -53.948054504514204,
                -27.444918135446365
              ],
              [
                -53.948050569072,
                -27.444907842152666
              ],
              [
                -53.94804445840742,
                -27.44489843161583
              ],
              [
                -53.94803640735015,
                -27.44489026547728
              ],
              [
                -53.94802672525821,
                -27.444883657529747
              ],
              [
                -53.94784067395581,
                -27.444780778578043
              ],
              [
                -53.947840673943176,
                -27.444780778570927
              ],
              [
                -53.94729816426574,
                -27.44447079603322
              ],
              [
                -53.947298164004366,
                -27.44447079581741
              ],
              [
                -53.947298163843094,
                -27.44447079553412
              ],
              [
                -53.94729816380196,
                -27.44447079521851
              ],
              [
                -53.947298163886046,
                -27.44447079490977
              ],
              [
                -53.947298164084934,
                -27.444470794646204
              ],
              [
                -53.94734859414485,
                -27.444424358853293
              ],
              [
                -53.947358132068025,
                -27.444412953858375
              ],
              [
                -53.94767217082085,
                -27.443914886840027
              ],
              [
                -53.94767217099796,
                -27.443914886480613
              ],
              [
                -53.947672171095114,
                -27.443914886326542
              ],
              [
                -53.94767217134743,
                -27.443914886004848
              ],
              [
                -53.94768222131086,
                -27.443898946049714
              ],
              [
                -53.947683651605004,
                -27.4438965412591
              ],
              [
                -53.94800799626467,
                -27.443317317205167
              ],
              [
                -53.94800799626578,
                -27.44331731720321
              ],
              [
                -53.9480100871547,
                -27.443313605740432
              ],
              [
                -53.94801008741328,
                -27.44331360545075
              ],
              [
                -53.94801008778056,
                -27.4433136052782
              ],
              [
                -53.94801008819458,
                -27.443313605251877
              ],
              [
                -53.948010088585555,
                -27.443313605376222
              ],
              [
                -53.94853813831257,
                -27.443601932347452
              ],
              [
                -53.94853813860427,
                -27.443601932588507
              ],
              [
                -53.94853813876918,
                -27.443601932911292
              ],
              [
                -53.94853813878183,
                -27.443601933265864
              ],
              [
                -53.94853813864022,
                -27.44360193359734
              ],
              [
                -53.948156185261986,
                -27.44414294310326
              ],
              [
                -53.94815073065529,
                -27.44415266926243
              ],
              [
                -53.94814750768115,
                -27.444163157888987
              ],
              [
                -53.94814664017491,
                -27.44417400595086
              ],
              [
                -53.94814816147506,
                -27.444184796563082
              ],
              [
                -53.94815201311954,
                -27.44419511504838
              ],
              [
                -53.94815804709231,
                -27.444204564872862
              ],
              [
                -53.94816603151152,
                -27.444212782884847
              ],
              [
                -53.94817565954043,
                -27.444219453270417
              ],
              [
                -53.948186561179085,
                -27.44422431969011
              ],
              [
                -53.94819831748309,
                -27.444227195129912
              ],
              [
                -53.94821047666368,
                -27.444227969088203
              ],
              [
                -53.948222571449776,
                -27.44422661182221
              ],
              [
                -53.94823413704474,
                -27.44422317549102
              ],
              [
                -53.948244728988755,
                -27.444217792151157
              ],
              [
                -53.94825394023911,
                -27.444210668681617
              ],
              [
                -53.94826141684314,
                -27.444202078798494
              ],
              [
                -53.948644224501614,
                -27.44365985847654
              ],
              [
                -53.948644224770234,
                -27.44365985822278
              ],
              [
                -53.94864422512673,
                -27.443659858079027
              ],
              [
                -53.94864422551771,
                -27.443659858066813
              ],
              [
                -53.948644225884614,
                -27.443659858187957
              ],
              [
                -53.94916523926726,
                -27.44394433976984
              ],
              [
                -53.94916523954002,
                -27.44394433998828
              ],
              [
                -53.94916523970755,
                -27.44394434027913
              ],
              [
                -53.949165239747806,
                -27.44394434060416
              ],
              [
                -53.949165239655514,
                -27.443944340920623
              ],
              [
                -53.94889904161049,
                -27.444452991968685
              ],
              [
                -53.948894991836724,
                -27.444463249938572
              ],
              [
                -53.94889326299314,
                -27.444474015637482
              ],
              [
                -53.948893921502375,
                -27.444484875387673
              ],
              [
                -53.94889694205894,
                -27.44449541185491
              ],
              [
                -53.94890220858513,
                -27.444505220128523
              ],
              [
                -53.9489095186917,
                -27.44451392328174
              ],
              [
                -53.94891859145546,
                -27.444521186856985
              ],
              [
                -53.94892907821505,
                -27.444526731718845
              ],
              [
                -53.94894057596982,
                -27.444530344781118
              ],
              [
                -53.948952642866885,
                -27.44453188719571
              ],
              [
                -53.94896481518155,
                -27.444531299688453
              ],
              [
                -53.948976625137846,
                -27.44452860483702
              ],
              [
                -53.948987618885184,
                -27.44452390620326
              ],
              [
                -53.948997373939726,
                -27.44451738435324
              ],
              [
                -53.94900551541993,
                -27.444509289918383
              ],
              [
                -53.949011730478944,
                -27.4444999339252
              ],
              [
                -53.949301434193345,
                -27.443946366907053
              ],
              [
                -53.94930230270921,
                -27.44394416694897
              ],
              [
                -53.94930230275288,
                -27.44394416685548
              ],
              [
                -53.949303442279806,
                -27.44394206770365
              ],
              [
                -53.949303791935684,
                -27.443940869383884
              ],
              [
                -53.94930379198545,
                -27.443940869254494
              ],
              [
                -53.94930434078926,
                -27.443939731862724
              ],
              [
                -53.94937613866703,
                -27.443738605894488
              ],
              [
                -53.94937710688531,
                -27.443735603825967
              ],
              [
                -53.94951727969114,
                -27.443249918088583
              ],
              [
                -53.949517279704814,
                -27.443249918045623
              ],
              [
                -53.949669668210845,
                -27.442812764748794
              ],
              [
                -53.949670175263485,
                -27.442810570838734
              ],
              [
                -53.94967017529367,
                -27.442810570737972
              ],
              [
                -53.949670962835405,
                -27.442808443767643
              ],
              [
                -53.949671403276895,
                -27.442805257497284
              ],
              [
                -53.949671403290125,
                -27.442805257425547
              ],
              [
                -53.94967212998621,
                -27.442802113164085
              ],
              [
                -53.94967214756096,
                -27.442799873198304
              ],
              [
                -53.949672147568535,
                -27.442799873094227
              ],
              [
                -53.94967245488068,
                -27.442797649916606
              ],
              [
                -53.94967219012868,
                -27.442794448208026
              ],
              [
                -53.94967219012596,
                -27.44279444813536
              ],
              [
                -53.94967221531421,
                -27.44279123780411
              ],
              [
                -53.9496717427459,
                -27.442789037819654
              ],
              [
                -53.949671742730565,
                -27.44278903771626
              ],
              [
                -53.94967155800344,
                -27.442786803766804
              ],
              [
                -53.94967059823241,
                -27.44278370965982
              ],
              [
                -53.94967059821386,
                -27.442783709589037
              ],
              [
                -53.94966992092648,
                -27.44278055655921
              ],
              [
                -53.9496689763758,
                -27.442778481100213
              ],
              [
                -53.94966897633815,
                -27.44277848100147
              ],
              [
                -53.94966830667085,
                -27.442776322129596
              ],
              [
                -53.949666688764424,
                -27.44277345452896
              ],
              [
                -53.949666688730744,
                -27.442773454462756
              ],
              [
                -53.949665334995714,
                -27.44277047990345
              ],
              [
                -53.949663954761306,
                -27.442768608728613
              ],
              [
                -53.9496639547028,
                -27.442768608638325
              ],
              [
                -53.94966282583036,
                -27.442766607808213
              ],
              [
                -53.949660611963886,
                -27.442764076914113
              ],
              [
                -53.94966061191638,
                -27.442764076855035
              ],
              [
                -53.94965863375711,
                -27.442761395076886
              ],
              [
                -53.94965687088065,
                -27.442759800094304
              ],
              [
                -53.94965687080353,
                -27.442759800015935
              ],
              [
                -53.949655326107944,
                -27.4427580341183
              ],
              [
                -53.94965260135915,
                -27.442755937191535
              ],
              [
                -53.94965260129963,
                -27.442755937141857
              ],
              [
                -53.94965007473572,
                -27.442753651203944
              ],
              [
                -53.94964799696356,
                -27.44275239370783
              ],
              [
                -53.94964799687078,
                -27.442752393644394
              ],
              [
                -53.94964609571385,
                -27.442750930541628
              ],
              [
                -53.94964296479327,
                -27.442749348165822
              ],
              [
                -53.94964296472404,
                -27.442749348127464
              ],
              [
                -53.949639986849824,
                -27.442747545876973
              ],
              [
                -53.94963767402956,
                -27.442746674192193
              ],
              [
                -53.94963767392468,
                -27.44274667414613
              ],
              [
                -53.94963548936679,
                -27.4427455700644
              ],
              [
                -53.94963207259385,
                -27.442744563049292
              ],
              [
                -53.94963207251756,
                -27.44274456302372
              ],
              [
                -53.94962875777098,
                -27.44274331372008
              ],
              [
                -53.94962629878288,
                -27.442742861344936
              ],
              [
                -53.94962629866995,
                -27.442742861318006
              ],
              [
                -53.94962391466234,
                -27.442742158686507
              ],
              [
                -53.949620343341515,
                -27.44274176573108
              ],
              [
                -53.94962034326109,
                -27.44274176571927
              ],
              [
                -53.94961681902589,
                -27.44274111737248
              ],
              [
                -53.9496143083673,
                -27.442741101691475
              ],
              [
                -53.949614308250645,
                -27.442741101684724
              ],
              [
                -53.94961181635971,
                -27.442740827499698
              ],
              [
                -53.94855283299167,
                -27.442717639471564
              ],
              [
                -53.94854067605427,
                -27.44271843955437
              ],
              [
                -53.948528927707784,
                -27.442721340241608
              ],
              [
                -53.948518039384055,
                -27.442726230065002
              ],
              [
                -53.94850842951496,
                -27.442732921111656
              ],
              [
                -53.94850046740233,
                -27.44274115624865
              ],
              [
                -53.948494459025746,
                -27.44275061900468
              ],
              [
                -53.94849063528424,
                -27.442760945731482
              ],
              [
                -53.948489143122586,
                -27.44277173957893
              ],
              [
                -53.948490039884454,
                -27.442782585745512
              ],
              [
                -53.94849329110843,
                -27.442793067419032
              ],
              [
                -53.94849877185237,
                -27.44280278179447
              ],
              [
                -53.94850627149475,
                -27.442811355553527
              ],
              [
                -53.94851550182859,
                -27.44281845921118
              ],
              [
                -53.948526108137195,
                -27.442823819777505
              ],
              [
                -53.94853768282564,
                -27.442827231248728
              ],
              [
                -53.948549781134155,
                -27.442828562529265
              ],
              [
                -53.94952646376257,
                -27.442849948671945
              ],
              [
                -53.9495264641259,
                -27.442849948740797
              ],
              [
                -53.94952646443683,
                -27.442849948922113
              ],
              [
                -53.94952646465336,
                -27.44284994919136
              ],
              [
                -53.94952646474628,
                -27.44284994951222
              ],
              [
                -53.949526464703006,
                -27.442849949841357
              ],
              [
                -53.94939806759342,
                -27.44321827820737
              ],
              [
                -53.94939722641248,
                -27.443220920184817
              ],
              [
                -53.94925710588434,
                -27.443706422922354
              ],
              [
                -53.949257105868604,
                -27.44370642297115
              ],
              [
                -53.94920990663892,
                -27.44383864089829
              ],
              [
                -53.94920990646766,
                -27.44383864118512
              ],
              [
                -53.94920990619355,
                -27.443838641399154
              ],
              [
                -53.949209905852214,
                -27.443838641512613
              ],
              [
                -53.94920990548794,
                -27.443838641510762
              ],
              [
                -53.94920990514808,
                -27.44383864139384
              ],
              [
                -53.948656786046506,
                -27.443536629357403
              ],
              [
                -53.94865678596911,
                -27.443536629315144
              ],
              [
                -53.94805696021505,
                -27.4432091112127
              ],
              [
                -53.948056959904996,
                -27.443209110948164
              ],
              [
                -53.94805695974582,
                -27.443209110592726
              ],
              [
                -53.94805695976622,
                -27.4432091102104
              ],
              [
                -53.94819705639124,
                -27.442741878005
              ],
              [
                -53.9481970564002,
                -27.442741877976935
              ],
              [
                -53.94836123433079,
                -27.44225764280417
              ],
              [
                -53.948361234398554,
                -27.442257642654305
              ],
              [
                -53.948614322076935,
                -27.441816587918094
              ],
              [
                -53.948614404665925,
                -27.441816443470017
              ],
              [
                -53.94909610929123,
                -27.440970885345155
              ],
              [
                -53.94910054078377,
                -27.440960753804713
              ],
              [
                -53.94910267172625,
                -27.440950045641486
              ],
              [
                -53.949102420246525,
                -27.44093917232282
              ],
              [
                -53.94909979600952,
                -27.440928551704182
              ],
              [
                -53.949094899863795,
                -27.440918591929794
              ],
              [
                -53.94908791996592,
                -27.440909675747964
              ],
              [
                -53.9490791245496,
                -27.44090214580223
              ],
              [
                -53.94906885161768,
                -27.4408962914639
              ],
              [
                -53.9490574959528,
                -27.440892337711627
              ],
              [
                -53.94904549394638,
                -27.44089043648578
              ],
              [
                -53.94903330682791,
                -27.44089066084932
              ],
              [
                -53.94902140294097,
                -27.440893002180143
              ],
              [
                -53.949010239744624,
                -27.440897370502405
              ],
              [
                -53.94900024623382,
                -27.440903597944185
              ],
              [
                -53.948991806453435,
                -27.440911445188696
              ],
              [
                -53.948985244712645,
                -27.440920610708556
              ],
              [
                -53.94850358055985,
                -27.44176609622564
              ],
              [
                -53.94850358055851,
                -27.441766096227987
              ],
              [
                -53.9482479848078,
                -27.442211520933853
              ],
              [
                -53.948243816106796,
                -27.44222074012928
              ],
              [
                -53.94810210407607,
                -27.442638712067954
              ],
              [
                -53.94810210390234,
                -27.442638712365177
              ],
              [
                -53.94810210361895,
                -27.44263871258526
              ],
              [
                -53.94810210326506,
                -27.442638712697814
              ],
              [
                -53.94810210288952,
                -27.442638712687266
              ],
              [
                -53.948102102544254,
                -27.442638712555095
              ],
              [
                -53.94808627379659,
                -27.442629211103462
              ],
              [
                -53.94808627378613,
                -27.442629211097092
              ],
              [
                -53.947818868298995,
                -27.44246431775677
              ],
              [
                -53.94780803593387,
                -27.442458974158765
              ],
              [
                -53.94779623192738,
                -27.44245565066682
              ],
              [
                -53.947783923952,
                -27.442454478947717
              ],
              [
                -53.94777159969362,
                -27.442455505429177
              ],
              [
                -53.94775974748321,
                -27.442458689438403
              ],
              [
                -53.94774883694771,
                -27.442463904813664
              ],
              [
                -53.94773930040171,
                -27.44247094490319
              ],
              [
                -53.947731515717614,
                -27.442479530753463
              ],
              [
                -53.94773127133975,
                -27.442479948756855
              ],
              [
                -53.94773127128541,
                -27.442479948838898
              ],
              [
                -53.947693926317974,
                -27.44253009041767
              ],
              [
                -53.94769392603729,
                -27.442530090668612
              ],
              [
                -53.94769392566988,
                -27.442530090803654
              ],
              [
                -53.94769392527253,
                -27.44253009080192
              ],
              [
                -53.94769392490663,
                -27.442530090663674
              ],
              [
                -53.94752299176302,
                -27.44242611377201
              ],
              [
                -53.94752299146644,
                -27.442426113492015
              ],
              [
                -53.94752299132789,
                -27.442426113127134
              ],
              [
                -53.947522991372644,
                -27.442426112743973
              ],
              [
                -53.94752299159254,
                -27.442426112412416
              ],
              [
                -53.94758369059502,
                -27.44236793052029
              ],
              [
                -53.94759395880477,
                -27.442354642124837
              ],
              [
                -53.94823654525482,
                -27.44119047300445
              ],
              [
                -53.94824083281854,
                -27.441180292275227
              ],
              [
                -53.94824281183817,
                -27.441169560922088
              ],
              [
                -53.94824240627929,
                -27.441158691303325
              ],
              [
                -53.94823963172799,
                -27.441148101132196
              ],
              [
                -53.94823459480932,
                -27.441138197382887
              ],
              [
                -53.94822748908966,
                -27.441129360650656
              ],
              [
                -53.94821858763799,
                -27.44112193052586
              ],
              [
                -53.94820823253197,
                -27.44111619254371
              ],
              [
                -53.94819682171215,
                -27.441112367211378
              ],
              [
                -53.94818479368945,
                -27.441110601534145
              ],
              [
                -53.948172610693305,
                -27.441110963365904
              ],
              [
                -53.94816074090875,
                -27.441113438801757
              ],
              [
                -53.94814964048434,
                -27.44111793271226
              ],
              [
                -53.948139736002766,
                -27.441124272399232
              ],
              [
                -53.948131408087534,
                -27.44113221423235
              ],
              [
                -53.94812497674955,
                -27.441141453049532
              ],
              [
                -53.94748642849145,
                -27.442298304065663
              ],
              [
                -53.947486428324524,
                -27.44229830428167
              ],
              [
                -53.94742529874853,
                -27.44235689883044
              ],
              [
                -53.94742529842711,
                -27.442356899036916
              ],
              [
                -53.947425298041466,
                -27.442356899117364
              ],
              [
                -53.94742529765077,
                -27.442356899059437
              ],
              [
                -53.947425297315,
                -27.442356898872035
              ],
              [
                -53.94740653227346,
                -27.442341106830966
              ],
              [
                -53.94740653205859,
                -27.442341106570378
              ],
              [
                -53.94740653196062,
                -27.442341106258894
              ],
              [
                -53.947406531992144,
                -27.44234110593662
              ],
              [
                -53.94740653214914,
                -27.442341105644996
              ],
              [
                -53.94747614453613,
                -27.44225557834629
              ],
              [
                -53.9474812000209,
                -27.44224822585952
              ],
              [
                -53.94811799351936,
                -27.441136477712526
              ],
              [
                -53.948122449903224,
                -27.441126354856387
              ],
              [
                -53.9481246071542,
                -27.441115650879226
              ],
              [
                -53.948124382389246,
                -27.44110477708751
              ],
              [
                -53.94812178424665,
                -27.441094151354907
              ],
              [
                -53.94811691257217,
                -27.44108418202217
              ],
              [
                -53.948109954581945,
                -27.441075252204914
              ],
              [
                -53.94810117766787,
                -27.441067705070726
              ],
              [
                -53.94809091912163,
                -27.44106183065138
              ],
              [
                -53.94807957317321,
                -27.4410578546973
              ],
              [
                -53.94806757584037,
                -27.44105593000201
              ],
              [
                -53.94805538817324,
                -27.441056130530402
              ],
              [
                -53.94804347853647,
                -27.44105844857635
              ],
              [
                -53.948032304609924,
                -27.44106279505883
              ],
              [
                -53.948022295801024,
                -27.441069002945213
              ],
              [
                -53.94801383674246,
                -27.441076833670238
              ],
              [
                -53.94800725248429,
                -27.44108598634122
              ],
              [
                -53.94737266451422,
                -27.44219388196021
              ],
              [
                -53.94737266443204,
                -27.442193882079728
              ],
              [
                -53.947331302131126,
                -27.442244700658872
              ],
              [
                -53.94733130183354,
                -27.442244700902148
              ],
              [
                -53.947331301453,
                -27.44224470102214
              ],
              [
                -53.947331301050156,
                -27.44224470099974
              ],
              [
                -53.94733130068926,
                -27.442244700838497
              ],
              [
                -53.94733130042784,
                -27.442244700564135
              ],
              [
                -53.94709240975948,
                -27.441857827550187
              ],
              [
                -53.94709240963416,
                -27.44185782713045
              ],
              [
                -53.9470924097433,
                -27.441857826707132
              ],
              [
                -53.94765050820182,
                -27.44087584909417
              ],
              [
                -53.947654928840436,
                -27.44086571376917
              ],
              [
                -53.947657048311974,
                -27.440855003782712
              ],
              [
                -53.94765678518509,
                -27.44084413067214
              ],
              [
                -53.94765414957228,
                -27.440833512284904
              ],
              [
                -53.94764924275929,
                -27.440823556679547
              ],
              [
                -53.9476422533126,
                -27.44081464644408
              ],
              [
                -53.94763344983291,
                -27.440807123993576
              ],
              [
                -53.947623170632916,
                -27.44080127841128
              ],
              [
                -53.947611810736156,
                -27.440797334339393
              ],
              [
                -53.94759980669657,
                -27.440795443346236
              ],
              [
                -53.94758761982198,
                -27.44079567810154
              ],
              [
                -53.947575718446366,
                -27.44079802958389
              ],
              [
                -53.947564559932516,
                -27.440802407427235
              ],
              [
                -53.94755457309523,
                -27.440808643393883
              ],
              [
                -53.94754614172302,
                -27.44081649783935
              ],
              [
                -53.947539589801984,
                -27.440825668959622
              ],
              [
                -53.94701921996396,
                -27.441741261700674
              ],
              [
                -53.94701921968979,
                -27.441741261999937
              ],
              [
                -53.94701921930038,
                -27.44174126216932
              ],
              [
                -53.94701921886727,
                -27.4417412621777
              ],
              [
                -53.94701921846999,
                -27.44174126202356
              ],
              [
                -53.94701921818152,
                -27.441741261735174
              ],
              [
                -53.94701245071003,
                -27.44173053461588
              ],
              [
                -53.94701245058039,
                -27.441730534195916
              ],
              [
                -53.947012450686486,
                -27.44173053377072
              ],
              [
                -53.94751990134721,
                -27.4408235406914
              ],
              [
                -53.94752425028752,
                -27.440813380704732
              ],
              [
                -53.947526294047215,
                -27.44080265900992
              ],
              [
                -53.947525954104215,
                -27.440791787594137
              ],
              [
                -53.94752324352305,
                -27.440781184239718
              ],
              [
                -53.94751826647042,
                -27.44077125642744
              ],
              [
                -53.947511214212106,
                -27.44076238567732
              ],
              [
                -53.94750235776255,
                -27.44075491288696
              ],
              [
                -53.94749203747013,
                -27.440749125231264
              ],
              [
                -53.94748064993745,
                -27.440745245126298
              ],
              [
                -53.94746863278052,
                -27.44074342168217
              ],
              [
                -53.947456447811255,
                -27.440743724972783
              ],
              [
                -53.94744456329045,
                -27.4407461433429
              ],
              [
                -53.94743343593302,
                -27.440750583856094
              ],
              [
                -53.94742349335668,
                -27.44075687586619
              ],
              [
                -53.94741511764884,
                -27.440764777575108
              ],
              [
                -53.94740863065684,
                -27.440773985362544
              ],
              [
                -53.94688644330763,
                -27.441707316104974
              ],
              [
                -53.94688433610481,
                -27.441712238843
              ],
              [
                -53.946884336102585,
                -27.441712238848133
              ],
              [
                -53.946882195309755,
                -27.44171714998803
              ],
              [
                -53.94688216224805,
                -27.44171731724843
              ],
              [
                -53.94688216219689,
                -27.44171731741356
              ],
              [
                -53.9468820942798,
                -27.441717476077937
              ],
              [
                -53.946881104001484,
                -27.44172267095808
              ],
              [
                -53.94688110400043,
                -27.441722670963504
              ],
              [
                -53.94688007823312,
                -27.44172786035907
              ],
              [
                -53.946880082380574,
                -27.441728030160252
              ],
              [
                -53.9468800823665,
                -27.441728030331127
              ],
              [
                -53.94688005044865,
                -27.441728197768306
              ],
              [
                -53.946880215133156,
                -27.441733465195924
              ],
              [
                -53.94688021513332,
                -27.44173346520142
              ],
              [
                -53.94688034381155,
                -27.44173873342704
              ],
              [
                -53.94688038500878,
                -27.44173889924366
              ],
              [
                -53.946880385032344,
                -27.44173889941369
              ],
              [
                -53.94688039034033,
                -27.441739069189165
              ],
              [
                -53.946881703659265,
                -27.44174420674004
              ],
              [
                -53.946881703660615,
                -27.441744206745412
              ],
              [
                -53.94688298183972,
                -27.441749351346
              ],
              [
                -53.946883058503545,
                -27.44174950680581
              ],
              [
                -53.94688305856384,
                -27.441749506968467
              ],
              [
                -53.946883100893686,
                -27.441749672557854
              ],
              [
                -53.9468855123771,
                -27.441754482798387
              ],
              [
                -53.946885512379595,
                -27.44175448280341
              ],
              [
                -53.94688789096036,
                -27.441759306115866
              ],
              [
                -53.946967751854835,
                -27.441885893711323
              ],
              [
                -53.946967751859326,
                -27.441885893718503
              ],
              [
                -53.94726961990405,
                -27.442374756287407
              ],
              [
                -53.94727044003618,
                -27.442375821879455
              ],
              [
                -53.947270440112284,
                -27.44237582199619
              ],
              [
                -53.94727107269207,
                -27.442376984858107
              ],
              [
                -53.94727235548277,
                -27.442378496004654
              ],
              [
                -53.94727235555415,
                -27.442378496100993
              ],
              [
                -53.94727341138905,
                -27.442380141108572
              ],
              [
                -53.94727508094911,
                -27.442381851795734
              ],
              [
                -53.94727508102008,
                -27.442381851877453
              ],
              [
                -53.94727652019282,
                -27.44238372178439
              ],
              [
                -53.947277557539124,
                -27.4423846241207
              ],
              [
                -53.94727755763928,
                -27.44238462422194
              ],
              [
                -53.947278432342344,
                -27.442385654634982
              ],
              [
                -53.94728002092057,
                -27.442386913466756
              ],
              [
                -53.94728002101166,
                -27.44238691354881
              ],
              [
                -53.94728141629859,
                -27.44238834320628
              ],
              [
                -53.94738549823689,
                -27.442475935176667
              ],
              [
                -53.947385662387376,
                -27.44247604837898
              ],
              [
                -53.9473856625271,
                -27.442476048495784
              ],
              [
                -53.94738579977361,
                -27.44247618725031
              ],
              [
                -53.94738953456651,
                -27.442478727669375
              ],
              [
                -53.9473895346022,
                -27.442478727694816
              ],
              [
                -53.94739313698861,
                -27.442481416077737
              ],
              [
                -53.947675309978145,
                -27.442653059089952
              ],
              [
                -53.94768737997432,
                -27.442658779285946
              ],
              [
                -53.94770055902042,
                -27.442662008795853
              ],
              [
                -53.94770704501526,
                -27.442662285709073
              ],
              [
                -53.94770704506345,
                -27.44266228571217
              ],
              [
                -53.9477113327369,
                -27.442662652617063
              ],
              [
                -53.94771271635275,
                -27.442662527850988
              ],
              [
                -53.947712716502714,
                -27.44266252784745
              ],
              [
                -53.94771421057188,
                -27.44266259163517
              ],
              [
                -53.94771504536428,
                -27.442662545174322
              ],
              [
                -53.94771923659499,
                -27.442661939896638
              ],
              [
                -53.947719236654855,
                -27.44266193988962
              ],
              [
                -53.94772346086684,
                -27.442661558975605
              ],
              [
                -53.94772524090776,
                -27.442661072790518
              ],
              [
                -53.94772524104212,
                -27.442661072762597
              ],
              [
                -53.9477270787097,
                -27.44266080737524
              ],
              [
                -53.947731057006294,
                -27.442659484232852
              ],
              [
                -53.947731057063486,
                -27.442659484215543
              ],
              [
                -53.9477351168151,
                -27.442658375369565
              ],
              [
                -53.9477367563406,
                -27.44265758869892
              ],
              [
                -53.9477367564663,
                -27.442657588648157
              ],
              [
                -53.947738500792205,
                -27.442657008502348
              ],
              [
                -53.94774211332015,
                -27.442655018335795
              ],
              [
                -53.94774211337245,
                -27.442655018308862
              ],
              [
                -53.94774585264953,
                -27.442653224143392
              ],
              [
                -53.947747288653545,
                -27.44265216721852
              ],
              [
                -53.947747288765726,
                -27.44265216714685
              ],
              [
                -53.947748872716474,
                -27.442651294537313
              ],
              [
                -53.947751980648185,
                -27.44264871382769
              ],
              [
                -53.94775198069359,
                -27.442648713792185
              ],
              [
                -53.94775525579778,
                -27.442646303256037
              ],
              [
                -53.94775643309546,
                -27.44264501669406
              ],
              [
                -53.94775643318981,
                -27.442645016604228
              ],
              [
                -53.94775779589502,
                -27.442643885064893
              ],
              [
                -53.94776027979437,
                -27.442640812987552
              ],
              [
                -53.947760279831144,
                -27.44264081294482
              ],
              [
                -53.94776296493352,
                -27.442637878639243
              ],
              [
                -53.94780030090891,
                -27.44258774911337
              ],
              [
                -53.94780030119093,
                -27.442587748861623
              ],
              [
                -53.94780030156016,
                -27.44258774872683
              ],
              [
                -53.947800301959084,
                -27.442587748729988
              ],
              [
                -53.94780030232557,
                -27.442587748870604
              ],
              [
                -53.9480158837697,
                -27.44272068529824
              ],
              [
                -53.948016225726626,
                -27.442720854589712
              ],
              [
                -53.94801622587992,
                -27.44272085468299
              ],
              [
                -53.94801652739133,
                -27.44272107688908
              ],
              [
                -53.94806570338286,
                -27.44275059553635
              ],
              [
                -53.9480657036722,
                -27.442750595801563
              ],
              [
                -53.94806570381778,
                -27.442750596148127
              ],
              [
                -53.94806570379509,
                -27.442750596517683
              ],
              [
                -53.94792646409852,
                -27.44321496882255
              ],
              [
                -53.94792646402519,
                -27.4432149689945
              ],
              [
                -53.947896842799636,
                -27.443267548506633
              ],
              [
                -53.947896775280064,
                -27.443267668720818
              ],
              [
                -53.94761582979666,
                -27.443769388685496
              ],
              [
                -53.94761582957781,
                -27.4437693889453
              ],
              [
                -53.94761582926996,
                -27.443769389119016
              ],
              [
                -53.94761582891306,
                -27.443769389184112
              ],
              [
                -53.947615828553474,
                -27.443769389132108
              ],
              [
                -53.947615828237915,
                -27.44376938896976
              ],
              [
                -53.94761582800733,
                -27.443769388718163
              ],
              [
                -53.94694477021733,
                -27.44268441308151
              ],
              [
                -53.946944770097446,
                -27.442684412743223
              ],
              [
                -53.946944770133086,
                -27.442684412389866
              ],
              [
                -53.946944770318716,
                -27.442684412076122
              ],
              [
                -53.94694477062564,
                -27.442684411850525
              ],
              [
                -53.947270652418204,
                -27.442528910915215
              ],
              [
                -53.94728078629084,
                -27.442522866426984
              ],
              [
                -53.9472894036838,
                -27.442515174246196
              ],
              [
                -53.94729617347713,
                -27.44250612995453
              ],
              [
                -53.947300835511754,
                -27.44249608111936
              ],
              [
                -53.94730321062885,
                -27.44248541391191
              ],
              [
                -53.947303207554675,
                -27.442474538267074
              ],
              [
                -53.94730082640802,
                -27.44246387212974
              ],
              [
                -53.94729615869566,
                -27.442453825393383
              ],
              [
                -53.94728938379561,
                -27.442444784148226
              ],
              [
                -53.947280762063684,
                -27.44243709584394
              ],
              [
                -53.94727062482811,
                -27.4424310559374
              ],
              [
                -53.94725936165689,
                -27.442426896538638
              ],
              [
                -53.94724740538688,
                -27.442424777490807
              ],
              [
                -53.94723521549004,
                -27.44242478022764
              ],
              [
                -53.947223260416685,
                -27.44242690464405
              ],
              [
                -53.947211999546795,
                -27.442431069117102
              ],
              [
                -53.94688468024706,
                -27.442587255917925
              ],
              [
                -53.946884679872966,
                -27.44258725601986
              ],
              [
                -53.94688467948348,
                -27.44258725598745
              ],
              [
                -53.94688467913697,
                -27.44258725582555
              ],
              [
                -53.9468846788853,
                -27.442587255558383
              ],
              [
                -53.94642105893146,
                -27.441837655581047
              ],
              [
                -53.94642105881172,
                -27.441837655243955
              ],
              [
                -53.94642105884646,
                -27.441837654891692
              ],
              [
                -53.94642105903032,
                -27.441837654578435
              ],
              [
                -53.946421059335066,
                -27.441837654352327
              ],
              [
                -53.946754995740086,
                -27.4416762768991
              ],
              [
                -53.94676509357184,
                -27.441670184683268
              ],
              [
                -53.9467736651907,
                -27.441662451951476
              ],
              [
                -53.94678038123552,
                -27.441653375843675
              ],
              [
                -53.94678498361282,
                -27.441643305149817
              ],
              [
                -53.946787295456346,
                -27.441632626881212
              ],
              [
                -53.94678722792392,
                -27.44162175139779
              ],
              [
                -53.946784783611456,
                -27.441611096638223
              ],
              [
                -53.94678005645315,
                -27.4416010720588
              ],
              [
                -53.946773228111454,
                -27.44159206289816
              ],
              [
                -53.94676456099593,
                -27.441584415373082
              ],
              [
                -53.94675438817891,
                -27.44157842337333
              ],
              [
                -53.94674310059565,
                -27.44157431716778
              ],
              [
                -53.94673113202116,
                -27.441572254555506
              ],
              [
                -53.94671894240044,
                -27.441572314801448
              ],
              [
                -53.94670700017299,
                -27.441574495590455
              ],
              [
                -53.94669576422538,
                -27.44157871313344
              ],
              [
                -53.94636097311306,
                -27.44174050355936
              ],
              [
                -53.94636097273823,
                -27.441740503663187
              ],
              [
                -53.94636097234734,
                -27.44174050363182
              ],
              [
                -53.946360971999304,
                -27.441740503469976
              ],
              [
                -53.94636097174659,
                -27.441740503202073
              ],
              [
                -53.9460513803293,
                -27.441239934841466
              ],
              [
                -53.94604447331079,
                -27.44123097350128
              ],
              [
                -53.946035739529094,
                -27.44122338660716
              ],
              [
                -53.946025514590076,
                -27.44121746568212
              ],
              [
                -53.94601419143216,
                -27.441213438263784
              ],
              [
                -53.946002205197416,
                -27.44121145912338
              ],
              [
                -53.94599001650941,
                -27.441211604318145
              ],
              [
                -53.94597809377192,
                -27.441213868268346
              ],
              [
                -53.94596689516846,
                -27.44121816397184
              ],
              [
                -53.94595685105459,
                -27.441224326347427
              ],
              [
                -53.94594834741985,
                -27.44123211857874
              ],
              [
                -53.945941711054225,
                -27.44124124121502
              ],
              [
                -53.94593719698985,
                -27.44125134367872
              ],
              [
                -53.94593497870023,
                -27.441262037737996
              ],
              [
                -53.94593514143365,
                -27.4412729124262
              ],
              [
                -53.94593767893707,
                -27.441283549835127
              ],
              [
                -53.94594249371596,
                -27.441293541215796
              ],
              [
                -53.946281893526894,
                -27.441842306316996
              ],
              [
                -53.946774408470894,
                -27.442638626559482
              ],
              [
                -53.946774408591295,
                -27.44263862690211
              ],
              [
                -53.94677440855232,
                -27.442638627259488
              ],
              [
                -53.94677440836015,
                -27.442638627574965
              ],
              [
                -53.94677440804524,
                -27.442638627798548
              ],
              [
                -53.94636281499301,
                -27.44282597497291
              ],
              [
                -53.94636281462014,
                -27.4428259750681
              ],
              [
                -53.94636281423454,
                -27.442825975031024
              ],
              [
                -53.94636281389297,
                -27.442825974867144
              ],
              [
                -53.9463628136457,
                -27.442825974600566
              ],
              [
                -53.945537813110526,
                -27.441473121094834
              ],
              [
                -53.9455309659129,
                -27.441464123272468
              ],
              [
                -53.94552228282092,
                -27.44145649018248
              ],
              [
                -53.945512097492795,
                -27.44145051512303
              ],
              [
                -53.94550080134464,
                -27.44144642771205
              ],
              [
                -53.945488828480535,
                -27.441444385026298
              ],
              [
                -53.945476639010344,
                -27.441444465564942
              ],
              [
                -53.94546470136775,
                -27.44144666623304
              ],
              [
                -53.94545347430924,
                -27.44145090246026
              ],
              [
                -53.945443389283746,
                -27.441457011451085
              ],
              [
                -53.94543483385304,
                -27.441464758440706
              ],
              [
                -53.94542813679762,
                -27.441473845716914
              ],
              [
                -53.945423555481824,
                -27.441483924061096
              ],
              [
                -53.94542126596363,
                -27.4414946061683
              ],
              [
                -53.94542135622862,
                -27.441505481531166
              ],
              [
                -53.945423822808614,
                -27.44151613221557
              ],
              [
                -53.945428570934425,
                -27.44152614896253
              ],
              [
                -53.9462825114672,
                -27.442926460254398
              ],
              [
                -53.946289227093466,
                -27.442935316486967
              ],
              [
                -53.94629772222365,
                -27.442942858798844
              ],
              [
                -53.94630768132207,
                -27.442948807056553
              ],
              [
                -53.9463187344445,
                -27.442952940303975
              ],
              [
                -53.94633047100727,
                -27.442955105005833
              ],
              [
                -53.946342455039364,
                -27.44295522075133
              ],
              [
                -53.946354241377165,
                -27.442953283240982
              ],
              [
                -53.94636539224645,
                -27.442949364430326
              ],
              [
                -53.94683452492863,
                -27.442735826648086
              ],
              [
                -53.9468345253,
                -27.442735826553
              ],
              [
                -53.94683452568423,
                -27.442735826589175
              ],
              [
                -53.946834526025185,
                -27.442735826751292
              ],
              [
                -53.94683452627306,
                -27.442735827015717
              ],
              [
                -53.94754679071615,
                -27.443887427036
              ],
              [
                -53.94754679082816,
                -27.443887427323286
              ],
              [
                -53.94754679082677,
                -27.443887427627445
              ],
              [
                -53.947546790712124,
                -27.443887427913893
              ],
              [
                -53.947253680482476,
                -27.444352301332394
              ],
              [
                -53.94725368032742,
                -27.44435230151779
              ],
              [
                -53.94715592389179,
                -27.44444231510599
              ],
              [
                -53.94715585343977,
                -27.444442394209425
              ],
              [
                -53.94715585330466,
                -27.44444239433427
              ],
              [
                -53.947155767212884,
                -27.44444245990557
              ],
              [
                -53.94715206224239,
                -27.44444665095993
              ],
              [
                -53.9471520622401,
                -27.444446650962497
              ],
              [
                -53.94714834025567,
                -27.444450830000445
              ],
              [
                -53.9471482884777,
                -27.444450919806766
              ],
              [
                -53.9471482883725,
                -27.444450919952732
              ],
              [
                -53.94714821827341,
                -27.444450999248645
              ],
              [
                -53.94714715773749,
                -27.444452855213907
              ],
              [
                -53.947147157487606,
                -27.44445285549447
              ],
              [
                -53.947144394984456,
                -27.44445492862238
              ],
              [
                -53.94685051319428,
                -27.44472355021431
              ],
              [
                -53.94685051309607,
                -27.44472355029307
              ],
              [
                -53.94637010483379,
                -27.445060875025796
              ],
              [
                -53.94637010468325,
                -27.445060875113363
              ],
              [
                -53.94633517802853,
                -27.445077445969034
              ],
              [
                -53.946335177660295,
                -27.44507744606962
              ],
              [
                -53.94633517727663,
                -27.445077446040045
              ],
              [
                -53.946335176933204,
                -27.44507744588461
              ],
              [
                -53.94633517667985,
                -27.445077445625866
              ],
              [
                -53.94588657863369,
                -27.444388657395724
              ],
              [
                -53.945886578505224,
                -27.44438865705849
              ],
              [
                -53.94588657853314,
                -27.444388656703183
              ],
              [
                -53.945886578713065,
                -27.444388656385215
              ],
              [
                -53.94588657901694,
                -27.444388656154203
              ],
              [
                -53.94644903675775,
                -27.444109973835495
              ],
              [
                -53.946459062318155,
                -27.44410378705064
              ],
              [
                -53.946467542345644,
                -27.44409597418563
              ],
              [
                -53.946474150998725,
                -27.44408683545938
              ],
              [
                -53.9464786343108,
                -27.444076722068356
              ],
              [
                -53.94648081999133,
                -27.4440660226646
              ],
              [
                -53.94648062404646,
                -27.444055148420308
              ],
              [
                -53.94647805400696,
                -27.444044517226494
              ],
              [
                -53.946473208638594,
                -27.444034537633822
              ],
              [
                -53.94646627414657,
                -27.444025593152155
              ],
              [
                -53.94645751701978,
                -27.44401802751265
              ],
              [
                -53.94644727378951,
                -27.444012131458226
              ],
              [
                -53.94643593809709,
                -27.444008131570744
              ],
              [
                -53.94642394556624,
                -27.444006181563427
              ],
              [
                -53.946411757062556,
                -27.44400635637395
              ],
              [
                -53.94639984098268,
                -27.444008649284466
              ],
              [
                -53.94638865520852,
                -27.4440129721976
              ],
              [
                -53.945822980293244,
                -27.444293248404033
              ],
              [
                -53.94582297992286,
                -27.44429324851104
              ],
              [
                -53.945822979534626,
                -27.444293248485227
              ],
              [
                -53.94582297918611,
                -27.44429324833043
              ],
              [
                -53.94582297892903,
                -27.444293248069595
              ],
              [
                -53.94581859389384,
                -27.444286533090587
              ],
              [
                -53.945818593714286,
                -27.4442865328689
              ],
              [
                -53.94581859361454,
                -27.444286532716138
              ],
              [
                -53.94581859348693,
                -27.44428653246749
              ],
              [
                -53.94516602426628,
                -27.443287241817906
              ],
              [
                -53.945158884851644,
                -27.443278426559687
              ],
              [
                -53.945149955046666,
                -27.443271023367057
              ],
              [
                -53.9451395779893,
                -27.443265316704114
              ],
              [
                -53.94512815246379,
                -27.443261525874497
              ],
              [
                -53.94511611754599,
                -27.443259796557488
              ],
              [
                -53.94510393573052,
                -27.44326019520976
              ],
              [
                -53.94509207515689,
                -27.443262706511376
              ],
              [
                -53.945080991619776,
                -27.443267233954607
              ],
              [
                -53.94507111105287,
                -27.443273603552644
              ],
              [
                -53.94506281316065,
                -27.44328157052569
              ],
              [
                -53.945056416826596,
                -27.44329082870773
              ],
              [
                -53.94505216785856,
                -27.44330102231231
              ],
              [
                -53.945050229542616,
                -27.443311759605017
              ],
              [
                -53.94505067636779,
                -27.4433226279578
              ],
              [
                -53.945053491163556,
                -27.443333209705873
              ],
              [
                -53.94505856578024,
                -27.44334309823887
              ],
              [
                -53.94567970111642,
                -27.444294255470812
              ],
              [
                -53.94567970124481,
                -27.444294255804497
              ],
              [
                -53.94567970121989,
                -27.44429425615659
              ],
              [
                -53.945679701045485,
                -27.44429425647322
              ],
              [
                -53.94567970074828,
                -27.44429425670593
              ],
              [
                -53.94488465629379,
                -27.444703620576473
              ],
              [
                -53.94487474630356,
                -27.44470995392407
              ],
              [
                -53.944866411678966,
                -27.444717890409304
              ],
              [
                -53.94485997267443,
                -27.44472712506377
              ],
              [
                -53.9448556767377,
                -27.44473730300507
              ],
              [
                -53.944853688959746,
                -27.444748033100826
              ],
              [
                -53.944854085730434,
                -27.4447589029995
              ],
              [
                -53.94485685180281,
                -27.444769494976917
              ],
              [
                -53.944861880878825,
                -27.444779401989152
              ],
              [
                -53.944868979694334,
                -27.44478824331499
              ],
              [
                -53.944877875445975,
                -27.44479567918695
              ],
              [
                -53.94488822627493,
                -27.44480142384833
              ],
              [
                -53.94489963440431,
                -27.4448052565348
              ],
              [
                -53.944911661425415,
                -27.444807029958163
              ],
              [
                -53.94492384514604,
                -27.44480667596673
              ],
              [
                -53.94493571735194,
                -27.44480420816425
              ],
              [
                -53.94494682184558,
                -27.444799721368856
              ],
              [
                -53.945742308652065,
                -27.44439012954581
              ],
              [
                -53.945742309024546,
                -27.444390129432872
              ],
              [
                -53.94574230941712,
                -27.44439012945535
              ],
              [
                -53.945742309770374,
                -27.444390129609836
              ],
              [
                -53.945742310030774,
                -27.44439012987292
              ],
              [
                -53.945745998515946,
                -27.444395778198775
              ],
              [
                -53.94574599852195,
                -27.444395778208094
              ],
              [
                -53.94575853031787,
                -27.44441550562979
              ],
              [
                -53.945761083828934,
                -27.44441918325936
              ],
              [
                -53.945772154610864,
                -27.444433820338524
              ],
              [
                -53.945772154646946,
                -27.44443382038989
              ],
              [
                -53.94622610406116,
                -27.445130826307096
              ],
              [
                -53.94622610418991,
                -27.445130826646263
              ],
              [
                -53.94622610416055,
                -27.445130827003393
              ],
              [
                -53.946226103977736,
                -27.44513082732219
              ],
              [
                -53.94622610367027,
                -27.44513082755237
              ],
              [
                -53.94560807714664,
                -27.445430831077626
              ],
              [
                -53.945608077143156,
                -27.44543083107932
              ],
              [
                -53.94517933416625,
                -27.44563701406326
              ],
              [
                -53.94517933379796,
                -27.44563701416575
              ],
              [
                -53.945179333413456,
                -27.4456370141377
              ],
              [
                -53.94517933306874,
                -27.44563701398316
              ],
              [
                -53.94517933281401,
                -27.44563701372467
              ],
              [
                -53.94495610342363,
                -27.445296482268954
              ],
              [
                -53.94495561562428,
                -27.445295882078785
              ],
              [
                -53.94495561553582,
                -27.445295881947857
              ],
              [
                -53.94495524837282,
                -27.445295216874676
              ],
              [
                -53.944944149274164,
                -27.445279275268152
              ],
              [
                -53.944943775145035,
                -27.44527874461994
              ],
              [
                -53.94493713149938,
                -27.445269438643248
              ],
              [
                -53.94493713146889,
                -27.44526943859762
              ],
              [
                -53.944682154858775,
                -27.444861056542422
              ],
              [
                -53.944682154845125,
                -27.44486105651979
              ],
              [
                -53.94429816035167,
                -27.444202557535696
              ],
              [
                -53.94429816024194,
                -27.444202557203237
              ],
              [
                -53.94429816028085,
                -27.444202556858393
              ],
              [
                -53.94429816046265,
                -27.444202556552106
              ],
              [
                -53.94429816076052,
                -27.44420255632962
              ],
              [
                -53.94476991350817,
                -27.44397059588756
              ],
              [
                -53.94477996147727,
                -27.44396443810043
              ],
              [
                -53.94478846982548,
                -27.443956649773213
              ],
              [
                -53.944795111622874,
                -27.443947530182104
              ],
              [
                -53.94479963162924,
                -27.443937429788154
              ],
              [
                -53.944801856143854,
                -27.443926736743947
              ],
              [
                -53.94480169968048,
                -27.443915861977278
              ],
              [
                -53.944799168252665,
                -27.44390522339925
              ],
              [
                -53.94479435914232,
                -27.44389522984429
              ],
              [
                -53.94478745716131,
                -27.443886265358838
              ],
              [
                -53.944778727549114,
                -27.443878674442768
              ],
              [
                -53.94476850577967,
                -27.443872748810346
              ],
              [
                -53.94475718466963,
                -27.44386871618015
              ],
              [
                -53.94474519928228,
                -27.44386673152368
              ],
              [
                -53.94473301020864,
                -27.4438668711101
              ],
              [
                -53.94472108586742,
                -27.443869129575234
              ],
              [
                -53.944709884457666,
                -27.443873420145348
              ],
              [
                -53.94418619829725,
                -27.44413091594009
              ],
              [
                -53.94418619825657,
                -27.444130915959036
              ],
              [
                -53.94348782983104,
                -27.44443829043165
              ],
              [
                -53.943477478811985,
                -27.444444034877357
              ],
              [
                -53.943468582856624,
                -27.444451470545125
              ],
              [
                -53.94346148378922,
                -27.444460311710213
              ],
              [
                -53.943456454423256,
                -27.444470218611862
              ],
              [
                -53.94345368803493,
                -27.44448081053359
              ],
              [
                -53.94345329093566,
                -27.444491680433874
              ],
              [
                -53.94345527838641,
                -27.444502410588502
              ],
              [
                -53.943459574011236,
                -27.444512588643516
              ],
              [
                -53.94346601273215,
                -27.444521823461724
              ],
              [
                -53.94347434711294,
                -27.44452976015391
              ],
              [
                -53.94348425686807,
                -27.444536093717193
              ],
              [
                -53.94349536117091,
                -27.444540580755984
              ],
              [
                -53.94350723328876,
                -27.44454304883571
              ],
              [
                -53.94351941698218,
                -27.444543403109357
              ],
              [
                -53.94353144403808,
                -27.44454162996243
              ],
              [
                -53.94354285230931,
                -27.444537797520457
              ],
              [
                -53.94418790176057,
                -27.444253890510744
              ],
              [
                -53.94418790213614,
                -27.444253890419958
              ],
              [
                -53.94418790252233,
                -27.44425389046245
              ],
              [
                -53.9441879028619,
                -27.444253890631938
              ],
              [
                -53.94418790310456,
                -27.444253890903312
              ],
              [
                -53.94454390165665,
                -27.44486438191616
              ],
              [
                -53.94454390176664,
                -27.444864382251122
              ],
              [
                -53.94454390172584,
                -27.44486438259825
              ],
              [
                -53.94454390154035,
                -27.444864382905568
              ],
              [
                -53.944543901237964,
                -27.444864383127026
              ],
              [
                -53.943896820115434,
                -27.44517425404144
              ],
              [
                -53.94388669608417,
                -27.44518031200995
              ],
              [
                -53.94387809132076,
                -27.445188015655344
              ],
              [
                -53.943871336460155,
                -27.445197068955856
              ],
              [
                -53.94386669108818,
                -27.4452071239985
              ],
              [
                -53.943864333724385,
                -27.445217794373864
              ],
              [
                -53.943864354961626,
                -27.44522867002539
              ],
              [
                -53.94386675398443,
                -27.445239333007883
              ],
              [
                -53.94387143860033,
                -27.44524937354872
              ],
              [
                -53.94387822878262,
                -27.445258405795318
              ],
              [
                -53.943886863588595,
                -27.44526608264318
              ],
              [
                -53.9438970111874,
                -27.445272109075017
              ],
              [
                -53.94390828161228,
                -27.44527625349823
              ],
              [
                -53.94392024174653,
                -27.445278356644756
              ],
              [
                -53.94393243196815,
                -27.445278337691793
              ],
              [
                -53.94394438381328,
                -27.445276197367726
              ],
              [
                -53.94395563802447,
                -27.445272017907104
              ],
              [
                -53.94460286537622,
                -27.444962076833665
              ],
              [
                -53.94460286574954,
                -27.444962076731283
              ],
              [
                -53.94460286613848,
                -27.44496207676281
              ],
              [
                -53.94460286648501,
                -27.444962076923513
              ],
              [
                -53.9446028667374,
                -27.444962077189427
              ],
              [
                -53.944829373497505,
                -27.445324860977255
              ],
              [
                -53.944830419556446,
                -27.445326206551517
              ],
              [
                -53.94483041962755,
                -27.4453262066579
              ],
              [
                -53.94483124917424,
                -27.44532766741095
              ],
              [
                -53.94483868820777,
                -27.445338087526917
              ],
              [
                -53.94483868821385,
                -27.445338087535536
              ],
              [
                -53.94484916499703,
                -27.445353135330986
              ],
              [
                -53.94484916501092,
                -27.445353135351557
              ],
              [
                -53.94506978915769,
                -27.445689693038002
              ],
              [
                -53.94506978928772,
                -27.44568969337836
              ],
              [
                -53.94506978925836,
                -27.445689693736984
              ],
              [
                -53.94506978907428,
                -27.445689694056874
              ],
              [
                -53.94506978876474,
                -27.445689694287164
              ],
              [
                -53.94414224644797,
                -27.44613574308488
              ],
              [
                -53.94414224607958,
                -27.44613574318739
              ],
              [
                -53.944142245694984,
                -27.446135743159264
              ],
              [
                -53.94414224535023,
                -27.446135743004632
              ],
              [
                -53.94414224509553,
                -27.446135742746016
              ],
              [
                -53.94378811618906,
                -27.44559506525417
              ],
              [
                -53.94378096393388,
                -27.445586258178064
              ],
              [
                -53.94377202328353,
                -27.445578865218902
              ],
              [
                -53.94376163779283,
                -27.445573170447638
              ],
              [
                -53.943750206569966,
                -27.445569392710844
              ],
              [
                -53.9437381689098,
                -27.445567677184687
              ],
              [
                -53.94372598741235,
                -27.44556808979583
              ],
              [
                -53.94371413020484,
                -27.44557061468796
              ],
              [
                -53.94370305295268,
                -27.445575154831026
              ],
              [
                -53.94369318134796,
                -27.445581535750197
              ],
              [
                -53.94368489475083,
                -27.44558951223058
              ],
              [
                -53.94367851161059,
                -27.445598777740877
              ],
              [
                -53.94367427722818,
                -27.44560897621287
              ],
              [
                -53.94367235432909,
                -27.445619715725247
              ],
              [
                -53.943672816809915,
                -27.44563058356458
              ],
              [
                -53.94367564689847,
                -27.445641162085806
              ],
              [
                -53.94368073585747,
                -27.445651044802613
              ],
              [
                -53.944032701724076,
                -27.446188420562862
              ],
              [
                -53.94403270185395,
                -27.446188420903177
              ],
              [
                -53.944032701824504,
                -27.446188421261727
              ],
              [
                -53.94403270164041,
                -27.44618842158151
              ],
              [
                -53.944032701330926,
                -27.446188421811744
              ],
              [
                -53.94339138599073,
                -27.446496817985597
              ],
              [
                -53.943378637104146,
                -27.446504950211445
              ],
              [
                -53.9430066483489,
                -27.44681230251733
              ],
              [
                -53.94299855929573,
                -27.446820438934445
              ],
              [
                -53.94299240492273,
                -27.446829826871152
              ],
              [
                -53.94298842170626,
                -27.44684010558786
              ],
              [
                -53.94298676271969,
                -27.446850880079364
              ],
              [
                -53.942987491717645,
                -27.44686173628807
              ],
              [
                -53.94299058068578,
                -27.44687225701586
              ],
              [
                -53.94299591091739,
                -27.44688203795684
              ],
              [
                -53.94300327757504,
                -27.446890703234686
              ],
              [
                -53.9430123975623,
                -27.446897919847313
              ],
              [
                -53.943022920403095,
                -27.446903410464078
              ],
              [
                -53.94303444171012,
                -27.44690696408338
              ],
              [
                -53.943046518725396,
                -27.446908444141492
              ],
              [
                -53.943058687335395,
                -27.44690779376058
              ],
              [
                -53.943070479906496,
                -27.446905037934517
              ],
              [
                -53.94308144325631,
                -27.44690028256833
              ],
              [
                -53.94309115610872,
                -27.446893710381513
              ],
              [
                -53.943457349351775,
                -27.446591146357054
              ],
              [
                -53.94345734955902,
                -27.44659114622486
              ],
              [
                -53.944148371263644,
                -27.446258846835473
              ],
              [
                -53.94414837128318,
                -27.446258846823728
              ],
              [
                -53.94414837145767,
                -27.446258846739813
              ],
              [
                -53.94414837147946,
                -27.446258846731677
              ],
              [
                -53.9451845016833,
                -27.44576057852643
              ],
              [
                -53.945667195814174,
                -27.445528450413548
              ],
              [
                -53.94566719581419,
                -27.445528450413548
              ],
              [
                -53.94566740977896,
                -27.445528347034582
              ],
              [
                -53.94634172191429,
                -27.445201020897954
              ],
              [
                -53.946341968371264,
                -27.445200871604545
              ],
              [
                -53.946341968536466,
                -27.445200871523436
              ],
              [
                -53.946342241784436,
                -27.445200765664385
              ],
              [
                -53.94638757801241,
                -27.445178255496167
              ],
              [
                -53.946387578029366,
                -27.445178255487942
              ],
              [
                -53.946394589033346,
                -27.44517492913641
              ],
              [
                -53.94639458942866,
                -27.445174929033595
              ],
              [
                -53.94639458983714,
                -27.44517492907997
              ],
              [
                -53.946394590191005,
                -27.44517492926783
              ],
              [
                -53.946726954367726,
                -27.445446708596783
              ],
              [
                -53.94672695459347,
                -27.445446708866672
              ],
              [
                -53.946726954692515,
                -27.445446709191636
              ],
              [
                -53.946726954651034,
                -27.445446709526355
              ],
              [
                -53.94672695447481,
                -27.445446709824157
              ],
              [
                -53.946726954188435,
                -27.445446710043534
              ],
              [
                -53.94619445595796,
                -27.445719762340776
              ],
              [
                -53.94619445578585,
                -27.445719762429025
              ],
              [
                -53.946063645164884,
                -27.44578683797809
              ],
              [
                -53.94606364510725,
                -27.445786838005468
              ],
              [
                -53.945829399407536,
                -27.445889609811168
              ],
              [
                -53.94582868266642,
                -27.445890006461358
              ],
              [
                -53.94582868251404,
                -27.445890006530494
              ],
              [
                -53.94582790110342,
                -27.445890289755603
              ],
              [
                -53.945062800278336,
                -27.446249190496907
              ],
              [
                -53.945062799919626,
                -27.44624919059499
              ],
              [
                -53.94506279954554,
                -27.44624919056962
              ],
              [
                -53.94506279920758,
                -27.44624919042428
              ],
              [
                -53.945062798952314,
                -27.44624919017899
              ],
              [
                -53.945031106831905,
                -27.44620425984012
              ],
              [
                -53.9450236341133,
                -27.446195667143613
              ],
              [
                -53.945014426026596,
                -27.446188540213644
              ],
              [
                -53.9450038364026,
                -27.4461831528986
              ],
              [
                -53.94499227219427,
                -27.446179712229796
              ],
              [
                -53.94498017780706,
                -27.446178350430046
              ],
              [
                -53.94496801802076,
                -27.44617911983253
              ],
              [
                -53.944956260128464,
                -27.446181990869647
              ],
              [
                -53.94494535597889,
                -27.44618685320923
              ],
              [
                -53.94493572461189,
                -27.44619351999461
              ],
              [
                -53.944927736155535,
                -27.4462017350252
              ],
              [
                -53.944921697601764,
                -27.446211182602383
              ],
              [
                -53.944917841009264,
                -27.446221499661196
              ],
              [
                -53.94491631458532,
                -27.446232289723053
              ],
              [
                -53.94491717699022,
                -27.44624313813195
              ],
              [
                -53.944920395082896,
                -27.446253627989496
              ],
              [
                -53.94492584521674,
                -27.446263356215965
              ],
              [
                -53.94495328712662,
                -27.446302261025956
              ],
              [
                -53.94495328726966,
                -27.44630226136623
              ],
              [
                -53.94495328725054,
                -27.44630226172925
              ],
              [
                -53.94495328707238,
                -27.446302262056065
              ],
              [
                -53.944953286764104,
                -27.446302262293603
              ],
              [
                -53.94414397647169,
                -27.44670567048137
              ],
              [
                -53.94414397607079,
                -27.446705670592173
              ],
              [
                -53.944143975654,
                -27.44670567054816
              ],
              [
                -53.94414397529319,
                -27.44670567035692
              ],
              [
                -53.94414397505051,
                -27.44670567005143
              ],
              [
                -53.94414397496781,
                -27.44670566968434
              ],
              [
                -53.94414554934556,
                -27.446575473537404
              ],
              [
                -53.94414448541656,
                -27.446564639328447
              ],
              [
                -53.94414107278512,
                -27.446554198515354
              ],
              [
                -53.94413544259298,
                -27.44654455228816
              ],
              [
                -53.94412781120557,
                -27.446536071345648
              ],
              [
                -53.944118471893,
                -27.446529081605416
              ],
              [
                -53.94410778355956,
                -27.446523851678947
              ],
              [
                -53.94409615695151,
                -27.446520582549162
              ],
              [
                -53.944084038872276,
                -27.44651939984675
              ],
              [
                -53.944071895012115,
                -27.446520349022304
              ],
              [
                -53.944060192052255,
                -27.446523393599612
              ],
              [
                -53.944049379730096,
                -27.446528416577546
              ],
              [
                -53.94403987355692,
                -27.446535224926084
              ],
              [
                -53.94403203884951,
                -27.446543557004574
              ],
              [
                -53.944026176691445,
                -27.44655309261619
              ],
              [
                -53.9440225123626,
                -27.44656346531296
              ],
              [
                -53.94402118667625,
                -27.446574276522323
              ],
              [
                -53.94401846976766,
                -27.44679893610965
              ],
              [
                -53.94401846976612,
                -27.44679893615054
              ],
              [
                -53.943956859374744,
                -27.44777685865495
              ],
              [
                -53.94395737156499,
                -27.447787724759728
              ],
              [
                -53.9439602500637,
                -27.44779829288624
              ],
              [
                -53.94396538425444,
                -27.44780815695159
              ],
              [
                -53.94397257683358,
                -27.447816937885026
              ],
              [
                -53.943981551394465,
                -27.4478242982399
              ],
              [
                -53.943991963049676,
                -27.4478299551616
              ],
              [
                -53.94400341168468,
                -27.447833691257532
              ],
              [
                -53.944015457334366,
                -27.447835362951476
              ],
              [
                -53.94402763709048,
                -27.44783490600115
              ],
              [
                -53.94403948289109,
                -27.447832337966965
              ],
              [
                -53.94405053950821,
                -27.447827757537212
              ],
              [
                -53.9440603820418,
                -27.44782134073553
              ],
              [
                -53.944068632248666,
                -27.447813334156297
              ],
              [
                -53.944074973078116,
                -27.447804045488155
              ],
              [
                -53.944079160855985,
                -27.4477938316897
              ],
              [
                -53.94408103465658,
                -27.447783085227588
              ],
              [
                -53.9441408050062,
                -27.446834352206142
              ],
              [
                -53.94414080508098,
                -27.446834351912873
              ],
              [
                -53.94414080525967,
                -27.446834351657856
              ],
              [
                -53.944140805522444,
                -27.44683435146944
              ],
              [
                -53.94501787740308,
                -27.446397166994494
              ],
              [
                -53.945017877773566,
                -27.44639716688659
              ],
              [
                -53.945017878162275,
                -27.44639716691176
              ],
              [
                -53.945017878511415,
                -27.446397167066223
              ],
              [
                -53.945017878769114,
                -27.446397167327053
              ],
              [
                -53.945391414711395,
                -27.44696790275565
              ],
              [
                -53.945391414835264,
                -27.44696790306052
              ],
              [
                -53.94539141483025,
                -27.44696790338476
              ],
              [
                -53.94539141469701,
                -27.44696790368646
              ],
              [
                -53.945391414452764,
                -27.446967903926616
              ],
              [
                -53.9453914141291,
                -27.446967904074167
              ],
              [
                -53.94429172709189,
                -27.44726243332664
              ],
              [
                -53.94428045114153,
                -27.44726656631825
              ],
              [
                -53.94427029567957,
                -27.44727258243788
              ],
              [
                -53.94426165092831,
                -27.4472802505067
              ],
              [
                -53.94425484910075,
                -27.44728927584541
              ],
              [
                -53.944250151587624,
                -27.447299311615566
              ],
              [
                -53.94424773891229,
                -27.44730997214828
              ],
              [
                -53.94424770379314,
                -27.4473208477654
              ],
              [
                -53.94425004758049,
                -27.447331520522972
              ],
              [
                -53.944254680204516,
                -27.44734158027276
              ],
              [
                -53.94426142363653,
                -27.44735064042394
              ],
              [
                -53.94427001873042,
                -27.447358352799693
              ],
              [
                -53.944280135181494,
                -27.447364421017433
              ],
              [
                -53.94429138421996,
                -27.447368611878737
              ],
              [
                -53.94430333355093,
                -27.447370764330902
              ],
              [
                -53.9443155239677,
                -27.4473707956564
              ],
              [
                -53.944327487047765,
                -27.447368704642862
              ],
              [
                -53.94548829465174,
                -27.447057805052513
              ],
              [
                -53.94548829509041,
                -27.447057805024137
              ],
              [
                -53.94548829550106,
                -27.447057805164658
              ],
              [
                -53.945488295805966,
                -27.447057805447454
              ],
              [
                -53.94565309418446,
                -27.447299409221166
              ],
              [
                -53.94565352403081,
                -27.44729991910405
              ],
              [
                -53.94565352412354,
                -27.447299919236563
              ],
              [
                -53.94565384889554,
                -27.447300487646775
              ],
              [
                -53.945659354433516,
                -27.447308157607957
              ],
              [
                -53.94565935457318,
                -27.44730815791612
              ],
              [
                -53.945659354578225,
                -27.447308158248493
              ],
              [
                -53.94565935444796,
                -27.447308158559927
              ],
              [
                -53.945659354200096,
                -27.447308158808095
              ],
              [
                -53.94547062533418,
                -27.447438187319285
              ],
              [
                -53.94547062502606,
                -27.447438187463973
              ],
              [
                -53.945428394461416,
                -27.447450315294162
              ],
              [
                -53.9454275693669,
                -27.447450634877807
              ],
              [
                -53.94542756920665,
                -27.44745063492611
              ],
              [
                -53.94542669593381,
                -27.44745082730058
              ],
              [
                -53.944083233543,
                -27.44787514002962
              ],
              [
                -53.94408273523475,
                -27.447875348462897
              ],
              [
                -53.94408273506521,
                -27.44787534851796
              ],
              [
                -53.944082203161244,
                -27.44787547460259
              ],
              [
                -53.94384014838381,
                -27.44795623431934
              ],
              [
                -53.94384014836325,
                -27.447956234325975
              ],
              [
                -53.94183620082162,
                -27.448581076346198
              ],
              [
                -53.94183620082019,
                -27.44858107634664
              ],
              [
                -53.940733349914325,
                -27.448923295442917
              ],
              [
                -53.940733349903695,
                -27.44892329544616
              ],
              [
                -53.9403609052937,
                -27.44903474545703
              ],
              [
                -53.940357319260876,
                -27.44903592914386
              ],
              [
                -53.93989947833083,
                -27.44920150068985
              ],
              [
                -53.939899477888545,
                -27.449201500754175
              ],
              [
                -53.939727129277166,
                -27.449191972967046
              ],
              [
                -53.939727129186274,
                -27.449191972958324
              ],
              [
                -53.93918445068248,
                -27.44911764072
              ],
              [
                -53.93918445032263,
                -27.449117640605554
              ],
              [
                -53.93918445003608,
                -27.44911764038014
              ],
              [
                -53.93918444986376,
                -27.44911764007596
              ],
              [
                -53.93918444983028,
                -27.449117639736443
              ],
              [
                -53.93924473775074,
                -27.44859396068013
              ],
              [
                -53.93924473786961,
                -27.44859396033924
              ],
              [
                -53.939244738127414,
                -27.448593960066205
              ],
              [
                -53.93924473848379,
                -27.448593959903807
              ],
              [
                -53.93924473888285,
                -27.448593959877485
              ],
              [
                -53.93943096983058,
                -27.44861491353345
              ],
              [
                -53.93944315599114,
                -27.44861521018901
              ],
              [
                -53.93945517282052,
                -27.44861338018832
              ],
              [
                -53.93946655856807,
                -27.448609493858605
              ],
              [
                -53.93947687568523,
                -27.44860370054966
              ],
              [
                -53.93948572769091,
                -27.448596222895315
              ],
              [
                -53.93949277440743,
                -27.448587348258005
              ],
              [
                -53.939497745033705,
                -27.448577417685275
              ],
              [
                -53.939500448551904,
                -27.448566812803715
              ],
              [
                -53.93950078106796,
                -27.448555941153025
              ],
              [
                -53.93949872980418,
                -27.4485452205246
              ],
              [
                -53.9394943735901,
                -27.44853506290604
              ],
              [
                -53.93948787983306,
                -27.448525858648683
              ],
              [
                -53.93947949808475,
                -27.448517961466695
              ],
              [
                -53.93946955045102,
                -27.44851167484402
              ],
              [
                -53.93945841921361,
                -27.44850724037178
              ],
              [
                -53.93944653209053,
                -27.44850482845419
              ],
              [
                -53.93919747565369,
                -27.448476805950122
              ],
              [
                -53.93919747564345,
                -27.448476805948914
              ],
              [
                -53.93917768081379,
                -27.448474395062117
              ],
              [
                -53.939177680413984,
                -27.44847439493289
              ],
              [
                -53.939177680109104,
                -27.44847439466841
              ],
              [
                -53.93917767995313,
                -27.44847439431548
              ],
              [
                -53.93905843905937,
                -27.447830166487464
              ],
              [
                -53.93905528360421,
                -27.447819661393307
              ],
              [
                -53.939049891585576,
                -27.44780990739219
              ],
              [
                -53.93904247020315,
                -27.447801279281606
              ],
              [
                -53.939033304656704,
                -27.447794108634792
              ],
              [
                -53.939022747172785,
                -27.4477886710153
              ],
              [
                -53.93901120346924,
                -27.44778517538759
              ],
              [
                -53.9389991171635,
                -27.447783756086537
              ],
              [
                -53.93898695272492,
                -27.44778446765506
              ],
              [
                -53.938975177625295,
                -27.447787282748056
              ],
              [
                -53.93896424437458,
                -27.447792093183292
              ],
              [
                -53.938954573130985,
                -27.447798714098745
              ],
              [
                -53.938946535555,
                -27.44780689105659
              ],
              [
                -53.93894044052623,
                -27.44781630982126
              ],
              [
                -53.93893652227365,
                -27.447826608435143
              ],
              [
                -53.93893493137407,
                -27.447837391128424
              ],
              [
                -53.93893572896883,
                -27.447848243572686
              ],
              [
                -53.93906244559379,
                -27.448532864565852
              ],
              [
                -53.9390659490049,
                -27.44854417523639
              ],
              [
                -53.93907204060876,
                -27.448554575468727
              ],
              [
                -53.9390804478916,
                -27.448563600019263
              ],
              [
                -53.93909079472526,
                -27.448570845143777
              ],
              [
                -53.93910261820873,
                -27.448575986706672
              ],
              [
                -53.939115389430306,
                -27.448578794694033
              ],
              [
                -53.93912137199854,
                -27.44857952333543
              ],
              [
                -53.93912137236413,
                -27.448579523446373
              ],
              [
                -53.93912137265642,
                -27.448579523671523
              ],
              [
                -53.93912137283276,
                -27.44857952397802
              ],
              [
                -53.9391213728674,
                -27.448579524321143
              ],
              [
                -53.939061363359755,
                -27.449100779915458
              ],
              [
                -53.9390613632376,
                -27.44910078026166
              ],
              [
                -53.93906136297239,
                -27.449100780536856
              ],
              [
                -53.939061362607035,
                -27.4491007806965
              ],
              [
                -53.93906136220072,
                -27.449100780714737
              ],
              [
                -53.938350552733745,
                -27.449003416032088
              ],
              [
                -53.93833837987198,
                -27.449002827096567
              ],
              [
                -53.938326312169636,
                -27.449004368110366
              ],
              [
                -53.93831481333131,
                -27.44900797985089
              ],
              [
                -53.9383043252504,
                -27.449013523521224
              ],
              [
                -53.938295250977596,
                -27.449020786081558
              ],
              [
                -53.93828793923222,
                -27.449029488436008
              ],
              [
                -53.93828267100074,
                -27.449039296158276
              ],
              [
                -53.93827964873883,
                -27.44904983234333
              ],
              [
                -53.93827898859095,
                -27.44906069209155
              ],
              [
                -53.93828071592693,
                -27.44907145806889
              ],
              [
                -53.93828476436684,
                -27.44908171654478
              ],
              [
                -53.93829097833189,
                -27.449091073291417
              ],
              [
                -53.938299119023235,
                -27.449099168734087
              ],
              [
                -53.93830887359865,
                -27.44910569176911
              ],
              [
                -53.93831986719495,
                -27.449110391719607
              ],
              [
                -53.93833167738235,
                -27.449113087979992
              ],
              [
                -53.93910710762346,
                -27.44921930398269
              ],
              [
                -53.939711036901265,
                -27.449302025997127
              ],
              [
                -53.939716627885836,
                -27.449302562328562
              ],
              [
                -53.939905893901916,
                -27.449313025321942
              ],
              [
                -53.939919746675876,
                -27.44931240855824
              ],
              [
                -53.93993310165826,
                -27.449309067927835
              ],
              [
                -53.94040227014572,
                -27.449139399903437
              ],
              [
                -53.940402270204004,
                -27.449139399884196
              ],
              [
                -53.94077322891142,
                -27.44902839446894
              ],
              [
                -53.94077388212517,
                -27.449028195395762
              ],
              [
                -53.941877103549494,
                -27.448685861200747
              ],
              [
                -53.94187719087385,
                -27.44868583403826
              ],
              [
                -53.94388181864243,
                -27.44806077968293
              ],
              [
                -53.94388308375432,
                -27.44806037145006
              ],
              [
                -53.94412525533974,
                -27.447979572732507
              ],
              [
                -53.94412525535649,
                -27.447979572727064
              ],
              [
                -53.945467356971754,
                -27.447555689623865
              ],
              [
                -53.945467356999366,
                -27.447555689615537
              ],
              [
                -53.94551908360515,
                -27.447540834691512
              ],
              [
                -53.945523353805044,
                -27.447539180713747
              ],
              [
                -53.945523353848614,
                -27.447539180697937
              ],
              [
                -53.94552770560943,
                -27.44753770571669
              ],
              [
                -53.945528935036705,
                -27.447537018944434
              ],
              [
                -53.9455289351706,
                -27.447537018881565
              ],
              [
                -53.94553026572711,
                -27.44753650351663
              ],
              [
                -53.94553409214978,
                -27.447534138122545
              ],
              [
                -53.945534092189064,
                -27.447534138099456
              ],
              [
                -53.945538037830936,
                -27.447531934018027
              ],
              [
                -53.945671053360904,
                -27.447440290336665
              ],
              [
                -53.94567105372121,
                -27.447440290178367
              ],
              [
                -53.94567105412216,
                -27.44744029015771
              ],
              [
                -53.94567105450047,
                -27.44744029027798
              ],
              [
                -53.94567105479645,
                -27.447440290520166
              ],
              [
                -53.94567378673985,
                -27.44744364337004
              ],
              [
                -53.94568274057069,
                -27.447451023744026
              ],
              [
                -53.94569313626628,
                -27.447456703902844
              ],
              [
                -53.9457045743256,
                -27.447460465560976
              ],
              [
                -53.9457166151898,
                -27.447462164159838
              ],
              [
                -53.9457287961346,
                -27.447461734423165
              ],
              [
                -53.945740649052425,
                -27.4474591928656
              ],
              [
                -53.94575171844168,
                -27.447454637157954
              ],
              [
                -53.94576157891153,
                -27.447448242373806
              ],
              [
                -53.945769851529526,
                -27.447440254261398
              ],
              [
                -53.9457762183837,
                -27.447430979799705
              ],
              [
                -53.9457804347998,
                -27.447420775401348
              ],
              [
                -53.94578233874386,
                -27.447410033215807
              ],
              [
                -53.94578185704907,
                -27.44739916605927
              ],
              [
                -53.945779008227376,
                -27.447388591550386
              ],
              [
                -53.945773901737105,
                -27.44737871602105
              ],
              [
                -53.945769956213844,
                -27.447372713861984
              ],
              [
                -53.945769956088135,
                -27.447372713550976
              ],
              [
                -53.94576995609651,
                -27.447372713220446
              ],
              [
                -53.94576995623785,
                -27.44737271291482
              ],
              [
                -53.94576995649314,
                -27.447372712675175
              ],
              [
                -53.94581054530139,
                -27.447346503903294
              ],
              [
                -53.94581054530877,
                -27.447346503898572
              ],
              [
                -53.94660493486123,
                -27.446843181867802
              ],
              [
                -53.9466112195548,
                -27.446838622586593
              ],
              [
                -53.94685011250741,
                -27.446640911551402
              ],
              [
                -53.946855023513685,
                -27.446636356021852
              ]
            ],
            [
              [
                -53.94709552800384,
                -27.44574693068297
              ],
              [
                -53.947095528320176,
                -27.445746930478002
              ],
              [
                -53.947095528700025,
                -27.445746930395472
              ],
              [
                -53.947095529086575,
                -27.445746930447704
              ],
              [
                -53.947095529422,
                -27.44574693062689
              ],
              [
                -53.94736867295133,
                -27.445966824305184
              ],
              [
                -53.94736867319076,
                -27.445966824594528
              ],
              [
                -53.947368673284416,
                -27.445966824944342
              ],
              [
                -53.94736867321739,
                -27.445966825298996
              ],
              [
                -53.94736867300035,
                -27.445966825602078
              ],
              [
                -53.94707353419129,
                -27.446238771903914
              ],
              [
                -53.947071006607956,
                -27.446241246050356
              ],
              [
                -53.946762928412,
                -27.446561719164283
              ],
              [
                -53.94676292833216,
                -27.44656171923833
              ],
              [
                -53.946529612121516,
                -27.446754814742047
              ],
              [
                -53.94652961201934,
                -27.44675481481616
              ],
              [
                -53.945759909572025,
                -27.447242495022305
              ],
              [
                -53.94575990920025,
                -27.447242495168513
              ],
              [
                -53.94575990879396,
                -27.447242495172333
              ],
              [
                -53.94575990841883,
                -27.44724249503312
              ],
              [
                -53.945759908135415,
                -27.44724249477337
              ],
              [
                -53.94575896847261,
                -27.447241185697113
              ],
              [
                -53.94575896846033,
                -27.447241185679584
              ],
              [
                -53.945575454789584,
                -27.446972144484878
              ],
              [
                -53.94556809459965,
                -27.446963420878248
              ],
              [
                -53.94555896188615,
                -27.446956152307763
              ],
              [
                -53.94554841036673,
                -27.446950620279342
              ],
              [
                -53.94553684874511,
                -27.446947039071134
              ],
              [
                -53.9455247248007,
                -27.44694554739198
              ],
              [
                -53.94552071310676,
                -27.446945409600502
              ],
              [
                -53.94552071277719,
                -27.446945409539122
              ],
              [
                -53.94552071248849,
                -27.4469454093846
              ],
              [
                -53.94552071227268,
                -27.446945409154058
              ],
              [
                -53.94512729482673,
                -27.44634429733047
              ],
              [
                -53.945127294696675,
                -27.446344296987885
              ],
              [
                -53.945127294727946,
                -27.446344296627256
              ],
              [
                -53.94512729491553,
                -27.446344296306584
              ],
              [
                -53.945127295229256,
                -27.44634429607748
              ],
              [
                -53.94588503693517,
                -27.445988847247182
              ],
              [
                -53.94588503695953,
                -27.445988847236134
              ],
              [
                -53.94603025197316,
                -27.445925136355235
              ],
              [
                -53.94603025236816,
                -27.445925136263828
              ],
              [
                -53.94603025277148,
                -27.445925136319186
              ],
              [
                -53.9460302531174,
                -27.4459251365123
              ],
              [
                -53.94603025334956,
                -27.445925136811706
              ],
              [
                -53.946030253430116,
                -27.445925137168597
              ],
              [
                -53.946027036041144,
                -27.446561570652793
              ],
              [
                -53.94602703592971,
                -27.446561571060354
              ],
              [
                -53.94602703562367,
                -27.446561571378858
              ],
              [
                -53.94564660149925,
                -27.44680766041247
              ],
              [
                -53.945637481177364,
                -27.44681487671811
              ],
              [
                -53.945630114150994,
                -27.446823541717986
              ],
              [
                -53.9456247834938,
                -27.44683332245076
              ],
              [
                -53.94562169406038,
                -27.446843843048615
              ],
              [
                -53.94562096457659,
                -27.446854699210963
              ],
              [
                -53.94562262307676,
                -27.446865473741553
              ],
              [
                -53.94562660582631,
                -27.446875752581057
              ],
              [
                -53.945632759770945,
                -27.446885140719274
              ],
              [
                -53.94564084841827,
                -27.446893277374954
              ],
              [
                -53.94565056092612,
                -27.44689984986069
              ],
              [
                -53.9456615240481,
                -27.446904605599315
              ],
              [
                -53.94567331647699,
                -27.44690736183018
              ],
              [
                -53.94568548503581,
                -27.44690801263282
              ],
              [
                -53.94569756209293,
                -27.446906532997275
              ],
              [
                -53.94570908353321,
                -27.44690297978521
              ],
              [
                -53.945719606636665,
                -27.44689748952238
              ],
              [
                -53.94612558061338,
                -27.44663487946305
              ],
              [
                -53.94612732917238,
                -27.446633495931593
              ],
              [
                -53.946127329268826,
                -27.44663349586414
              ],
              [
                -53.94612925263021,
                -27.446632311262345
              ],
              [
                -53.94633742857979,
                -27.446475114247477
              ],
              [
                -53.946342834223266,
                -27.446470507115787
              ],
              [
                -53.94709552800384,
                -27.44574693068297
              ]
            ],
            [
              [
                -53.946820716563096,
                -27.445526608873458
              ],
              [
                -53.9468207169661,
                -27.445526608758005
              ],
              [
                -53.946820717386764,
                -27.445526608799867
              ],
              [
                -53.946820717751336,
                -27.445526608991727
              ],
              [
                -53.946828320337815,
                -27.44553285051295
              ],
              [
                -53.94682863605974,
                -27.445533062735432
              ],
              [
                -53.946828636196976,
                -27.445533062846675
              ],
              [
                -53.94682890315801,
                -27.44553332294852
              ],
              [
                -53.94700305977891,
                -27.44567270898993
              ],
              [
                -53.947003060017316,
                -27.445672709274938
              ],
              [
                -53.947003060113694,
                -27.445672709620005
              ],
              [
                -53.94700306005306,
                -27.445672709971493
              ],
              [
                -53.94700305984483,
                -27.445672710274735
              ],
              [
                -53.946254221210275,
                -27.446392580055083
              ],
              [
                -53.94625422112241,
                -27.44639258012997
              ],
              [
                -53.94615187216553,
                -27.446469865510103
              ],
              [
                -53.94615187183311,
                -27.446469865677006
              ],
              [
                -53.94615187145503,
                -27.446469865722122
              ],
              [
                -53.94615187108513,
                -27.446469865639035
              ],
              [
                -53.94615187077606,
                -27.44646986543957
              ],
              [
                -53.94615187057186,
                -27.446469865152142
              ],
              [
                -53.94615187050158,
                -27.446469864817658
              ],
              [
                -53.94615491240632,
                -27.44586801726746
              ],
              [
                -53.94615491246855,
                -27.44586801695997
              ],
              [
                -53.94615491264465,
                -27.445868016689886
              ],
              [
                -53.94615491291346,
                -27.445868016489616
              ],
              [
                -53.9462564300524,
                -27.445815961670977
              ],
              [
                -53.94625643009315,
                -27.44581596164503
              ],
              [
                -53.94625643026495,
                -27.445815961556924
              ],
              [
                -53.94625643031058,
                -27.445815961538585
              ],
              [
                -53.946820716563096,
                -27.445526608873458
              ]
            ]
          ],
          [
            [
              [
                -53.95433676798649,
                -27.44529738843185
              ],
              [
                -53.95434849628734,
                -27.44530035368099
              ],
              [
                -53.954360647647846,
                -27.445301220617093
              ],
              [
                -53.95437275509718,
                -27.445299955924277
              ],
              [
                -53.954384353352445,
                -27.445296608204092
              ],
              [
                -53.95439499674206,
                -27.4452913060861
              ],
              [
                -53.95586237590673,
                -27.444381317737538
              ],
              [
                -53.95586992444212,
                -27.444375805111868
              ],
              [
                -53.955876413772515,
                -27.444369307093805
              ],
              [
                -53.956030390673234,
                -27.444188334105938
              ],
              [
                -53.956031562695294,
                -27.444186632872782
              ],
              [
                -53.95603156276767,
                -27.44418663278103
              ],
              [
                -53.956032962449356,
                -27.444185074577582
              ],
              [
                -53.95603474712917,
                -27.444182010553888
              ],
              [
                -53.95603474716495,
                -27.444182010497506
              ],
              [
                -53.95603677383525,
                -27.44417906871053
              ],
              [
                -53.95603755131232,
                -27.444177196212852
              ],
              [
                -53.956037551363266,
                -27.444177196110278
              ],
              [
                -53.956038583419115,
                -27.444175424227176
              ],
              [
                -53.95603966379881,
                -27.44417210844736
              ],
              [
                -53.95603966382158,
                -27.44417210838582
              ],
              [
                -53.95604100827142,
                -27.444168870374586
              ],
              [
                -53.95604136135177,
                -27.444166898533492
              ],
              [
                -53.956041361379285,
                -27.44416689842403
              ],
              [
                -53.95604198614806,
                -27.44416498095382
              ],
              [
                -53.95604232070945,
                -27.444161540841467
              ],
              [
                -53.95604232071832,
                -27.444161540777145
              ],
              [
                -53.95604293128144,
                -27.444158130976614
              ],
              [
                -53.956042846396485,
                -27.444156135568893
              ],
              [
                -53.95604284639955,
                -27.444156135456737
              ],
              [
                -53.95604303987182,
                -27.44415414608673
              ],
              [
                -53.95604261575813,
                -27.444150713843435
              ],
              [
                -53.95604261575278,
                -27.444150713778814
              ],
              [
                -53.95604246896578,
                -27.444147263225744
              ],
              [
                -53.95604194937775,
                -27.44414532093375
              ],
              [
                -53.956041949356226,
                -27.44414532082321
              ],
              [
                -53.956041704097125,
                -27.44414333600377
              ],
              [
                -53.956040537607,
                -27.444140043528705
              ],
              [
                -53.95604053758761,
                -27.44414004346626
              ],
              [
                -53.95603963909167,
                -27.444136684763404
              ],
              [
                -53.956038704768154,
                -27.444134870228336
              ],
              [
                -53.95603870472287,
                -27.44413487012367
              ],
              [
                -53.95603803015767,
                -27.44413296613028
              ],
              [
                -53.956036166118864,
                -27.44412993995134
              ],
              [
                -53.95603616608619,
                -27.444129939893468
              ],
              [
                -53.956034550410166,
                -27.444126802113818
              ],
              [
                -53.956033237256776,
                -27.444125185067186
              ],
              [
                -53.956033237189466,
                -27.44412518497242
              ],
              [
                -53.956032159241424,
                -27.444123434974394
              ],
              [
                -53.95602966928801,
                -27.444120791385856
              ],
              [
                -53.95602966924331,
                -27.444120791334782
              ],
              [
                -53.95602739847687,
                -27.444117995061436
              ],
              [
                -53.95602575695738,
                -27.44411663764537
              ],
              [
                -53.956025756870645,
                -27.44411663756413
              ],
              [
                -53.95602431693264,
                -27.444115108778817
              ],
              [
                -53.95569059201642,
                -27.44382421093146
              ],
              [
                -53.955684865565495,
                -27.443819794034262
              ],
              [
                -53.954641496876285,
                -27.443109242355114
              ],
              [
                -53.95462626480773,
                -27.44310162137308
              ],
              [
                -53.954536774912626,
                -27.44307063540757
              ],
              [
                -53.95373355118007,
                -27.4427925157927
              ],
              [
                -53.953733550836695,
                -27.44279251559467
              ],
              [
                -53.953733550609336,
                -27.442792515291483
              ],
              [
                -53.95373355053519,
                -27.44279251493275
              ],
              [
                -53.95373376086988,
                -27.442783699759794
              ],
              [
                -53.953731919783564,
                -27.44277366522353
              ],
              [
                -53.95372805689637,
                -27.442764099015815
              ],
              [
                -53.953722301971,
                -27.44275532248493
              ],
              [
                -53.9537148483274,
                -27.442747630452345
              ],
              [
                -53.95370594634887,
                -27.442741281309
              ],
              [
                -53.95369589502977,
                -27.442736488315745
              ],
              [
                -53.95365651181812,
                -27.442721670752288
              ],
              [
                -53.9536448696019,
                -27.44271844738495
              ],
              [
                -53.95363274629563,
                -27.442717312357477
              ],
              [
                -53.95362060774277,
                -27.44271830927517
              ],
              [
                -53.953608920420486,
                -27.442721399827125
              ],
              [
                -53.95359813346543,
                -27.44272646524543
              ],
              [
                -53.95358866141398,
                -27.44273331086909
              ],
              [
                -53.95358086827159,
                -27.442741673625015
              ],
              [
                -53.95357505352456,
                -27.44275123213746
              ],
              [
                -53.9535714406308,
                -27.442761619078343
              ],
              [
                -53.95357016843239,
                -27.442772435283512
              ],
              [
                -53.953571285819905,
                -27.44278326509226
              ],
              [
                -53.95357474985341,
                -27.442793692321015
              ],
              [
                -53.953580427412604,
                -27.442803316257002
              ],
              [
                -53.95358810031241,
                -27.442811767057474
              ],
              [
                -53.95359747368771,
                -27.44281871996262
              ],
              [
                -53.95359830287707,
                -27.442819121477083
              ],
              [
                -53.95359830319758,
                -27.442819121721563
              ],
              [
                -53.9535983033784,
                -27.442819122061444
              ],
              [
                -53.95359830338807,
                -27.44281912243757
              ],
              [
                -53.953598303224894,
                -27.442819122784478
              ],
              [
                -53.95299483689734,
                -27.443593628664146
              ],
              [
                -53.95299374478305,
                -27.443595373478942
              ],
              [
                -53.95299374471507,
                -27.44359537357326
              ],
              [
                -53.952992418328165,
                -27.44359698397284
              ],
              [
                -53.952925029249016,
                -27.44369830453018
              ],
              [
                -53.95292502921001,
                -27.443698304584316
              ],
              [
                -53.95289802994412,
                -27.443732996358545
              ],
              [
                -53.952898029676035,
                -27.443732996593674
              ],
              [
                -53.952898029330186,
                -27.44373299672513
              ],
              [
                -53.95289802895441,
                -27.443732996734756
              ],
              [
                -53.95289802860068,
                -27.4437329966212
              ],
              [
                -53.95288112683656,
                -27.443724112312708
              ],
              [
                -53.95288112667182,
                -27.44372411220469
              ],
              [
                -53.95287923176096,
                -27.44372258391901
              ],
              [
                -53.95287748666667,
                -27.443721653465975
              ],
              [
                -53.95287748655769,
                -27.443721653398857
              ],
              [
                -53.952875892719454,
                -27.443720527388898
              ],
              [
                -53.95283814081405,
                -27.4436988634451
              ],
              [
                -53.952837952801936,
                -27.4436987775186
              ],
              [
                -53.95283795264064,
                -27.443698777426725
              ],
              [
                -53.95283778618641,
                -27.443698661456526
              ],
              [
                -53.952833723171715,
                -27.44369683540396
              ],
              [
                -53.95283372312721,
                -27.443696835382692
              ],
              [
                -53.952829767349655,
                -27.443694830654085
              ],
              [
                -53.952828489660426,
                -27.443694452600766
              ],
              [
                -53.95282848951776,
                -27.443694452547437
              ],
              [
                -53.952827291441544,
                -27.443693904994845
              ],
              [
                -53.95282708830061,
                -27.443693853455933
              ],
              [
                -53.952827088122326,
                -27.443693853393906
              ],
              [
                -53.95282689946298,
                -27.443693768604167
              ],
              [
                -53.95228559778824,
                -27.44350730470506
              ],
              [
                -53.95227385036916,
                -27.443504400703027
              ],
              [
                -53.95226169371135,
                -27.4435035971995
              ],
              [
                -53.95224959493965,
                -27.443504925060804
              ],
              [
                -53.95223801900236,
                -27.44350833325808
              ],
              [
                -53.95222741075576,
                -27.443513690816477
              ],
              [
                -53.952218177868495,
                -27.443520791848304
              ],
              [
                -53.95221067515524,
                -27.443529363465164
              ],
              [
                -53.952205190941264,
                -27.443539076264965
              ],
              [
                -53.95220193598229,
                -27.443549556990465
              ],
              [
                -53.9522010353652,
                -27.443560402873327
              ],
              [
                -53.95220252370089,
                -27.443571197112366
              ],
              [
                -53.952206343794124,
                -27.443581524890917
              ],
              [
                -53.95221234884137,
                -27.443590989318015
              ],
              [
                -53.95222030807233,
                -27.44359922668073
              ],
              [
                -53.952229915618275,
                -27.443605920421543
              ],
              [
                -53.952240802310925,
                -27.44361081332347
              ],
              [
                -53.952707705916374,
                -27.44377164923256
              ],
              [
                -53.952707706227805,
                -27.443771649402976
              ],
              [
                -53.952707706450994,
                -27.443771649661024
              ],
              [
                -53.95270770655679,
                -27.44377164997301
              ],
              [
                -53.95270770653137,
                -27.443771650298167
              ],
              [
                -53.95270770637806,
                -27.443771650594023
              ],
              [
                -53.95240180587046,
                -27.444158202345537
              ],
              [
                -53.95240180553691,
                -27.444158202613096
              ],
              [
                -53.952401805106454,
                -27.444158202725554
              ],
              [
                -53.952401804663836,
                -27.44415820266078
              ],
              [
                -53.951259453860324,
                -27.443743663284696
              ],
              [
                -53.951247766327,
                -27.44374057282226
              ],
              [
                -53.95123562763,
                -27.44373957601409
              ],
              [
                -53.95122350420392,
                -27.443740711154323
              ],
              [
                -53.95121186194475,
                -27.443743934620233
              ],
              [
                -53.95120114825731,
                -27.443749122536076
              ],
              [
                -53.95119177486229,
                -27.443756075533493
              ],
              [
                -53.951184101974015,
                -27.44376452641287
              ],
              [
                -53.95117842445739,
                -27.44377415041207
              ],
              [
                -53.951174960496694,
                -27.443784577686365
              ],
              [
                -53.951173843210576,
                -27.443795407521545
              ],
              [
                -53.951175115536444,
                -27.443806223733176
              ],
              [
                -53.95117872858016,
                -27.443816610660154
              ],
              [
                -53.95118454349502,
                -27.4438261691385
              ],
              [
                -53.95119233681745,
                -27.443834531840956
              ],
              [
                -53.951201809054496,
                -27.443841377393277
              ],
              [
                -53.95121259623733,
                -27.443846442745123
              ],
              [
                -53.95232388828416,
                -27.44424971156752
              ],
              [
                -53.95232388859097,
                -27.444249711741886
              ],
              [
                -53.95232388880871,
                -27.44424971200187
              ],
              [
                -53.95232388890921,
                -27.44424971231379
              ],
              [
                -53.95232388887944,
                -27.444249712637244
              ],
              [
                -53.95232388872325,
                -27.444249712930354
              ],
              [
                -53.952322184024915,
                -27.44425182229068
              ],
              [
                -53.95232218369983,
                -27.44425182254964
              ],
              [
                -53.95232218328273,
                -27.44425182266242
              ],
              [
                -53.952322182851184,
                -27.444251822608056
              ],
              [
                -53.95175907768854,
                -27.444064120758565
              ],
              [
                -53.9517590776558,
                -27.44406412074707
              ],
              [
                -53.95162911531216,
                -27.44401613719782
              ],
              [
                -53.951168088550645,
                -27.44384591627856
              ],
              [
                -53.95115642227586,
                -27.44384276249519
              ],
              [
                -53.95114429058194,
                -27.443841699881013
              ],
              [
                -53.951132159634604,
                -27.44384276925874
              ],
              [
                -53.951120495618625,
                -27.443845929532937
              ],
              [
                -53.95110974677508,
                -27.44385105925624
              ],
              [
                -53.951100326175705,
                -27.443857961296544
              ],
              [
                -53.95109259584874,
                -27.443866370412586
              ],
              [
                -53.95108685286649,
                -27.443875963447123
              ],
              [
                -53.95108331792903,
                -27.44388637174535
              ],
              [
                -53.9510821268826,
                -27.44389719532237
              ],
              [
                -53.95108332549915,
                -27.443908018234204
              ],
              [
                -53.95108686771717,
                -27.443918424562288
              ],
              [
                -53.95109261741177,
                -27.443928014397052
              ],
              [
                -53.951100353625726,
                -27.443936419206235
              ],
              [
                -53.951109779060765,
                -27.44394331599747
              ],
              [
                -53.95112053154653,
                -27.443948439751587
              ],
              [
                -53.95152239654103,
                -27.444096816989795
              ],
              [
                -53.95152239687425,
                -27.444096817189873
              ],
              [
                -53.95152239709384,
                -27.444096817489925
              ],
              [
                -53.95152239716511,
                -27.444096817842592
              ],
              [
                -53.95152239707683,
                -27.44409681819217
              ],
              [
                -53.95130038796562,
                -27.44453844873373
              ],
              [
                -53.95130038774073,
                -27.44453844901746
              ],
              [
                -53.9513003874123,
                -27.44453844920428
              ],
              [
                -53.95130038702907,
                -27.44453844926643
              ],
              [
                -53.951300386647965,
                -27.44453844919471
              ],
              [
                -53.95093829213872,
                -27.444401183113154
              ],
              [
                -53.95092665957408,
                -27.44439793155503
              ],
              [
                -53.95091453955862,
                -27.444396767167543
              ],
              [
                -53.95090239780945,
                -27.444397734684113
              ],
              [
                -53.95089070092645,
                -27.444400796923716
              ],
              [
                -53.95087989841378,
                -27.444405836206442
              ],
              [
                -53.95087040540556,
                -27.444412658875724
              ],
              [
                -53.95086258671272,
                -27.444421002740558
              ],
              [
                -53.950856742803396,
                -27.444430547151157
              ],
              [
                -53.95085309825618,
                -27.44444092532139
              ],
              [
                -53.95085179312959,
                -27.444451738424156
              ],
              [
                -53.95085287757958,
                -27.444462570917985
              ],
              [
                -53.95085630993204,
                -27.444473006516123
              ],
              [
                -53.9508619582841,
                -27.444482644184117
              ],
              [
                -53.950869605573175,
                -27.44449111355158
              ],
              [
                -53.95087895791822,
                -27.4444980891451
              ],
              [
                -53.950889655957525,
                -27.444503302917607
              ],
              [
                -53.95129325363384,
                -27.444656302301507
              ],
              [
                -53.951293253902826,
                -27.444656302451772
              ],
              [
                -53.9512951825029,
                -27.444657802589404
              ],
              [
                -53.95129520724953,
                -27.44465781525087
              ],
              [
                -53.95129520741025,
                -27.444657815352887
              ],
              [
                -53.95129522892983,
                -27.4446578320607
              ],
              [
                -53.951300494396705,
                -27.44466052038839
              ],
              [
                -53.95130575710217,
                -27.444663213020114
              ],
              [
                -53.951305784141944,
                -27.444663221131055
              ],
              [
                -53.95130578432188,
                -27.44466322120315
              ],
              [
                -53.951305809081475,
                -27.444663233844366
              ],
              [
                -53.95131156123355,
                -27.44466495404574
              ],
              [
                -53.95131731161419,
                -27.444666678947826
              ],
              [
                -53.95131733990804,
                -27.444666682196548
              ],
              [
                -53.95131734010027,
                -27.44466668223593
              ],
              [
                -53.9513173671484,
                -27.444666690324755
              ],
              [
                -53.95132338493,
                -27.444667376292212
              ],
              [
                -53.95132940200495,
                -27.444668067178718
              ],
              [
                -53.951329430465535,
                -27.444668065440386
              ],
              [
                -53.95132943066269,
                -27.44466806544555
              ],
              [
                -53.95132945895987,
                -27.44466806867115
              ],
              [
                -53.95133551110971,
                -27.444667694043883
              ],
              [
                -53.95134156364684,
                -27.44466732436384
              ],
              [
                -53.95134159118046,
                -27.444667317705257
              ],
              [
                -53.95134159137497,
                -27.444667317676007
              ],
              [
                -53.95134161983374,
                -27.444667315914415
              ],
              [
                -53.95134747377101,
                -27.444665895089965
              ],
              [
                -53.95135332917411,
                -27.444664479049266
              ],
              [
                -53.95135335472266,
                -27.4446644677263
              ],
              [
                -53.95135335490702,
                -27.444664467663753
              ],
              [
                -53.951353382433744,
                -27.444664460982665
              ],
              [
                -53.95135881320127,
                -27.444662048560517
              ],
              [
                -53.95136424644358,
                -27.44465964057901
              ],
              [
                -53.95136426902519,
                -27.44465962502683
              ],
              [
                -53.95136426919233,
                -27.444659624933397
              ],
              [
                -53.951364294729245,
                -27.444659613589543
              ],
              [
                -53.9513690936211,
                -27.44465630227871
              ],
              [
                -53.95137389591033,
                -27.444652994893076
              ],
              [
                -53.95137391465727,
                -27.444652975709303
              ],
              [
                -53.951373914800776,
                -27.44465297558857
              ],
              [
                -53.951373937366405,
                -27.44465296001792
              ],
              [
                -53.95137791996234,
                -27.444648877071597
              ],
              [
                -53.951381906750676,
                -27.4446447973817
              ],
              [
                -53.951381920942445,
                -27.444644775303612
              ],
              [
                -53.951381921056786,
                -27.44464477516023
              ],
              [
                -53.951381939784,
                -27.444644755961136
              ],
              [
                -53.951384953037305,
                -27.444640058282445
              ],
              [
                -53.95138797111261,
                -27.444635363071047
              ],
              [
                -53.951387980203876,
                -27.444635338947037
              ],
              [
                -53.95138798028467,
                -27.444635338786505
              ],
              [
                -53.95138799447855,
                -27.444635316658164
              ],
              [
                -53.95163736103381,
                -27.444139264612435
              ],
              [
                -53.95163736125697,
                -27.444139264330165
              ],
              [
                -53.9516373615827,
                -27.44413926414344
              ],
              [
                -53.9516373619632,
                -27.444139264079674
              ],
              [
                -53.95163736234267,
                -27.444139264148173
              ],
              [
                -53.95165307399562,
                -27.44414506506569
              ],
              [
                -53.951653074329705,
                -27.444145065266543
              ],
              [
                -53.95165307454933,
                -27.444145065567835
              ],
              [
                -53.951653074619614,
                -27.44414506592173
              ],
              [
                -53.95165307452943,
                -27.44414506627202
              ],
              [
                -53.9513940566686,
                -27.44465375083105
              ],
              [
                -53.95139012686372,
                -27.444664045856236
              ],
              [
                -53.951388523790385,
                -27.444674827016115
              ],
              [
                -53.95138930903844,
                -27.444685680038923
              ],
              [
                -53.95139245243189,
                -27.444696187849
              ],
              [
                -53.95139783317247,
                -27.444705946636883
              ],
              [
                -53.95140524448168,
                -27.444714581377514
              ],
              [
                -53.95141440154726,
                -27.444721760242448
              ],
              [
                -53.95142495246808,
                -27.444727207351537
              ],
              [
                -53.951436491777855,
                -27.444730713375254
              ],
              [
                -53.95144857602669,
                -27.44473214357889
              ],
              [
                -53.951460740823094,
                -27.44473144300052
              ],
              [
                -53.95147251868,
                -27.44472863856308
              ],
              [
                -53.95148345698053,
                -27.444723838039696
              ],
              [
                -53.95149313537141,
                -27.44471722591211
              ],
              [
                -53.95150118191748,
                -27.444709056280917
              ],
              [
                -53.951507287419574,
                -27.444699643062293
              ],
              [
                -53.95176890789218,
                -27.444185846137287
              ],
              [
                -53.95176890810963,
                -27.444185845862155
              ],
              [
                -53.951768908425024,
                -27.444185845677342
              ],
              [
                -53.9517689087944,
                -27.444185845608597
              ],
              [
                -53.95176890916632,
                -27.444185845665483
              ],
              [
                -53.95224677199641,
                -27.44434513331451
              ],
              [
                -53.95224677231306,
                -27.444345133484376
              ],
              [
                -53.95224677254014,
                -27.44434513374441
              ],
              [
                -53.952246772647314,
                -27.444345134059887
              ],
              [
                -53.95224677262025,
                -27.444345134388655
              ],
              [
                -53.95224677246256,
                -27.444345134686777
              ],
              [
                -53.95217873549186,
                -27.444429321630228
              ],
              [
                -53.95217260961476,
                -27.444438724292954
              ],
              [
                -53.95216865753801,
                -27.44444901247429
              ],
              [
                -53.9521670311132,
                -27.44445979084378
              ],
              [
                -53.952167792843646,
                -27.444470645194773
              ],
              [
                -53.952170913457124,
                -27.444481158400556
              ],
              [
                -53.9521762730308,
                -27.444490926444324
              ],
              [
                -53.952183665599634,
                -27.444499573945368
              ],
              [
                -53.95219280707145,
                -27.444506768584755
              ],
              [
                -53.95220334614449,
                -27.444512233876235
              ],
              [
                -53.95221487780772,
                -27.44451575979149
              ],
              [
                -53.952226958905136,
                -27.44451721083141
              ],
              [
                -53.95223912516636,
                -27.44451653123334
              ],
              [
                -53.95225090904797,
                -27.444513747113948
              ],
              [
                -53.95226185770158,
                -27.444508965465545
              ],
              [
                -53.95227155037606,
                -27.444502370044535
              ],
              [
                -53.95227961462039,
                -27.444494214276077
              ],
              [
                -53.95239531052268,
                -27.444351055309014
              ],
              [
                -53.952395310535586,
                -27.44435105528921
              ],
              [
                -53.95239531065146,
                -27.444351055145834
              ],
              [
                -53.952395310668464,
                -27.44435105512865
              ],
              [
                -53.95247103235669,
                -27.44425735845686
              ],
              [
                -53.95247932230913,
                -27.444247100877995
              ],
              [
                -53.9524793225081,
                -27.444247100693822
              ],
              [
                -53.95248000347462,
                -27.44424662770687
              ],
              [
                -53.95248000350683,
                -27.444246627685402
              ],
              [
                -53.95248395724927,
                -27.444244100209275
              ],
              [
                -53.95248480529844,
                -27.444243292461206
              ],
              [
                -53.95248480541522,
                -27.44424329236611
              ],
              [
                -53.95248578426526,
                -27.444242612474607
              ],
              [
                -53.95248896554254,
                -27.44423932992153
              ],
              [
                -53.952488965569444,
                -27.44423932989486
              ],
              [
                -53.95249229065977,
                -27.44423616281941
              ],
              [
                -53.95249294578405,
                -27.444235222985764
              ],
              [
                -53.95249294587779,
                -27.44423522287218
              ],
              [
                -53.95249375728055,
                -27.444234385638325
              ],
              [
                -53.95282076209901,
                -27.443821164853933
              ],
              [
                -53.9528207623675,
                -27.443821164621664
              ],
              [
                -53.95282076271227,
                -27.44382116449239
              ],
              [
                -53.95282076308613,
                -27.443821164483793
              ],
              [
                -53.952820763437906,
                -27.443821164597065
              ],
              [
                -53.952826847323784,
                -27.443824362554864
              ],
              [
                -53.95282684762933,
                -27.443824362802882
              ],
              [
                -53.95282684779816,
                -27.443824363139235
              ],
              [
                -53.95282684780208,
                -27.44382436350777
              ],
              [
                -53.952826847640445,
                -27.44382436384692
              ],
              [
                -53.95252328324343,
                -27.444213657599896
              ],
              [
                -53.952521161825544,
                -27.44421704393348
              ],
              [
                -53.952521161796334,
                -27.444217043977197
              ],
              [
                -53.952518829673245,
                -27.44422031811627
              ],
              [
                -53.95251819407188,
                -27.44422178122027
              ],
              [
                -53.95251819401173,
                -27.444221781334335
              ],
              [
                -53.9525173359256,
                -27.444223151062364
              ],
              [
                -53.95251599577248,
                -27.444226841527126
              ],
              [
                -53.95251599575337,
                -27.444226841575087
              ],
              [
                -53.952514424394884,
                -27.444230458717392
              ],
              [
                -53.95251412094232,
                -27.44423200433707
              ],
              [
                -53.95251412090827,
                -27.444232004459426
              ],
              [
                -53.952513578827414,
                -27.444233497221703
              ],
              [
                -53.95251307141631,
                -27.444237350033998
              ],
              [
                -53.952513071408056,
                -27.444237350084357
              ],
              [
                -53.952512321200786,
                -27.444241171225226
              ],
              [
                -53.9525123615586,
                -27.44424273996334
              ],
              [
                -53.95251236155197,
                -27.444242740089283
              ],
              [
                -53.952512156308366,
                -27.444244298519777
              ],
              [
                -53.95251250113902,
                -27.444248165618177
              ],
              [
                -53.95251250114193,
                -27.444248165669002
              ],
              [
                -53.95251260091615,
                -27.444252043964166
              ],
              [
                -53.95251298353352,
                -27.44425357553498
              ],
              [
                -53.95251298355456,
                -27.444253575659655
              ],
              [
                -53.95251312303572,
                -27.444255139868748
              ],
              [
                -53.95251430685673,
                -27.44425887264282
              ],
              [
                -53.95251430687071,
                -27.444258872692163
              ],
              [
                -53.9525152527924,
                -27.44426265910086
              ],
              [
                -53.95251596296567,
                -27.444264094646947
              ],
              [
                -53.95251596301355,
                -27.44426409476557
              ],
              [
                -53.952516441859366,
                -27.444265604641576
              ],
              [
                -53.95251841917736,
                -27.44426905964284
              ],
              [
                -53.95251841920185,
                -27.4442690596888
              ],
              [
                -53.95252017492,
                -27.444272608701414
              ],
              [
                -53.95252118535766,
                -27.444273893055513
              ],
              [
                -53.952521185430555,
                -27.44427389316351
              ],
              [
                -53.95252198523935,
                -27.444275290682732
              ],
              [
                -53.952524680067256,
                -27.44427833513735
              ],
              [
                -53.95252468010133,
                -27.44427833517817
              ],
              [
                -53.95252717814477,
                -27.444281510407983
              ],
              [
                -53.95252845001629,
                -27.444282594213014
              ],
              [
                -53.95252845011141,
                -27.44428259430625
              ],
              [
                -53.95252954014702,
                -27.44428382576278
              ],
              [
                -53.95253284892419,
                -27.444286342673966
              ],
              [
                -53.95253284896654,
                -27.44428634270806
              ],
              [
                -53.95253599333688,
                -27.444289022132665
              ],
              [
                -53.95253747776495,
                -27.44428986373858
              ],
              [
                -53.95253747787862,
                -27.444289863813477
              ],
              [
                -53.95253881625157,
                -27.444290881883017
              ],
              [
                -53.952542611823525,
                -27.444292774527185
              ],
              [
                -53.95254261187251,
                -27.444292774553258
              ],
              [
                -53.9525462817334,
                -27.444294855203815
              ],
              [
                -53.95254706007933,
                -27.44429512434325
              ],
              [
                -53.952547060283926,
                -27.4442951244393
              ],
              [
                -53.95323107729873,
                -27.444711689753724
              ],
              [
                -53.953241770608905,
                -27.444716911238253
              ],
              [
                -53.953253400186796,
                -27.444720171175852
              ],
              [
                -53.953265519157476,
                -27.44472134431022
              ],
              [
                -53.95327766179503,
                -27.444720385558462
              ],
              [
                -53.953289361464016,
                -27.444717331764963
              ],
              [
                -53.95330016855213,
                -27.444712300285527
              ],
              [
                -53.95330966774875,
                -27.44470548447734
              ],
              [
                -53.95331749400497,
                -27.44469714626839
              ],
              [
                -53.95332334656232,
                -27.44468760609168
              ],
              [
                -53.95332700051073,
                -27.444677230571106
              ],
              [
                -53.95332831543163,
                -27.444666418432195
              ],
              [
                -53.95332724079402,
                -27.44465558517939
              ],
              [
                -53.953323817896305,
                -27.444645147128448
              ],
              [
                -53.953318178279055,
                -27.44463550540756
              ],
              [
                -53.953310538669975,
                -27.444627030542424
              ],
              [
                -53.95330119261673,
                -27.444620048188412
              ],
              [
                -53.95266161657582,
                -27.444230547650797
              ],
              [
                -53.952661616298485,
                -27.444230547397837
              ],
              [
                -53.95266161615156,
                -27.444230547069157
              ],
              [
                -53.9526616161577,
                -27.44423054671536
              ],
              [
                -53.95266161631592,
                -27.44423054639089
              ],
              [
                -53.95296723526887,
                -27.443838616962953
              ],
              [
                -53.95296724914598,
                -27.443838594811254
              ],
              [
                -53.95296724925855,
                -27.44383859466674
              ],
              [
                -53.95296726769317,
                -27.44383857534101
              ],
              [
                -53.952992698870986,
                -27.443805898414873
              ],
              [
                -53.95299269915653,
                -27.44380589816957
              ],
              [
                -53.95299269952584,
                -27.443805898041084
              ],
              [
                -53.95299269992215,
                -27.443805898049177
              ],
              [
                -53.95299270028449,
                -27.4438058981926
              ],
              [
                -53.95384836101525,
                -27.444345083961053
              ],
              [
                -53.953858959374614,
                -27.44435045726254
              ],
              [
                -53.95387052902047,
                -27.444353882619634
              ],
              [
                -53.953882625380494,
                -27.444355228419596
              ],
              [
                -53.953894783597775,
                -27.444354442944096
              ],
              [
                -53.95390653643802,
                -27.444351556378614
              ],
              [
                -53.95391743224579,
                -27.444346679652412
              ],
              [
                -53.95392705230081,
                -27.44434000017565
              ],
              [
                -53.95393502690967,
                -27.444331774637213
              ],
              [
                -53.95394104961282,
                -27.444322319140152
              ],
              [
                -53.95394488896154,
                -27.444311997054196
              ],
              [
                -53.953946397412395,
                -27.44430120505145
              ],
              [
                -53.95394551699716,
                -27.444290357862553
              ],
              [
                -53.953942281550376,
                -27.44427987233876
              ],
              [
                -53.953936815409016,
                -27.444270151432736
              ],
              [
                -53.95392932863416,
                -27.444261568713078
              ],
              [
                -53.953920108900846,
                -27.44425445397957
              ],
              [
                -53.95306015860781,
                -27.443712565291957
              ],
              [
                -53.95306015834712,
                -27.44371256505181
              ],
              [
                -53.953060158202376,
                -27.443712564743443
              ],
              [
                -53.95306015819349,
                -27.443712564409235
              ],
              [
                -53.95306015832168,
                -27.443712564095083
              ],
              [
                -53.95306489565064,
                -27.443705441434897
              ],
              [
                -53.95306489593111,
                -27.443705441162095
              ],
              [
                -53.95306489631077,
                -27.4437054410128
              ],
              [
                -53.953064896725685,
                -27.443705441012142
              ],
              [
                -53.95306489710595,
                -27.44370544116027
              ],
              [
                -53.953700933971525,
                -27.444109142484884
              ],
              [
                -53.95371151169539,
                -27.444114548022547
              ],
              [
                -53.95372306814873,
                -27.444118008583935
              ],
              [
                -53.95373515926627,
                -27.44411939120363
              ],
              [
                -53.953747320392466,
                -27.44411864274829
              ],
              [
                -53.95375908418139,
                -27.44411579198075
              ],
              [
                -53.95376999855666,
                -27.444110948454583
              ],
              [
                -53.9537796440845,
                -27.444104298304108
              ],
              [
                -53.9537876500927,
                -27.444096097091123
              ],
              [
                -53.953793708914915,
                -27.44408665998398
              ],
              [
                -53.953797587714455,
                -27.44407634964564
              ],
              [
                -53.95379913743181,
                -27.444065562296764
              ],
              [
                -53.953798298512886,
                -27.44405471248913
              ],
              [
                -53.95379510319755,
                -27.44404421717468
              ],
              [
                -53.95378967428055,
                -27.44403447968225
              ],
              [
                -53.9537822203925,
                -27.444025874217974
              ],
              [
                -53.95377302794457,
                -27.444018731455404
              ],
              [
                -53.95313206294723,
                -27.443611902255377
              ],
              [
                -53.9531320626781,
                -27.443611902001443
              ],
              [
                -53.95313206253737,
                -27.443611901675304
              ],
              [
                -53.95313206254619,
                -27.443611901325916
              ],
              [
                -53.95313206270322,
                -27.44361190100575
              ],
              [
                -53.95368961419896,
                -27.442896322377795
              ],
              [
                -53.953689614527725,
                -27.442896322109384
              ],
              [
                -53.95368961495391,
                -27.4428963219932
              ],
              [
                -53.95368961539468,
                -27.442896322051798
              ],
              [
                -53.95442010047845,
                -27.44314925582132
              ],
              [
                -53.95442010078419,
                -27.443149255987933
              ],
              [
                -53.95442010100558,
                -27.443149256239227
              ],
              [
                -53.95442010111482,
                -27.443149256543638
              ],
              [
                -53.95442010109819,
                -27.44314925686291
              ],
              [
                -53.954420100957776,
                -27.44314925715697
              ],
              [
                -53.95441073310879,
                -27.44316198947374
              ],
              [
                -53.95441073308796,
                -27.443161989500958
              ],
              [
                -53.95409254483736,
                -27.44356180675618
              ],
              [
                -53.95409209313289,
                -27.44356238201985
              ],
              [
                -53.954081751159215,
                -27.443575731977266
              ],
              [
                -53.95408175055819,
                -27.443575732943614
              ],
              [
                -53.95408175044556,
                -27.44357573308903
              ],
              [
                -53.95408174964482,
                -27.44357573393221
              ],
              [
                -53.95402338916147,
                -27.443651075251875
              ],
              [
                -53.95402338915002,
                -27.44365107526636
              ],
              [
                -53.95387848745759,
                -27.44383049173862
              ],
              [
                -53.95387236491647,
                -27.443839896099025
              ],
              [
                -53.953868416471565,
                -27.443850185370568
              ],
              [
                -53.95386679383486,
                -27.443860964180967
              ],
              [
                -53.95386755936413,
                -27.443871818306622
              ],
              [
                -53.95387068364114,
                -27.443882330629457
              ],
              [
                -53.953876046602254,
                -27.443892097166604
              ],
              [
                -53.95388344215228,
                -27.44390074259527
              ],
              [
                -53.95389258608447,
                -27.44390793467614
              ],
              [
                -53.95390312700254,
                -27.4439133970213
              ],
              [
                -53.953914659824484,
                -27.44391691971565
              ],
              [
                -53.953926741349875,
                -27.443918367383894
              ],
              [
                -53.95393890729168,
                -27.44391768439289
              ],
              [
                -53.953950690119086,
                -27.4439148969897
              ],
              [
                -53.953961637023845,
                -27.44391011229292
              ],
              [
                -53.953971327322385,
                -27.44390351417594
              ],
              [
                -53.9539793886547,
                -27.443895356167687
              ],
              [
                -53.954089012179644,
                -27.44375962082275
              ],
              [
                -53.95408901246393,
                -27.44375962058524
              ],
              [
                -53.95408901282777,
                -27.443759620461254
              ],
              [
                -53.95408901321715,
                -27.443759620469212
              ],
              [
                -53.95408901357425,
                -27.443759620607906
              ],
              [
                -53.95455030837869,
                -27.4440438828592
              ],
              [
                -53.95456096923784,
                -27.444049156772778
              ],
              [
                -53.954572578445955,
                -27.44405247376863
              ],
              [
                -53.95458468991082,
                -27.444053706397955
              ],
              [
                -53.954596838194824,
                -27.444052807291516
              ],
              [
                -53.9546085564457,
                -27.444049811001527
              ],
              [
                -53.95461939433697,
                -27.444044832673978
              ],
              [
                -53.954628935374316,
                -27.444038063623427
              ],
              [
                -53.954636812900794,
                -27.444029763981085
              ],
              [
                -53.95464272418775,
                -27.444020252697783
              ],
              [
                -53.954646442068125,
                -27.44400989528705
              ],
              [
                -53.954647823666456,
                -27.443999089778497
              ],
              [
                -53.95464681588939,
                -27.44398825142178
              ],
              [
                -53.954643457465906,
                -27.443977796728774
              ],
              [
                -53.954637877458886,
                -27.44396812746723
              ],
              [
                -53.954635713578945,
                -27.44396569974825
              ],
              [
                -53.95463571339917,
                -27.443965699437797
              ],
              [
                -53.95463571336518,
                -27.443965699089688
              ],
              [
                -53.95463571348205,
                -27.443965698756173
              ],
              [
                -53.95463571373224,
                -27.443965698487325
              ],
              [
                -53.9546357140782,
                -27.443965698323506
              ],
              [
                -53.95463571446798,
                -27.44396569828931
              ],
              [
                -53.95464367410309,
                -27.44396638894027
              ],
              [
                -53.954655803936234,
                -27.44396530970261
              ],
              [
                -53.95466746470188,
                -27.443962139952333
              ],
              [
                -53.95467820828258,
                -27.443957001501435
              ],
              [
                -53.954687621808404,
                -27.443950091817918
              ],
              [
                -53.95469534352261,
                -27.443941676437436
              ],
              [
                -53.95470107668436,
                -27.44393207875855
              ],
              [
                -53.954704600971844,
                -27.443921667614934
              ],
              [
                -53.9547057809493,
                -27.443910843101136
              ],
              [
                -53.95470457127153,
                -27.443900021197134
              ],
              [
                -53.95470101842646,
                -27.443889617782528
              ],
              [
                -53.954695258948455,
                -27.443880032654473
              ],
              [
                -53.95468751417137,
                -27.443871634163823
              ],
              [
                -53.95467808168407,
                -27.443864745031284
              ],
              [
                -53.95422049772181,
                -27.443592685571375
              ],
              [
                -53.95422049743844,
                -27.443592685317306
              ],
              [
                -53.954220497288375,
                -27.443592684984818
              ],
              [
                -53.95422049729531,
                -27.44359268462645
              ],
              [
                -53.95422049745817,
                -27.44359268429879
              ],
              [
                -53.95451279507578,
                -27.443225399148144
              ],
              [
                -53.95451336063858,
                -27.443224516332545
              ],
              [
                -53.95451336072957,
                -27.443224516213657
              ],
              [
                -53.95451407654274,
                -27.443223724939376
              ],
              [
                -53.95453866254839,
                -27.443190308804766
              ],
              [
                -53.954538662876715,
                -27.44319030852454
              ],
              [
                -53.95453866330944,
                -27.443190308400926
              ],
              [
                -53.95453866375915,
                -27.4431903084589
              ],
              [
                -53.95457304728229,
                -27.443202213780296
              ],
              [
                -53.954573047529905,
                -27.443202213904176
              ],
              [
                -53.95560639220868,
                -27.443905939245454
              ],
              [
                -53.95560639230176,
                -27.443905939317265
              ],
              [
                -53.95589814493473,
                -27.444160251461188
              ],
              [
                -53.95589814514482,
                -27.444160251725823
              ],
              [
                -53.9558981452364,
                -27.444160252039694
              ],
              [
                -53.95589814519761,
                -27.444160252362153
              ],
              [
                -53.95589814503346,
                -27.444160252651525
              ],
              [
                -53.95578330751246,
                -27.444295223922932
              ],
              [
                -53.95578330728426,
                -27.44429522411818
              ],
              [
                -53.9543240133952,
                -27.44520019785066
              ],
              [
                -53.95431473393938,
                -27.445207250589597
              ],
              [
                -53.95430717504696,
                -27.4452157828872
              ],
              [
                -53.954301627164234,
                -27.44522546688116
              ],
              [
                -53.95429830349367,
                -27.445235930421223
              ],
              [
                -53.95429733176271,
                -27.445246771399553
              ],
              [
                -53.95429874931509,
                -27.445257573203413
              ],
              [
                -53.95430250167575,
                -27.445267920725403
              ],
              [
                -53.9543084446441,
                -27.445277416315836
              ],
              [
                -53.95431634983549,
                -27.44528569506425
              ],
              [
                -53.9543259134579,
                -27.445292438822616
              ],
              [
                -53.95433676798649,
                -27.44529738843185
              ]
            ]
          ],
          [
            [
              [
                -53.94119275189947,
                -27.446146702222833
              ],
              [
                -53.94119881303079,
                -27.446156138368472
              ],
              [
                -53.94120682109968,
                -27.446164338222705
              ],
              [
                -53.94121646838533,
                -27.446170986707997
              ],
              [
                -53.9412273841478,
                -27.446175828326542
              ],
              [
                -53.94123914889986,
                -27.446178677017386
              ],
              [
                -53.94125131052828,
                -27.446179423306884
              ],
              [
                -53.94126340166759,
                -27.446178038515548
              ],
              [
                -53.94127495766152,
                -27.446174575860258
              ],
              [
                -53.94128553441921,
                -27.446169168409128
              ],
              [
                -53.94129472548147,
                -27.4461620239678
              ],
              [
                -53.94130217764091,
                -27.44615341709343
              ],
              [
                -53.941307604515444,
                -27.446143678543628
              ],
              [
                -53.94131079755379,
                -27.446133182565667
              ],
              [
                -53.94131163404992,
                -27.446122332514165
              ],
              [
                -53.941310456775966,
                -27.44611415089071
              ],
              [
                -53.94131045683135,
                -27.44611415046098
              ],
              [
                -53.94131045710467,
                -27.446114150103696
              ],
              [
                -53.94205051232794,
                -27.44552355859958
              ],
              [
                -53.94205875773835,
                -27.445515548145245
              ],
              [
                -53.94206509302708,
                -27.445506256519067
              ],
              [
                -53.94206927476663,
                -27.44549604076051
              ],
              [
                -53.942071142255635,
                -27.44548529345565
              ],
              [
                -53.94207062372823,
                -27.445474427617384
              ],
              [
                -53.94206773911182,
                -27.445463860813675
              ],
              [
                -53.94206259926119,
                -27.445453999120733
              ],
              [
                -53.94205540169831,
                -27.445445221517613
              ],
              [
                -53.94204642302162,
                -27.445437865322322
              ],
              [
                -53.942036008276524,
                -27.445432213229065
              ],
              [
                -53.942024557695476,
                -27.445428482444374
              ],
              [
                -53.94201251131733,
                -27.44542681634004
              ],
              [
                -53.942000332076894,
                -27.4454272789435
              ],
              [
                -53.94198848801491,
                -27.445429852477194
              ],
              [
                -53.94197743429146,
                -27.44543443804191
              ],
              [
                -53.94196759565429,
                -27.445440859443462
              ],
              [
                -53.941263252221646,
                -27.446002951433385
              ],
              [
                -53.94126325183522,
                -27.44600295162581
              ],
              [
                -53.94126325139369,
                -27.446002951652527
              ],
              [
                -53.94126325098167,
                -27.44600295150842
              ],
              [
                -53.94126325067814,
                -27.446002951221093
              ],
              [
                -53.941247147910104,
                -27.445978717270542
              ],
              [
                -53.9412471479036,
                -27.445978717260605
              ],
              [
                -53.941236451140846,
                -27.445962140857144
              ],
              [
                -53.94123645112923,
                -27.44596214083867
              ],
              [
                -53.941226176670604,
                -27.44594531709591
              ],
              [
                -53.941226176668316,
                -27.445945317092118
              ],
              [
                -53.940696370376926,
                -27.445067831172175
              ],
              [
                -53.94069637026149,
                -27.44506783083811
              ],
              [
                -53.94069637029711,
                -27.44506783048998
              ],
              [
                -53.94069637047844,
                -27.445067830180086
              ],
              [
                -53.94069637077823,
                -27.445067829954986
              ],
              [
                -53.94148228686416,
                -27.444680625309932
              ],
              [
                -53.94149232907458,
                -27.44467445992216
              ],
              [
                -53.941500830103955,
                -27.444666665154074
              ],
              [
                -53.94150746330365,
                -27.444657540529374
              ],
              [
                -53.94151197376387,
                -27.44464743670245
              ],
              [
                -53.94151418815069,
                -27.44463674195794
              ],
              [
                -53.94151402136714,
                -27.44462586728892
              ],
              [
                -53.94151147982331,
                -27.444615230602743
              ],
              [
                -53.941506661189905,
                -27.44460524066112
              ],
              [
                -53.94149975064476,
                -27.444596281371687
              ],
              [
                -53.941491013756426,
                -27.444588697034572
              ],
              [
                -53.94148078627849,
                -27.444582779111272
              ],
              [
                -53.94146946124693,
                -27.444578755024057
              ],
              [
                -53.94145747387582,
                -27.444576779416153
              ],
              [
                -53.94144528483235,
                -27.444576928208992
              ],
              [
                -53.94143336253405,
                -27.444579195684618
              ],
              [
                -53.941422165101585,
                -27.44458349472301
              ],
              [
                -53.94063794794964,
                -27.444969862176485
              ],
              [
                -53.94063794756869,
                -27.44496986228374
              ],
              [
                -53.94063794717093,
                -27.44496986225095
              ],
              [
                -53.940637946818455,
                -27.444969862083248
              ],
              [
                -53.940637946566305,
                -27.444969861806836
              ],
              [
                -53.94028349628501,
                -27.444368645104728
              ],
              [
                -53.94028349617334,
                -27.44436864477031
              ],
              [
                -53.940283496212324,
                -27.44436864442309
              ],
              [
                -53.940283496396134,
                -27.444368644115084
              ],
              [
                -53.94028349669723,
                -27.44436864389237
              ],
              [
                -53.94113594520422,
                -27.443955608690263
              ],
              [
                -53.94114603569062,
                -27.443949506445087
              ],
              [
                -53.94115459788427,
                -27.443941765191948
              ],
              [
                -53.941161302786384,
                -27.443932682398128
              ],
              [
                -53.94116589273162,
                -27.443922607110576
              ],
              [
                -53.94116819133149,
                -27.44391192651713
              ],
              [
                -53.94116811025278,
                -27.443901051067055
              ],
              [
                -53.94116565261195,
                -27.443890398697732
              ],
              [
                -53.94116091285541,
                -27.44388037877357
              ],
              [
                -53.9411540731298,
                -27.443871376354437
              ],
              [
                -53.94114539628205,
                -27.44386373739784
              ],
              [
                -53.941135215758585,
                -27.443857755464375
              ],
              [
                -53.94112392279082,
                -27.443853660436115
              ],
              [
                -53.941111951360696,
                -27.443851609682525
              ],
              [
                -53.94109976152276,
                -27.443851682012852
              ],
              [
                -53.941087821725176,
                -27.44385387464752
              ],
              [
                -53.94107659076083,
                -27.443858103342347
              ],
              [
                -53.94022576867616,
                -27.44427035032652
              ],
              [
                -53.940225768296315,
                -27.4442703504312
              ],
              [
                -53.940225767900614,
                -27.444270350397108
              ],
              [
                -53.94022576755023,
                -27.444270350229516
              ],
              [
                -53.94022576729939,
                -27.44427034995435
              ],
              [
                -53.9398491358481,
                -27.443632528613577
              ],
              [
                -53.93984911191036,
                -27.443632496232233
              ],
              [
                -53.93984911181854,
                -27.443632496076972
              ],
              [
                -53.939849095365425,
                -27.443632460171777
              ],
              [
                -53.93946599338622,
                -27.442985857943487
              ],
              [
                -53.939465993274084,
                -27.44298585761191
              ],
              [
                -53.93946599331028,
                -27.442985857267068
              ],
              [
                -53.93946599348948,
                -27.44298585695983
              ],
              [
                -53.939465993785255,
                -27.442985856735508
              ],
              [
                -53.94010469617332,
                -27.442666121691925
              ],
              [
                -53.94011469119742,
                -27.44265989578382
              ],
              [
                -53.940123132738485,
                -27.44265204983934
              ],
              [
                -53.940129696433814,
                -27.442642885348622
              ],
              [
                -53.94013413004469,
                -27.442632754498085
              ],
              [
                -53.940136263190425,
                -27.442622046610822
              ],
              [
                -53.94013601389611,
                -27.442611173184993
              ],
              [
                -53.94013339174268,
                -27.442600552080183
              ],
              [
                -53.94012849749863,
                -27.442590591459357
              ],
              [
                -53.94012151924742,
                -27.44258167410326
              ],
              [
                -53.94011272515951,
                -27.4425741427006
              ],
              [
                -53.94010245318671,
                -27.442568286678693
              ],
              [
                -53.94009109807481,
                -27.442564331080888
              ],
              [
                -53.940079096193855,
                -27.442562427918443
              ],
              [
                -53.94006690876864,
                -27.442562650328757
              ],
              [
                -53.9400550041545,
                -27.442564989764804
              ],
              [
                -53.94004383979282,
                -27.44256935634137
              ],
              [
                -53.93940786241273,
                -27.442887727111863
              ],
              [
                -53.9394078620314,
                -27.442887727221528
              ],
              [
                -53.93940786163227,
                -27.442887727190406
              ],
              [
                -53.93940786127804,
                -27.442887727023386
              ],
              [
                -53.93940786102437,
                -27.442887726746726
              ],
              [
                -53.93901071133524,
                -27.44221721529646
              ],
              [
                -53.939010710345755,
                -27.44221721396164
              ],
              [
                -53.93901071025321,
                -27.442217213805375
              ],
              [
                -53.939010709574525,
                -27.442217212324
              ],
              [
                -53.938625977395255,
                -27.441567748531437
              ],
              [
                -53.93810732110183,
                -27.44069219472373
              ],
              [
                -53.93797355805873,
                -27.440466383828312
              ],
              [
                -53.93796683326563,
                -27.440457312784908
              ],
              [
                -53.93795825423319,
                -27.4404495865864
              ],
              [
                -53.937948150621246,
                -27.440443502108835
              ],
              [
                -53.93793691070565,
                -27.440439293175064
              ],
              [
                -53.93792496642956,
                -27.440437121531833
              ],
              [
                -53.93791277680405,
                -27.44043707063411
              ],
              [
                -53.93790081026899,
                -27.44043914243791
              ],
              [
                -53.93788952669092,
                -27.440443257325168
              ],
              [
                -53.93787935969104,
                -27.44044925716329
              ],
              [
                -53.937870699981175,
                -27.44045691138218
              ],
              [
                -53.937863880349205,
                -27.44046592583483
              ],
              [
                -53.93785916287009,
                -27.440475954101085
              ],
              [
                -53.937856728834404,
                -27.440486610800523
              ],
              [
                -53.93785667178145,
                -27.44049748640219
              ],
              [
                -53.93785899390443,
                -27.44050816296282
              ],
              [
                -53.937863605984944,
                -27.44051823022914
              ],
              [
                -53.93796773441643,
                -27.44069401409332
              ],
              [
                -53.937967734529614,
                -27.44069401443497
              ],
              [
                -53.93796773448569,
                -27.440694014789052
              ],
              [
                -53.937967734291504,
                -27.440694015100334
              ],
              [
                -53.937967733977366,
                -27.440694015320247
              ],
              [
                -53.9371410363157,
                -27.441065415621775
              ],
              [
                -53.937130738577835,
                -27.441071235443058
              ],
              [
                -53.93712191132264,
                -27.441078735819424
              ],
              [
                -53.937114893734574,
                -27.441087628539634
              ],
              [
                -53.9371099554958,
                -27.441097571861818
              ],
              [
                -53.9371072863806,
                -27.441108183669815
              ],
              [
                -53.93710698896226,
                -27.441119056157902
              ],
              [
                -53.93710907467106,
                -27.441129771502386
              ],
              [
                -53.937113463355026,
                -27.44113991791847
              ],
              [
                -53.937119986359974,
                -27.441149105484822
              ],
              [
                -53.93712839301066,
                -27.441156981128064
              ],
              [
                -53.937138360244305,
                -27.441163242191433
              ],
              [
                -53.93714950502527,
                -27.441167648065427
              ],
              [
                -53.93716139906555,
                -27.441170029434648
              ],
              [
                -53.93717358528301,
                -27.441170294784285
              ],
              [
                -53.937185595367495,
                -27.44116843391718
              ],
              [
                -53.937196967824285,
                -27.441164518329476
              ],
              [
                -53.938025856210466,
                -27.44079213366563
              ],
              [
                -53.93802585658558,
                -27.440792133572064
              ],
              [
                -53.93802585697254,
                -27.440792133612
              ],
              [
                -53.93802585731381,
                -27.440792133779514
              ],
              [
                -53.93802585755876,
                -27.440792134049726
              ],
              [
                -53.938486389612116,
                -27.441569568431873
              ],
              [
                -53.938486389725284,
                -27.44156956877352
              ],
              [
                -53.93848638968136,
                -27.441569569127605
              ],
              [
                -53.938486389487174,
                -27.44156956943889
              ],
              [
                -53.938486389173036,
                -27.4415695696588
              ],
              [
                -53.93765968688352,
                -27.44194097274477
              ],
              [
                -53.93764938909398,
                -27.441946792599886
              ],
              [
                -53.937640561805715,
                -27.44195429300403
              ],
              [
                -53.93763354420439,
                -27.44196318574499
              ],
              [
                -53.937628605972776,
                -27.441973129079965
              ],
              [
                -53.93762593688485,
                -27.4419837408924
              ],
              [
                -53.9376256395128,
                -27.441994613376348
              ],
              [
                -53.93762772528518,
                -27.442005328708323
              ],
              [
                -53.93763211404755,
                -27.44201547510395
              ],
              [
                -53.937638637142726,
                -27.442024662642744
              ],
              [
                -53.937647043891985,
                -27.442032538252356
              ],
              [
                -53.93765701122875,
                -27.442038799277313
              ],
              [
                -53.93766815611346,
                -27.44204320510959
              ],
              [
                -53.93768005025408,
                -27.442045586435405
              ],
              [
                -53.93769223656464,
                -27.442045851741604
              ],
              [
                -53.9377042467314,
                -27.44204399083269
              ],
              [
                -53.93771561925647,
                -27.442040075206435
              ],
              [
                -53.938544512351456,
                -27.4416676877199
              ],
              [
                -53.93854451272659,
                -27.441667687626328
              ],
              [
                -53.93854451311354,
                -27.441667687666264
              ],
              [
                -53.93854451345483,
                -27.441667687833778
              ],
              [
                -53.93854451369978,
                -27.441667688103994
              ],
              [
                -53.938871121094074,
                -27.442219032717805
              ],
              [
                -53.938871121207264,
                -27.442219033059445
              ],
              [
                -53.93887112116334,
                -27.442219033413526
              ],
              [
                -53.93887112096915,
                -27.442219033724804
              ],
              [
                -53.93887112065501,
                -27.442219033944724
              ],
              [
                -53.938044415501494,
                -27.442590439863668
              ],
              [
                -53.93803411768082,
                -27.442596259754037
              ],
              [
                -53.938025290377325,
                -27.44260376018752
              ],
              [
                -53.93801827277723,
                -27.442612652950764
              ],
              [
                -53.93801333456326,
                -27.442622596300126
              ],
              [
                -53.93801066550871,
                -27.442633208118473
              ],
              [
                -53.93801036818449,
                -27.44264408059965
              ],
              [
                -53.93801245401732,
                -27.442654795920276
              ],
              [
                -53.93801684285044,
                -27.442664942296418
              ],
              [
                -53.93802336602393,
                -27.44267412980833
              ],
              [
                -53.93803177285609,
                -27.44268200538469
              ],
              [
                -53.938041740277136,
                -27.442688266371317
              ],
              [
                -53.938052885244254,
                -27.442692672161645
              ],
              [
                -53.93806477946226,
                -27.44269505344351
              ],
              [
                -53.9380769658422,
                -27.44269531870545
              ],
              [
                -53.93808897606769,
                -27.442693457753673
              ],
              [
                -53.93810034863856,
                -27.442689542087592
              ],
              [
                -53.93892924130226,
                -27.442317153244417
              ],
              [
                -53.938929241677414,
                -27.44231715315085
              ],
              [
                -53.938929242064376,
                -27.442317153190793
              ],
              [
                -53.93892924240567,
                -27.442317153358317
              ],
              [
                -53.93892924265062,
                -27.44231715362855
              ],
              [
                -53.939298165580475,
                -27.44294001021937
              ],
              [
                -53.93929816569366,
                -27.442940010561244
              ],
              [
                -53.93929816564952,
                -27.442940010915553
              ],
              [
                -53.93929816545496,
                -27.44294001122691
              ],
              [
                -53.939298165140364,
                -27.442940011446698
              ],
              [
                -53.93847108347855,
                -27.443310566448666
              ],
              [
                -53.93846077841996,
                -27.443316376220288
              ],
              [
                -53.93845194181343,
                -27.44332386797743
              ],
              [
                -53.938444913202616,
                -27.443332753840217
              ],
              [
                -53.938439962693415,
                -27.443342692330095
              ],
              [
                -53.93843728053162,
                -27.44335330151673
              ],
              [
                -53.93843696979184,
                -27.44336417369507
              ],
              [
                -53.93843904241632,
                -27.4433748910534
              ],
              [
                -53.93844341875593,
                -27.44338504172945
              ],
              [
                -53.93844993063085,
                -27.44339423563823
              ],
              [
                -53.93845832779359,
                -27.44340211946264
              ],
              [
                -53.938468287545945,
                -27.44340839023149
              ],
              [
                -53.9384794271398,
                -27.4434128069623
              ],
              [
                -53.93849131848645,
                -27.44341519992244
              ],
              [
                -53.9385035046074,
                -27.443415477151728
              ],
              [
                -53.938515517196095,
                -27.44341362799639
              ],
              [
                -53.93852689466154,
                -27.44340972350262
              ],
              [
                -53.93935629085071,
                -27.443038131367267
              ],
              [
                -53.939356291225685,
                -27.44303813127409
              ],
              [
                -53.939356291612306,
                -27.44303813131422
              ],
              [
                -53.939356291953274,
                -27.44303813148172
              ],
              [
                -53.939356292198035,
                -27.443038131751756
              ],
              [
                -53.939709503638085,
                -27.443634285787816
              ],
              [
                -53.93970950375129,
                -27.44363428612946
              ],
              [
                -53.939709503707384,
                -27.443634286483555
              ],
              [
                -53.93970950351319,
                -27.44363428679486
              ],
              [
                -53.93970950319904,
                -27.443634287014774
              ],
              [
                -53.93888279471084,
                -27.444005697103904
              ],
              [
                -53.938872496817446,
                -27.444011517064173
              ],
              [
                -53.93886366947437,
                -27.44401901755566
              ],
              [
                -53.93885665186946,
                -27.4440279103627
              ],
              [
                -53.9388517136855,
                -27.4440378537401
              ],
              [
                -53.93884904469471,
                -27.444048465569548
              ],
              [
                -53.938848747465556,
                -27.444059338044497
              ],
              [
                -53.93885083342106,
                -27.444070053341804
              ],
              [
                -53.938855222399766,
                -27.444080199678417
              ],
              [
                -53.93886174573617,
                -27.444089387136117
              ],
              [
                -53.93887015274231,
                -27.444097262645677
              ],
              [
                -53.9388801203417,
                -27.444103523555473
              ],
              [
                -53.938891265484685,
                -27.444107929261897
              ],
              [
                -53.93890315986932,
                -27.444110310456008
              ],
              [
                -53.93891534640024,
                -27.44411057562971
              ],
              [
                -53.93892735675528,
                -27.4441087145926
              ],
              [
                -53.93893872942928,
                -27.44410479884738
              ],
              [
                -53.93976755901051,
                -27.443732435666053
              ],
              [
                -53.93976755938599,
                -27.443732435572464
              ],
              [
                -53.93976755977326,
                -27.4437324356126
              ],
              [
                -53.939767560114674,
                -27.4437324357805
              ],
              [
                -53.9397675603595,
                -27.44373243605119
              ],
              [
                -53.940115611343884,
                -27.444321857286248
              ],
              [
                -53.94011561145631,
                -27.44432185762548
              ],
              [
                -53.940115611413844,
                -27.444321857977197
              ],
              [
                -53.940115611223,
                -27.444321858287267
              ],
              [
                -53.94011561091317,
                -27.444321858508022
              ],
              [
                -53.939116155030725,
                -27.44478207848454
              ],
              [
                -53.939116154655096,
                -27.444782078581564
              ],
              [
                -53.93911615426631,
                -27.44478207854413
              ],
              [
                -53.93911615392253,
                -27.44478207837785
              ],
              [
                -53.939116153675215,
                -27.44478207810761
              ],
              [
                -53.93872925506628,
                -27.44413503235007
              ],
              [
                -53.93872925500431,
                -27.444135032246436
              ],
              [
                -53.93790396657903,
                -27.44275480260598
              ],
              [
                -53.9379039665266,
                -27.4427548025183
              ],
              [
                -53.93752952531523,
                -27.442128567656788
              ],
              [
                -53.93701217805975,
                -27.4412633168946
              ],
              [
                -53.937005282704725,
                -27.441254126483642
              ],
              [
                -53.936996481188565,
                -27.44124633896976
              ],
              [
                -53.93698612323965,
                -27.441240263777015
              ],
              [
                -53.936974620464305,
                -27.441236142322616
              ],
              [
                -53.93696242996199,
                -27.4412341383857
              ],
              [
                -53.936950036160944,
                -27.44123433159911
              ],
              [
                -53.93693793156831,
                -27.441236714284944
              ],
              [
                -53.93692659715219,
                -27.44124119177802
              ],
              [
                -53.936220366416855,
                -27.441599169563734
              ],
              [
                -53.93621040879728,
                -27.44160544293165
              ],
              [
                -53.936202014303916,
                -27.441613328929265
              ],
              [
                -53.936195505491845,
                -27.441622524528032
              ],
              [
                -53.936191132491366,
                -27.441632676346543
              ],
              [
                -53.936189063355016,
                -27.441643394256246
              ],
              [
                -53.9361893775992,
                -27.441654266373966
              ],
              [
                -53.936192063148404,
                -27.441664874890225
              ],
              [
                -53.936197016799035,
                -27.44167481212547
              ],
              [
                -53.936204048185566,
                -27.441683696197156
              ],
              [
                -53.936212887095856,
                -27.441691185695003
              ],
              [
                -53.936223193855454,
                -27.441696992801532
              ],
              [
                -53.93623457238108,
                -27.44170089435266
              ],
              [
                -53.93624658540176,
                -27.441702740413778
              ],
              [
                -53.936258771263184,
                -27.441702460041768
              ],
              [
                -53.93627066166887,
                -27.441700064011208
              ],
              [
                -53.93628179972209,
                -27.44169564438236
              ],
              [
                -53.93693250578885,
                -27.441365811277905
              ],
              [
                -53.93693250616989,
                -27.44136581116639
              ],
              [
                -53.93693250656953,
                -27.441365811195833
              ],
              [
                -53.93693250692489,
                -27.44136581136158
              ],
              [
                -53.93693250718006,
                -27.44136581163757
              ],
              [
                -53.9373909622494,
                -27.442132567810397
              ],
              [
                -53.93739096236321,
                -27.442132568143858
              ],
              [
                -53.93739096232677,
                -27.44213256849093
              ],
              [
                -53.937390962145535,
                -27.442132568799753
              ],
              [
                -53.93739096184657,
                -27.442132569024167
              ],
              [
                -53.93673595952294,
                -27.44245561091427
              ],
              [
                -53.93672592041485,
                -27.442461780127925
              ],
              [
                -53.93671742323503,
                -27.442469578142905
              ],
              [
                -53.93671079448428,
                -27.44247870531144
              ],
              [
                -53.936706288902094,
                -27.442488810881812
              ],
              [
                -53.93670407963606,
                -27.442499506502763
              ],
              [
                -53.93670425158768,
                -27.44251038114766
              ],
              [
                -53.93670679814963,
                -27.442521016909932
              ],
              [
                -53.9367116214596,
                -27.44253100506302
              ],
              [
                -53.93671853616088,
                -27.442539961767515
              ],
              [
                -53.93672727652561,
                -27.44254754282205
              ],
              [
                -53.936737506666375,
                -27.442553456890593
              ],
              [
                -53.93674883344427,
                -27.44255747669858
              ],
              [
                -53.93676082157705,
                -27.442559447766854
              ],
              [
                -53.93677301036671,
                -27.442559294348314
              ],
              [
                -53.93678493140439,
                -27.442557022338818
              ],
              [
                -53.93679612661637,
                -27.44255271903298
              ],
              [
                -53.93744950385364,
                -27.44223047848718
              ],
              [
                -53.937449504233165,
                -27.442230478379926
              ],
              [
                -53.937449504629676,
                -27.442230478411723
              ],
              [
                -53.93744950498168,
                -27.44223047857767
              ],
              [
                -53.93744950523457,
                -27.442230478852
              ],
              [
                -53.93776540277193,
                -27.442758803059288
              ],
              [
                -53.93776540288574,
                -27.442758803392753
              ],
              [
                -53.9377654028493,
                -27.442758803739817
              ],
              [
                -53.937765402668056,
                -27.442758804048644
              ],
              [
                -53.937765402369095,
                -27.44275880427307
              ],
              [
                -53.93711039816173,
                -27.44308184802908
              ],
              [
                -53.9371003590248,
                -27.44308801727336
              ],
              [
                -53.9370918618311,
                -27.44309581531339
              ],
              [
                -53.937085233082,
                -27.443104942500423
              ],
              [
                -53.937080727516935,
                -27.443115048082014
              ],
              [
                -53.93707851828283,
                -27.443125743706503
              ],
              [
                -53.93707869027995,
                -27.443136618347104
              ],
              [
                -53.937081236899225,
                -27.443147254097422
              ],
              [
                -53.93708606027613,
                -27.443157242231337
              ],
              [
                -53.93709297505142,
                -27.44316619891022
              ],
              [
                -53.93710171549435,
                -27.443173779933623
              ],
              [
                -53.93711194571451,
                -27.443179693966766
              ],
              [
                -53.937123272569956,
                -27.443183713736413
              ],
              [
                -53.93713526077546,
                -27.443185684764913
              ],
              [
                -53.93714744963023,
                -27.443185531306664
              ],
              [
                -53.937159370722874,
                -27.443183259259047
              ],
              [
                -53.9371705659776,
                -27.443178955918167
              ],
              [
                -53.93782394492193,
                -27.442856713595894
              ],
              [
                -53.93782394530145,
                -27.44285671348864
              ],
              [
                -53.93782394569798,
                -27.44285671352044
              ],
              [
                -53.93782394604997,
                -27.44285671368638
              ],
              [
                -53.937823946302856,
                -27.442856713960715
              ],
              [
                -53.93861952493096,
                -27.444187257629203
              ],
              [
                -53.93902499371986,
                -27.444865360802243
              ],
              [
                -53.939025519000594,
                -27.444866220901325
              ],
              [
                -53.93903616596938,
                -27.44488329386378
              ],
              [
                -53.93903908626095,
                -27.444887054384562
              ],
              [
                -53.939039086278534,
                -27.44488705440799
              ],
              [
                -53.93904187337889,
                -27.444890894482974
              ],
              [
                -53.939042552877176,
                -27.444891518440166
              ],
              [
                -53.93904255298308,
                -27.444891518555014
              ],
              [
                -53.939043108306414,
                -27.44489223365641
              ],
              [
                -53.93904679476561,
                -27.44489541360385
              ],
              [
                -53.93904679478797,
                -27.44489541362376
              ],
              [
                -53.939050368047226,
                -27.444898694810004
              ],
              [
                -53.93905117093036,
                -27.4448991885094
              ],
              [
                -53.93905117105934,
                -27.44489918860361
              ],
              [
                -53.9390518720841,
                -27.444899793308934
              ],
              [
                -53.93905618307065,
                -27.444902270515808
              ],
              [
                -53.939056183096945,
                -27.444902270531447
              ],
              [
                -53.939060405196756,
                -27.44490486673471
              ],
              [
                -53.939061300610426,
                -27.444905211203746
              ],
              [
                -53.93906130075754,
                -27.444905211273692
              ],
              [
                -53.93906212054365,
                -27.444905682344388
              ],
              [
                -53.939066890388695,
                -27.444907361612984
              ],
              [
                -53.93906689041791,
                -27.444907361623745
              ],
              [
                -53.939071599105205,
                -27.444909173073246
              ],
              [
                -53.93907255263902,
                -27.44490935507411
              ],
              [
                -53.9390725527986,
                -27.444909355117098
              ],
              [
                -53.93907345984224,
                -27.444909674450233
              ],
              [
                -53.9390785052431,
                -27.444910491247114
              ],
              [
                -53.93907850527411,
                -27.44491049125259
              ],
              [
                -53.93908351959637,
                -27.444911448335223
              ],
              [
                -53.93908449460661,
                -27.444911460873747
              ],
              [
                -53.93908449477252,
                -27.44491146088814
              ],
              [
                -53.93908545421633,
                -27.444911616211844
              ],
              [
                -53.93909058128071,
                -27.44491153914795
              ],
              [
                -53.93909058131231,
                -27.444911539147924
              ],
              [
                -53.9390957085718,
                -27.44491160508355
              ],
              [
                -53.9390966675893,
                -27.444911447677864
              ],
              [
                -53.93909666775516,
                -27.444911447663102
              ],
              [
                -53.93909764272833,
                -27.444911433008414
              ],
              [
                -53.93910265442577,
                -27.44491046504529
              ],
              [
                -53.93910265445675,
                -27.444910465039758
              ],
              [
                -53.93910769761538,
                -27.444909637294515
              ],
              [
                -53.93910860378554,
                -27.444909315993645
              ],
              [
                -53.939108603945,
                -27.444909315950305
              ],
              [
                -53.939109556979695,
                -27.444909131880376
              ],
              [
                -53.939114260713296,
                -27.444907310216383
              ],
              [
                -53.939114260742485,
                -27.444907310205558
              ],
              [
                -53.93911902604056,
                -27.444905620572868
              ],
              [
                -53.940173333738606,
                -27.444420143049207
              ],
              [
                -53.940173334115705,
                -27.444420142952065
              ],
              [
                -53.94017333450584,
                -27.4444201429904
              ],
              [
                -53.940173334850215,
                -27.444420143158414
              ],
              [
                -53.940173335096894,
                -27.444420143430794
              ],
              [
                -53.9405285983832,
                -27.44502274009299
              ],
              [
                -53.94052859849514,
                -27.445022740430094
              ],
              [
                -53.94052859845411,
                -27.44502274077977
              ],
              [
                -53.94052859826632,
                -27.445022741088884
              ],
              [
                -53.940528597960316,
                -27.44502274131043
              ],
              [
                -53.93952868679591,
                -27.44549348573093
              ],
              [
                -53.93951851498041,
                -27.44549947974927
              ],
              [
                -53.939509849371,
                -27.445507128985195
              ],
              [
                -53.93950302294065,
                -27.44551613950768
              ],
              [
                -53.93949829802553,
                -27.445526165047728
              ],
              [
                -53.93949585620201,
                -27.445536820329586
              ],
              [
                -53.939495791308666,
                -27.44554769587681
              ],
              [
                -53.939498105839995,
                -27.44555837374819
              ],
              [
                -53.93950271085049,
                -27.44556844359895
              ],
              [
                -53.9395094293726,
                -27.44557751845009
              ],
              [
                -53.93951800321757,
                -27.44558524955993
              ],
              [
                -53.93952810289722,
                -27.445591339825913
              ],
              [
                -53.93953934028623,
                -27.445595555202246
              ],
              [
                -53.93955128353758,
                -27.445597733694253
              ],
              [
                -53.93956347367804,
                -27.445597791583605
              ],
              [
                -53.93957544224677,
                -27.44559572664571
              ],
              [
                -53.939586729343866,
                -27.445591618218312
              ],
              [
                -53.94058702212347,
                -27.44512069393705
              ],
              [
                -53.94058702249936,
                -27.44512069383688
              ],
              [
                -53.940587022889694,
                -27.445120693871925
              ],
              [
                -53.94058702323568,
                -27.44512069403691
              ],
              [
                -53.94058702348521,
                -27.445120694306986
              ],
              [
                -53.94109415023327,
                -27.445960619119873
              ],
              [
                -53.94109415035246,
                -27.445960619495157
              ],
              [
                -53.941094150282886,
                -27.445960619880253
              ],
              [
                -53.94109415003754,
                -27.445960620203106
              ],
              [
                -53.94024811431543,
                -27.44667376686121
              ],
              [
                -53.94024011659777,
                -27.446681974849792
              ],
              [
                -53.94023406745342,
                -27.446691417087408
              ],
              [
                -53.940230199315316,
                -27.446701730747908
              ],
              [
                -53.94022866083439,
                -27.446712519483334
              ],
              [
                -53.9402295111343,
                -27.446723368688616
              ],
              [
                -53.94023271753918,
                -27.446733861434783
              ],
              [
                -53.940238156829245,
                -27.44674359449128
              ],
              [
                -53.94024561997601,
                -27.446752193821936
              ],
              [
                -53.940254820175,
                -27.44675932895899
              ],
              [
                -53.94026540386767,
                -27.44676472570284
              ],
              [
                -53.94027696432809,
                -27.446768176659383
              ],
              [
                -53.9402890572938,
                -27.446769549210178
              ],
              [
                -53.94030121803817,
                -27.446768790608846
              ],
              [
                -53.940312979229944,
                -27.44676593000809
              ],
              [
                -53.94032388889252,
                -27.446761077339424
              ],
              [
                -53.940333527812825,
                -27.446754419061147
              ],
              [
                -53.94115685227812,
                -27.44606041598666
              ],
              [
                -53.94115685258011,
                -27.446060415810994
              ],
              [
                -53.94115685293198,
                -27.446060415741062
              ],
              [
                -53.94115685328899,
                -27.446060415785727
              ],
              [
                -53.94115685360575,
                -27.446060415939318
              ],
              [
                -53.94115685384192,
                -27.44606041618231
              ],
              [
                -53.941180808496476,
                -27.446096466895835
              ],
              [
                -53.9411808086259,
                -27.446096467217803
              ],
              [
                -53.94118080861161,
                -27.446096467559624
              ],
              [
                -53.941179775289136,
                -27.446100439695783
              ],
              [
                -53.94117928785036,
                -27.44611072279394
              ],
              [
                -53.94118093789195,
                -27.446120909263502
              ],
              [
                -53.941184668640034,
                -27.446130648555258
              ],
              [
                -53.94119275189947,
                -27.446146702222833
              ]
            ]
          ],
          [
            [
              [
                -53.93288342956766,
                -27.446860150490394
              ],
              [
                -53.932887970104886,
                -27.44685681584276
              ],
              [
                -53.932888106916074,
                -27.44685666665997
              ],
              [
                -53.9328881070506,
                -27.446856666538743
              ],
              [
                -53.93288827290125,
                -27.446856543007417
              ],
              [
                -53.932891965400486,
                -27.446852459259254
              ],
              [
                -53.932891965404885,
                -27.446852459254416
              ],
              [
                -53.93289568949382,
                -27.44684839840192
              ],
              [
                -53.93289579105376,
                -27.446848228273616
              ],
              [
                -53.9328957911592,
                -27.446848228131323
              ],
              [
                -53.93289592680988,
                -27.446848078107372
              ],
              [
                -53.93289865534611,
                -27.446843430149336
              ],
              [
                -53.93289865534938,
                -27.446843430143815
              ],
              [
                -53.93290141987543,
                -27.446838799142743
              ],
              [
                -53.93290148228117,
                -27.446838614606964
              ],
              [
                -53.93290148235347,
                -27.446838614449046
              ],
              [
                -53.932901582591214,
                -27.446838443697814
              ],
              [
                -53.93290324230885,
                -27.446833410147928
              ],
              [
                -53.93290324231085,
                -27.446833410141945
              ],
              [
                -53.93290494103475,
                -27.446828386959673
              ],
              [
                -53.93290496188809,
                -27.446828195108015
              ],
              [
                -53.932904961924464,
                -27.44682819494055
              ],
              [
                -53.932905022897216,
                -27.44682801002389
              ],
              [
                -53.932905550014404,
                -27.446822784318833
              ],
              [
                -53.93290555001505,
                -27.446822784312616
              ],
              [
                -53.93290611765623,
                -27.44681756198716
              ],
              [
                -53.932906096155804,
                -27.446817370192363
              ],
              [
                -53.93290609615485,
                -27.446817370021787
              ],
              [
                -53.932906115519465,
                -27.44681717804596
              ],
              [
                -53.93290548977967,
                -27.44681196100677
              ],
              [
                -53.93290548977895,
                -27.44681196100056
              ],
              [
                -53.93290490452363,
                -27.446806740222836
              ],
              [
                -53.932904841495706,
                -27.446806555855463
              ],
              [
                -53.93290484145747,
                -27.446806555688337
              ],
              [
                -53.93290481846977,
                -27.446806364030863
              ],
              [
                -53.932903063920186,
                -27.446801356145425
              ],
              [
                -53.93290306391812,
                -27.44680135613946
              ],
              [
                -53.93290134825765,
                -27.446796337540942
              ],
              [
                -53.93290124612435,
                -27.446796167686127
              ],
              [
                -53.932901246050314,
                -27.44679616752885
              ],
              [
                -53.932901181593735,
                -27.446795983555035
              ],
              [
                -53.93289836566089,
                -27.446791377273325
              ],
              [
                -53.93289836565756,
                -27.44679137726783
              ],
              [
                -53.93289558552413,
                -27.446786753710473
              ],
              [
                -53.93289544821041,
                -27.446786604895635
              ],
              [
                -53.93289544810338,
                -27.446786604754273
              ],
              [
                -53.93289534465497,
                -27.44678643553409
              ],
              [
                -53.93289157555378,
                -27.446782407872917
              ],
              [
                -53.93289157554932,
                -27.44678240786812
              ],
              [
                -53.932887837782005,
                -27.44677835703236
              ],
              [
                -53.93288767056473,
                -27.446778234976367
              ],
              [
                -53.93288767042887,
                -27.44677823485635
              ],
              [
                -53.93288753196407,
                -27.446778086892852
              ],
              [
                -53.932882954539245,
                -27.446774792632976
              ],
              [
                -53.93288295453381,
                -27.44677479262905
              ],
              [
                -53.93287840277278,
                -27.446771470185983
              ],
              [
                -53.93287821207801,
                -27.44677137957936
              ],
              [
                -53.93287821191851,
                -27.44677137948529
              ],
              [
                -53.93287804375847,
                -27.44677125846463
              ],
              [
                -53.93287579680977,
                -27.446770208593332
              ],
              [
                -53.93287579652416,
                -27.446770208394508
              ],
              [
                -53.93287579633545,
                -27.446770208118604
              ],
              [
                -53.93287579626792,
                -27.44677020780106
              ],
              [
                -53.93287579633019,
                -27.44677020748266
              ],
              [
                -53.93287579651432,
                -27.446770207204295
              ],
              [
                -53.93287579679661,
                -27.446770207001737
              ],
              [
                -53.93367972359071,
                -27.446380986370528
              ],
              [
                -53.933689816531285,
                -27.44637488696491
              ],
              [
                -53.93369838172332,
                -27.446367148108564
              ],
              [
                -53.93370509005266,
                -27.446358067176774
              ],
              [
                -53.933709683722356,
                -27.44634799314488
              ],
              [
                -53.93371198620073,
                -27.446337313152462
              ],
              [
                -53.933711909005524,
                -27.446326437625693
              ],
              [
                -53.93370945510401,
                -27.446315784504936
              ],
              [
                -53.933704718798836,
                -27.446305763183428
              ],
              [
                -53.933697882104,
                -27.44629675877471
              ],
              [
                -53.933689207750106,
                -27.446289117312887
              ],
              [
                -53.93367902908754,
                -27.446283132454695
              ],
              [
                -53.933667737276295,
                -27.44627903419463
              ],
              [
                -53.933655766253885,
                -27.446276980026383
              ],
              [
                -53.933643576059225,
                -27.446277048890405
              ],
              [
                -53.933631635154036,
                -27.446279238140345
              ],
              [
                -53.93362040237397,
                -27.446283463662027
              ],
              [
                -53.93277082386817,
                -27.446694786148374
              ],
              [
                -53.932770823445466,
                -27.446694786256007
              ],
              [
                -53.93277082301152,
                -27.446694786193397
              ],
              [
                -53.93277082264838,
                -27.446694785972387
              ],
              [
                -53.93277082242473,
                -27.44669478563478
              ],
              [
                -53.93277066854445,
                -27.4466943637651
              ],
              [
                -53.93276624205718,
                -27.446685153265985
              ],
              [
                -53.93276003057896,
                -27.446676803489147
              ],
              [
                -53.932752236732306,
                -27.446669586809318
              ],
              [
                -53.93126593573368,
                -27.445521630805562
              ],
              [
                -53.9312659355022,
                -27.445521630546157
              ],
              [
                -53.931265935391444,
                -27.445521630229656
              ],
              [
                -53.93126593541637,
                -27.44552162989884
              ],
              [
                -53.93126593557362,
                -27.445521629598424
              ],
              [
                -53.93126593584193,
                -27.445521629368997
              ],
              [
                -53.93183351681128,
                -27.445190369980637
              ],
              [
                -53.93225179624353,
                -27.444946244786518
              ],
              [
                -53.93225179629182,
                -27.44494624476003
              ],
              [
                -53.93293071387307,
                -27.44459683615214
              ],
              [
                -53.93294062531479,
                -27.444590504467065
              ],
              [
                -53.93294660519068,
                -27.444584812452522
              ],
              [
                -53.9329466056896,
                -27.44458481219289
              ],
              [
                -53.932948354554924,
                -27.444584433186833
              ],
              [
                -53.93294835456558,
                -27.444584433184573
              ],
              [
                -53.93295396581828,
                -27.444583274478724
              ],
              [
                -53.93295427438193,
                -27.444583150284814
              ],
              [
                -53.932954274559016,
                -27.444583150230525
              ],
              [
                -53.932954603504044,
                -27.444583078943037
              ],
              [
                -53.93295982757195,
                -27.444580915179127
              ],
              [
                -53.93295982758192,
                -27.444580915175067
              ],
              [
                -53.93296507764095,
                -27.444578802076364
              ],
              [
                -53.93296535311811,
                -27.44457862656229
              ],
              [
                -53.93296535327991,
                -27.444578626478204
              ],
              [
                -53.9329656603612,
                -27.44457849928777
              ],
              [
                -53.93349049931983,
                -27.4443023698924
              ],
              [
                -53.93349049932625,
                -27.444302369889055
              ],
              [
                -53.93439734453082,
                -27.4438332421045
              ],
              [
                -53.93440724000868,
                -27.443826890679308
              ],
              [
                -53.934415556455576,
                -27.44381893897505
              ],
              [
                -53.934421974315775,
                -27.443809692545525
              ],
              [
                -53.934426246954814,
                -27.44379950672617
              ],
              [
                -53.93442821017817,
                -27.44378877295239
              ],
              [
                -53.93442778854096,
                -27.443777903717187
              ],
              [
                -53.93442499824711,
                -27.443767316719082
              ],
              [
                -53.93441994652666,
                -27.44375741881027
              ],
              [
                -53.93441282751482,
                -27.443748590361622
              ],
              [
                -53.93440391479135,
                -27.443741170645108
              ],
              [
                -53.93439355086713,
                -27.443735444795998
              ],
              [
                -53.934382134021604,
                -27.443731632855215
              ],
              [
                -53.934370102997136,
                -27.443729881313335
              ],
              [
                -53.934357920138616,
                -27.4437302574811
              ],
              [
                -53.93434605362577,
                -27.443732746902658
              ],
              [
                -53.93433495943599,
                -27.443737253929584
              ],
              [
                -53.93348153121205,
                -27.444178748185642
              ],
              [
                -53.93348153083966,
                -27.444178748299276
              ],
              [
                -53.93348153044683,
                -27.444178748277402
              ],
              [
                -53.93348153009314,
                -27.444178748123353
              ],
              [
                -53.933481529832214,
                -27.444178747860466
              ],
              [
                -53.932230800873086,
                -27.44226914979626
              ],
              [
                -53.932230664583145,
                -27.442268981969363
              ],
              [
                -53.932230664486326,
                -27.442268981822803
              ],
              [
                -53.932230565945474,
                -27.442268794147278
              ],
              [
                -53.931664570773634,
                -27.44141918545879
              ],
              [
                -53.93165734549543,
                -27.441410426012013
              ],
              [
                -53.93164834371392,
                -27.441403092524645
              ],
              [
                -53.931637911332786,
                -27.44139746678231
              ],
              [
                -53.931626449262154,
                -27.441393764978876
              ],
              [
                -53.93161439798258,
                -27.441392129372463
              ],
              [
                -53.93160222061708,
                -27.44139262281844
              ],
              [
                -53.93159038513442,
                -27.441395226354043
              ],
              [
                -53.93157934636498,
                -27.441399839927044
              ],
              [
                -53.931569528522076,
                -27.441406286240674
              ],
              [
                -53.93156130889969,
                -27.44141431756708
              ],
              [
                -53.931555003373504,
                -27.44142362526711
              ],
              [
                -53.9315508542617,
                -27.44143385165138
              ],
              [
                -53.93154902101288,
                -27.44144460372579
              ],
              [
                -53.93154957407847,
                -27.441455468294226
              ],
              [
                -53.93155249220511,
                -27.4414660278373
              ],
              [
                -53.93155766327262,
                -27.441475876597842
              ],
              [
                -53.93212353984313,
                -27.44232530839555
              ],
              [
                -53.932123539846955,
                -27.442325308401323
              ],
              [
                -53.93337417006724,
                -27.444234758327998
              ],
              [
                -53.93337417019585,
                -27.44423475865974
              ],
              [
                -53.933374170172755,
                -27.444234759010136
              ],
              [
                -53.93337417000147,
                -27.444234759326132
              ],
              [
                -53.93337416970795,
                -27.44423475955987
              ],
              [
                -53.93295663484622,
                -27.444454433795304
              ],
              [
                -53.932956634471196,
                -27.44445443391181
              ],
              [
                -53.932956634074806,
                -27.444454433890474
              ],
              [
                -53.932956633718234,
                -27.444454433734542
              ],
              [
                -53.93295663345648,
                -27.44445443346811
              ],
              [
                -53.93165833607371,
                -27.442440604262824
              ],
              [
                -53.93165826664001,
                -27.442440517515397
              ],
              [
                -53.9316582665428,
                -27.442440517365277
              ],
              [
                -53.93165821699555,
                -27.442440420367717
              ],
              [
                -53.9312755928849,
                -27.44185212260518
              ],
              [
                -53.93126847082241,
                -27.441843296107184
              ],
              [
                -53.931259555603674,
                -27.441835878886856
              ],
              [
                -53.931249189806195,
                -27.44183015594732
              ],
              [
                -53.93123777178153,
                -27.441826347217763
              ],
              [
                -53.93122574031731,
                -27.441824599065317
              ],
              [
                -53.9312135577753,
                -27.441824978670468
              ],
              [
                -53.93120169232307,
                -27.441827471445283
              ],
              [
                -53.93119059994277,
                -27.441831981593996
              ],
              [
                -53.93118070690779,
                -27.441838335794426
              ],
              [
                -53.93117239340191,
                -27.441846289858464
              ],
              [
                -53.93116597890853,
                -27.441855538116226
              ],
              [
                -53.93116170993341,
                -27.44186572516258
              ],
              [
                -53.93115975053145,
                -27.441876459515214
              ],
              [
                -53.93116017600203,
                -27.441887328659043
              ],
              [
                -53.93116296999522,
                -27.441897914898863
              ],
              [
                -53.93116802516076,
                -27.441907811451735
              ],
              [
                -53.931519187733706,
                -27.44244773706455
              ],
              [
                -53.93151918786159,
                -27.442447737399313
              ],
              [
                -53.93151918783533,
                -27.442447737752207
              ],
              [
                -53.931519187659,
                -27.442447738068942
              ],
              [
                -53.931519187359704,
                -27.442447738300846
              ],
              [
                -53.93137377009028,
                -27.442521637672954
              ],
              [
                -53.93137376972251,
                -27.44252163778338
              ],
              [
                -53.93137376933522,
                -27.44252163776206
              ],
              [
                -53.93137376898544,
                -27.442521637612113
              ],
              [
                -53.931373768724754,
                -27.442521637355668
              ],
              [
                -53.931170440699596,
                -27.442221375301987
              ],
              [
                -53.931163144759964,
                -27.442212662563488
              ],
              [
                -53.93115408387439,
                -27.442205387176536
              ],
              [
                -53.9311436062176,
                -27.44219982869418
              ],
              [
                -53.9311321144397,
                -27.44219620072556
              ],
              [
                -53.93112005016274,
                -27.442194642691337
              ],
              [
                -53.93110787700936,
                -27.442195214465837
              ],
              [
                -53.931096062786374,
                -27.44219789407619
              ],
              [
                -53.93108506150722,
                -27.442202578546638
              ],
              [
                -53.93107529594435,
                -27.44220908785592
              ],
              [
                -53.931067141382904,
                -27.442217171855198
              ],
              [
                -53.9310609111981,
                -27.442226519881245
              ],
              [
                -53.93105684481292,
                -27.44223677269488
              ],
              [
                -53.9310550984968,
                -27.442247536286374
              ],
              [
                -53.93105573936038,
                -27.442258397016992
              ],
              [
                -53.93105874277632,
                -27.442268937514854
              ],
              [
                -53.931063993347095,
                -27.442278752754525
              ],
              [
                -53.931265667685345,
                -27.442576573145942
              ],
              [
                -53.93126566782048,
                -27.442576573482587
              ],
              [
                -53.931265667798364,
                -27.442576573839617
              ],
              [
                -53.93126566762247,
                -27.44257657416091
              ],
              [
                -53.93126566732045,
                -27.442576574395975
              ],
              [
                -53.931006302898645,
                -27.44270838089343
              ],
              [
                -53.930996352966844,
                -27.442714664157855
              ],
              [
                -53.93098796819151,
                -27.442722558506023
              ],
              [
                -53.93098147075421,
                -27.44273176058861
              ],
              [
                -53.93097711034819,
                -27.442741916774995
              ],
              [
                -53.93097505454194,
                -27.44275263676876
              ],
              [
                -53.930975382339625,
                -27.44276350860663
              ],
              [
                -53.93097808114485,
                -27.442774114489897
              ],
              [
                -53.930983047244666,
                -27.442784046840263
              ],
              [
                -53.93099008979501,
                -27.442792923962756
              ],
              [
                -53.93099893815482,
                -27.442800404714255
              ],
              [
                -53.93100925228653,
                -27.44280620161342
              ],
              [
                -53.93102063582341,
                -27.442810091888337
              ],
              [
                -53.931032651302054,
                -27.442811926037812
              ],
              [
                -53.93104483697365,
                -27.442811633576458
              ],
              [
                -53.93105672454888,
                -27.442809225743446
              ],
              [
                -53.93106785724007,
                -27.4428047950525
              ],
              [
                -53.931327720582246,
                -27.442672734948566
              ],
              [
                -53.931327720960645,
                -27.44267273483694
              ],
              [
                -53.931327721357995,
                -27.442672734864477
              ],
              [
                -53.93132772171253,
                -27.442672735026907
              ],
              [
                -53.93132772196913,
                -27.442672735298974
              ],
              [
                -53.93144634485739,
                -27.442865954710207
              ],
              [
                -53.931453220666306,
                -27.442874935331222
              ],
              [
                -53.931461928086065,
                -27.4428825465847
              ],
              [
                -53.93147213252349,
                -27.442888496010884
              ],
              [
                -53.93148344182745,
                -27.44289255497639
              ],
              [
                -53.93149542138717,
                -27.442894567497294
              ],
              [
                -53.931507610834224,
                -27.442894456233482
              ],
              [
                -53.931519541734346,
                -27.442892225460806
              ],
              [
                -53.93153075558903,
                -27.44288796090679
              ],
              [
                -53.93154082145582,
                -27.442881826456116
              ],
              [
                -53.9315493525088,
                -27.442874057852592
              ],
              [
                -53.93155602090454,
                -27.442864953639557
              ],
              [
                -53.931560570380604,
                -27.44285486368713
              ],
              [
                -53.93156282610374,
                -27.44284417574666
              ],
              [
                -53.93156270138847,
                -27.44283330054976
              ],
              [
                -53.9315602010282,
                -27.442822656024106
              ],
              [
                -53.9315554210914,
                -27.44281265119172
              ],
              [
                -53.93143580231612,
                -27.442617809913873
              ],
              [
                -53.931435802198244,
                -27.442617809581925
              ],
              [
                -53.93143580223009,
                -27.442617809234882
              ],
              [
                -53.93143580240693,
                -27.44261780892447
              ],
              [
                -53.931435802702374,
                -27.442617808696966
              ],
              [
                -53.93158140271999,
                -27.442543816420223
              ],
              [
                -53.931581403093155,
                -27.442543816309183
              ],
              [
                -53.93158140348557,
                -27.442543816333618
              ],
              [
                -53.93158140383783,
                -27.442543816489852
              ],
              [
                -53.931581404096555,
                -27.44254381675422
              ],
              [
                -53.93284937196449,
                -27.444510602566552
              ],
              [
                -53.93284937209062,
                -27.44451060289968
              ],
              [
                -53.932849372064396,
                -27.44451060325051
              ],
              [
                -53.93284937188979,
                -27.44451060356573
              ],
              [
                -53.93284937159334,
                -27.444510603797426
              ],
              [
                -53.93218814071185,
                -27.44485090961646
              ],
              [
                -53.93218517009375,
                -27.44485253915667
              ],
              [
                -53.93182049952248,
                -27.44506537602381
              ],
              [
                -53.93182049914257,
                -27.44506537615758
              ],
              [
                -53.93182049873434,
                -27.44506537614631
              ],
              [
                -53.931820498364424,
                -27.445065375991827
              ],
              [
                -53.93182049809322,
                -27.445065375719384
              ],
              [
                -53.93131207658744,
                -27.4442782102064
              ],
              [
                -53.931312076460216,
                -27.444278209867807
              ],
              [
                -53.93131207649026,
                -27.444278209511715
              ],
              [
                -53.93131207667286,
                -27.44427820919395
              ],
              [
                -53.93131207697938,
                -27.444278208964295
              ],
              [
                -53.93165287733384,
                -27.444112423515737
              ],
              [
                -53.931652877707585,
                -27.444112423411056
              ],
              [
                -53.93165287809785,
                -27.444112423440988
              ],
              [
                -53.93165287844607,
                -27.444112423601048
              ],
              [
                -53.93165287869994,
                -27.444112423867196
              ],
              [
                -53.93204495610136,
                -27.44473762765741
              ],
              [
                -53.93205192236525,
                -27.44474655268281
              ],
              [
                -53.932060706378216,
                -27.444754093685795
              ],
              [
                -53.93207097060392,
                -27.444759960906016
              ],
              [
                -53.93208232059358,
                -27.44476392886924
              ],
              [
                -53.932094320172936,
                -27.444765845088693
              ],
              [
                -53.93210650820419,
                -27.444765635925105
              ],
              [
                -53.93211841630758,
                -27.444763309416544
              ],
              [
                -53.93212958686051,
                -27.444758954969668
              ],
              [
                -53.932139590584676,
                -27.444752739923626
              ],
              [
                -53.93214804304231,
                -27.444744903119467
              ],
              [
                -53.93215461941031,
                -27.444735745721534
              ],
              [
                -53.932159066962875,
                -27.444725619643698
              ],
              [
                -53.9321612147836,
                -27.444714914025614
              ],
              [
                -53.93216098033363,
                -27.444704040278257
              ],
              [
                -53.93215837262341,
                -27.444693416273573
              ],
              [
                -53.93215349184644,
                -27.444683450245154
              ],
              [
                -53.93176108354177,
                -27.444057719706407
              ],
              [
                -53.93176108342096,
                -27.444057719378357
              ],
              [
                -53.93176108344717,
                -27.44405771903384
              ],
              [
                -53.93176108361657,
                -27.444057718723364
              ],
              [
                -53.93176108390435,
                -27.444057718492445
              ],
              [
                -53.93190160328659,
                -27.443982593710402
              ],
              [
                -53.931901603661935,
                -27.44398259359136
              ],
              [
                -53.93190160405968,
                -27.44398259361094
              ],
              [
                -53.93190160441805,
                -27.4439825937661
              ],
              [
                -53.93190160468142,
                -27.443982594032736
              ],
              [
                -53.932117915794414,
                -27.444316537331222
              ],
              [
                -53.93212502047394,
                -27.4443253750643
              ],
              [
                -53.93213392114669,
                -27.444332806356233
              ],
              [
                -53.93214427579375,
                -27.44433854566249
              ],
              [
                -53.93215568649151,
                -27.444342372424508
              ],
              [
                -53.93216771473274,
                -27.444344139581816
              ],
              [
                -53.93217989827808,
                -27.44434377922349
              ],
              [
                -53.93219176892011,
                -27.444341305197998
              ],
              [
                -53.93220287047611,
                -27.444336812580904
              ],
              [
                -53.93221277631911,
                -27.44433047402125
              ],
              [
                -53.9322211057729,
                -27.444322533106636
              ],
              [
                -53.93222753874143,
                -27.444313295002228
              ],
              [
                -53.93223182800961,
                -27.444303114723485
              ],
              [
                -53.932233808743895,
                -27.444292383492968
              ],
              [
                -53.93223340482641,
                -27.44428151370585
              ],
              [
                -53.932230631780165,
                -27.444270923081934
              ],
              [
                -53.93222559615177,
                -27.444261018572174
              ],
              [
                -53.93200837210151,
                -27.44392566633369
              ],
              [
                -53.93200837197502,
                -27.443925666003523
              ],
              [
                -53.93200837199847,
                -27.443925665655236
              ],
              [
                -53.93200837216833,
                -27.443925665340963
              ],
              [
                -53.932008372459215,
                -27.443925665107724
              ],
              [
                -53.93217594661761,
                -27.443836561908466
              ],
              [
                -53.932185756004436,
                -27.44383010503002
              ],
              [
                -53.93219396495557,
                -27.443822064883747
              ],
              [
                -53.932200258045995,
                -27.443812750421817
              ],
              [
                -53.9322043934361,
                -27.44380251959401
              ],
              [
                -53.93220621220575,
                -27.443791765565447
              ],
              [
                -53.93220564446132,
                -27.443780901607454
              ],
              [
                -53.93220271202161,
                -27.44377034521577
              ],
              [
                -53.932197527579206,
                -27.443760502066397
              ],
              [
                -53.93219029036974,
                -27.443751750425825
              ],
              [
                -53.93218127851522,
                -27.443744426614355
              ],
              [
                -53.93217083833605,
                -27.44373881208162
              ],
              [
                -53.93215937104212,
                -27.44373512259078
              ],
              [
                -53.93214731731446,
                -27.443733499926722
              ],
              [
                -53.932135140370455,
                -27.443734006447478
              ],
              [
                -53.932123308162495,
                -27.443736622687823
              ],
              [
                -53.932112275350015,
                -27.443741248126223
              ],
              [
                -53.93189199748663,
                -27.443858375026306
              ],
              [
                -53.93189193729109,
                -27.443858414648904
              ],
              [
                -53.931891937123055,
                -27.44385841473849
              ],
              [
                -53.93189186949641,
                -27.44385844326708
              ],
              [
                -53.93169988820966,
                -27.443961080742888
              ],
              [
                -53.93169988783287,
                -27.44396108086211
              ],
              [
                -53.93169988743375,
                -27.443961080841678
              ],
              [
                -53.9316998870747,
                -27.44396108068479
              ],
              [
                -53.93169988681191,
                -27.443961080416006
              ],
              [
                -53.93096871423724,
                -27.442817004310875
              ],
              [
                -53.93096871423578,
                -27.442817004308584
              ],
              [
                -53.930778081820726,
                -27.442516683762243
              ],
              [
                -53.93077106393855,
                -27.44250779105719
              ],
              [
                -53.93076223640901,
                -27.442500290761494
              ],
              [
                -53.93075193844025,
                -27.44249447107058
              ],
              [
                -53.93074056577709,
                -27.44249055563165
              ],
              [
                -53.93072855546411,
                -27.44248869491269
              ],
              [
                -53.93071636905017,
                -27.44248896042
              ],
              [
                -53.93070447485157,
                -27.442491341950372
              ],
              [
                -53.930693329955204,
                -27.442495747983113
              ],
              [
                -53.930683362652736,
                -27.442502009197103
              ],
              [
                -53.93067495598182,
                -27.442509884977706
              ],
              [
                -53.93066843300619,
                -27.442519072663405
              ],
              [
                -53.93066404440053,
                -27.442529219176823
              ],
              [
                -53.93066195881701,
                -27.44253993459332
              ],
              [
                -53.93066225640413,
                -27.442550807125492
              ],
              [
                -53.93066492572646,
                -27.44256141894799
              ],
              [
                -53.93066986422426,
                -27.442571362294878
              ],
              [
                -53.93083007292688,
                -27.442823754105856
              ],
              [
                -53.93083007305039,
                -27.442823754438724
              ],
              [
                -53.93083007302227,
                -27.442823754788446
              ],
              [
                -53.93083007284679,
                -27.442823755102168
              ],
              [
                -53.930830072550485,
                -27.44282375533249
              ],
              [
                -53.93077296252373,
                -27.442852998835466
              ],
              [
                -53.93076303563435,
                -27.442859311063817
              ],
              [
                -53.930754679793836,
                -27.4428672298063
              ],
              [
                -53.93074821607193,
                -27.44287645077624
              ],
              [
                -53.93074389286615,
                -27.4428866196172
              ],
              [
                -53.93074187631545,
                -27.44289734554646
              ],
              [
                -53.93074224391542,
                -27.442908216372654
              ],
              [
                -53.93074498154007,
                -27.442918814335943
              ],
              [
                -53.93074998398463,
                -27.442928732162336
              ],
              [
                -53.93075705900837,
                -27.4429375887151
              ],
              [
                -53.93076593472226,
                -27.442945043641547
              ],
              [
                -53.93077627003748,
                -27.442950810452743
              ],
              [
                -53.93078766777338,
                -27.442954667533126
              ],
              [
                -53.93079968992065,
                -27.442956466657076
              ],
              [
                -53.9308118744744,
                -27.442956138685236
              ],
              [
                -53.93082375318825,
                -27.442953696221462
              ],
              [
                -53.93083486961492,
                -27.442949233110156
              ],
              [
                -53.93089151785098,
                -27.442920226056692
              ],
              [
                -53.9308915182255,
                -27.44292022594436
              ],
              [
                -53.93089151861968,
                -27.442920225968685
              ],
              [
                -53.93089151897328,
                -27.442920226125974
              ],
              [
                -53.930891519232304,
                -27.442920226392175
              ],
              [
                -53.931591696438325,
                -27.444015804554553
              ],
              [
                -53.93159169656368,
                -27.444015804892636
              ],
              [
                -53.9315916965326,
                -27.44401580524764
              ],
              [
                -53.9315916963499,
                -27.444015805564252
              ],
              [
                -53.931591696044094,
                -27.444015805793086
              ],
              [
                -53.93125060718514,
                -27.44418173150867
              ],
              [
                -53.93125060681463,
                -27.444181731613025
              ],
              [
                -53.93125060642736,
                -27.444181731584987
              ],
              [
                -53.93125060608055,
                -27.444181731428696
              ],
              [
                -53.93125060582545,
                -27.44418173116724
              ],
              [
                -53.93052511038622,
                -27.44305881969278
              ],
              [
                -53.93052511038351,
                -27.44305881968857
              ],
              [
                -53.93052228064766,
                -27.443054384956156
              ],
              [
                -53.93052204296697,
                -27.443054015767494
              ],
              [
                -53.93052148601455,
                -27.44305315829006
              ],
              [
                -53.93052095761663,
                -27.443052360218005
              ],
              [
                -53.93051707143233,
                -27.443046601084816
              ],
              [
                -53.9305170714276,
                -27.443046601077754
              ],
              [
                -53.92964101510724,
                -27.441721105363733
              ],
              [
                -53.92963382396948,
                -27.441712323550345
              ],
              [
                -53.929624850776186,
                -27.441704962180328
              ],
              [
                -53.92961444033256,
                -27.441699304110756
              ],
              [
                -53.929602992705824,
                -27.44169556677786
              ],
              [
                -53.92959094782122,
                -27.44169389380509
              ],
              [
                -53.92957876855622,
                -27.441694349483782
              ],
              [
                -53.92956692295254,
                -27.44169691630254
              ],
              [
                -53.9295558662294,
                -27.44170149562018
              ],
              [
                -53.92954602329014,
                -27.441707911456326
              ],
              [
                -53.929537772393196,
                -27.44171591725435
              ],
              [
                -53.929531430616095,
                -27.441725205356118
              ],
              [
                -53.92952724167008,
                -27.441735418825438
              ],
              [
                -53.92952536653459,
                -27.44174616516455
              ],
              [
                -53.92952587727072,
                -27.441757031397664
              ],
              [
                -53.92952875425183,
                -27.441767599941475
              ],
              [
                -53.92953388693877,
                -27.441777464693
              ],
              [
                -53.93037849947725,
                -27.44305538759292
              ],
              [
                -53.93037849960746,
                -27.44305538792509
              ],
              [
                -53.93037849958527,
                -27.443055388276424
              ],
              [
                -53.930378499414076,
                -27.44305538859345
              ],
              [
                -53.930378499119925,
                -27.44305538882789
              ],
              [
                -53.93022421366836,
                -27.44313655161353
              ],
              [
                -53.930224213294395,
                -27.443136551729893
              ],
              [
                -53.930224212899034,
                -27.44313655170914
              ],
              [
                -53.930224212542946,
                -27.443136551554456
              ],
              [
                -53.9302242122808,
                -27.44313655128959
              ],
              [
                -53.92883121808604,
                -27.440996604742757
              ],
              [
                -53.9284627799482,
                -27.440429832768327
              ],
              [
                -53.92845566007077,
                -27.440421004897676
              ],
              [
                -53.928446746720134,
                -27.440413585966915
              ],
              [
                -53.928436382402005,
                -27.440407861044886
              ],
              [
                -53.928424965411054,
                -27.440404050136912
              ],
              [
                -53.92841293449518,
                -27.440402299693886
              ],
              [
                -53.92840075199508,
                -27.440402676984295
              ],
              [
                -53.9283888860768,
                -27.440405167509173
              ],
              [
                -53.92837779274026,
                -27.440409675559202
              ],
              [
                -53.92836789829572,
                -27.440416027892855
              ],
              [
                -53.92835958298106,
                -27.440423980393764
              ],
              [
                -53.928353166349176,
                -27.440433227452143
              ],
              [
                -53.928348894988076,
                -27.440443413708927
              ],
              [
                -53.928346933044295,
                -27.440454147712124
              ],
              [
                -53.92834735591491,
                -27.440465016960122
              ],
              [
                -53.92835014734991,
                -27.440475603753665
              ],
              [
                -53.92835520009735,
                -27.44048550128864
              ],
              [
                -53.92869302377351,
                -27.441005179741264
              ],
              [
                -53.928693023900394,
                -27.441005180070103
              ],
              [
                -53.92869302387839,
                -27.441005180417328
              ],
              [
                -53.92869302371075,
                -27.441005180731306
              ],
              [
                -53.928693023422426,
                -27.441005180965334
              ],
              [
                -53.92835594548184,
                -27.441187163542985
              ],
              [
                -53.92834618506609,
                -27.441193678997795
              ],
              [
                -53.928338036916735,
                -27.441201768111302
              ],
              [
                -53.92833181412272,
                -27.441211120050426
              ],
              [
                -53.92832775582293,
                -27.44122137542557
              ],
              [
                -53.928326017976126,
                -27.441232140128655
              ],
              [
                -53.92832666736746,
                -27.441243000478153
              ],
              [
                -53.92832967904185,
                -27.44125353911686
              ],
              [
                -53.92833493726295,
                -27.441263351050605
              ],
              [
                -53.92834223996063,
                -27.44127205921199
              ],
              [
                -53.928351306496474,
                -27.44127932895095
              ],
              [
                -53.92836178844847,
                -27.441284880895235
              ],
              [
                -53.92837328300064,
                -27.44128850168645
              ],
              [
                -53.92838534842326,
                -27.441290052179504
              ],
              [
                -53.92839752104825,
                -27.441289472789755
              ],
              [
                -53.9284093330877,
                -27.441286785782946
              ],
              [
                -53.92842033065611,
                -27.441282094400183
              ],
              [
                -53.92875546064577,
                -27.441101163406238
              ],
              [
                -53.92875546102106,
                -27.441101163285694
              ],
              [
                -53.92875546141941,
                -27.441101163304065
              ],
              [
                -53.92875546177878,
                -27.441101163458477
              ],
              [
                -53.92875546204322,
                -27.441101163724912
              ],
              [
                -53.93010622515125,
                -27.44317623608832
              ],
              [
                -53.930106225278855,
                -27.44317623642041
              ],
              [
                -53.93010622525469,
                -27.443176236770807
              ],
              [
                -53.93010622508239,
                -27.443176237086423
              ],
              [
                -53.93010622478807,
                -27.443176237319427
              ],
              [
                -53.92994806421283,
                -27.44325890018987
              ],
              [
                -53.92993820056361,
                -27.443265290898154
              ],
              [
                -53.92992992391389,
                -27.443273275598663
              ],
              [
                -53.929923552290475,
                -27.443282547470258
              ],
              [
                -53.929919330551606,
                -27.443292750200413
              ],
              [
                -53.92991742093691,
                -27.443303491704057
              ],
              [
                -53.92991789683248,
                -27.44331435919126
              ],
              [
                -53.9299207399506,
                -27.443324935030528
              ],
              [
                -53.92992584103245,
                -27.443334812798128
              ],
              [
                -53.92993300404667,
                -27.44334361289664
              ],
              [
                -53.929941953722846,
                -27.443350997142993
              ],
              [
                -53.92995234612981,
                -27.443356681764413
              ],
              [
                -53.9299637818928,
                -27.443360448303807
              ],
              [
                -53.929975821541326,
                -27.44336215201507
              ],
              [
                -53.92998800239776,
                -27.443361727425476
              ],
              [
                -53.92999985635792,
                -27.443359190851826
              ],
              [
                -53.9300109279255,
                -27.443354639754794
              ],
              [
                -53.930169063036004,
                -27.443271990155644
              ],
              [
                -53.93016906341382,
                -27.443271990039786
              ],
              [
                -53.930169063812436,
                -27.443271990063597
              ],
              [
                -53.93016906416958,
                -27.443271990223312
              ],
              [
                -53.930169064429485,
                -27.443271990494015
              ],
              [
                -53.930197592930774,
                -27.443317558912426
              ],
              [
                -53.93019781123214,
                -27.443317839027888
              ],
              [
                -53.93019781132375,
                -27.44331783917214
              ],
              [
                -53.930197968460185,
                -27.443318150207986
              ],
              [
                -53.9308786238223,
                -27.444374734235605
              ],
              [
                -53.93087862394738,
                -27.44437473456255
              ],
              [
                -53.9308786239255,
                -27.444374734907473
              ],
              [
                -53.930878623759895,
                -27.444374735219743
              ],
              [
                -53.93087862347483,
                -27.444374735453557
              ],
              [
                -53.930516458839314,
                -27.4445731392402
              ],
              [
                -53.930516458460254,
                -27.444573139363552
              ],
              [
                -53.930516458057305,
                -27.444573139344794
              ],
              [
                -53.93051645769469,
                -27.444573139186943
              ],
              [
                -53.93051645743015,
                -27.44457313891513
              ],
              [
                -53.92979638910948,
                -27.443435526659844
              ],
              [
                -53.929795304705195,
                -27.443434148991646
              ],
              [
                -53.92979530463416,
                -27.443434148886965
              ],
              [
                -53.92979443925355,
                -27.443432652928372
              ],
              [
                -53.929784322375355,
                -27.443418713330413
              ],
              [
                -53.929781040684034,
                -27.443414740137882
              ],
              [
                -53.929781040617655,
                -27.443414740046432
              ],
              [
                -53.92977294998509,
                -27.4434019616887
              ],
              [
                -53.92977242724081,
                -27.44340129776054
              ],
              [
                -53.92977242715565,
                -27.4434012976305
              ],
              [
                -53.92977203554701,
                -27.443400565345012
              ],
              [
                -53.92973385266717,
                -27.44334416376899
              ],
              [
                -53.92973385265953,
                -27.443344163757537
              ],
              [
                -53.928443061755985,
                -27.441372205202686
              ],
              [
                -53.92843591222406,
                -27.441363396392436
              ],
              [
                -53.928426973939914,
                -27.441356001306602
              ],
              [
                -53.92841659036743,
                -27.441350304097842
              ],
              [
                -53.928405160541146,
                -27.44134652370643
              ],
              [
                -53.92839312370224,
                -27.441344805410548
              ],
              [
                -53.928380942419096,
                -27.441345215243285
              ],
              [
                -53.92836908481076,
                -27.4413477374551
              ],
              [
                -53.928358006558,
                -27.441352275118952
              ],
              [
                -53.928348133391445,
                -27.441358653855254
              ],
              [
                -53.928339844731155,
                -27.441366628533057
              ],
              [
                -53.928333459105836,
                -27.441375892690253
              ],
              [
                -53.92832922191182,
                -27.44138609031073
              ],
              [
                -53.92832729598268,
                -27.441396829505813
              ],
              [
                -53.92832775533148,
                -27.441407697574302
              ],
              [
                -53.92833058230639,
                -27.44141827686234
              ],
              [
                -53.92833566828973,
                -27.441428160854077
              ],
              [
                -53.92962668968122,
                -27.44340047422934
              ],
              [
                -53.929626960088235,
                -27.443400807378925
              ],
              [
                -53.92962696018184,
                -27.443400807519527
              ],
              [
                -53.92962715871073,
                -27.44340117875819
              ],
              [
                -53.929665110363686,
                -27.443457238853167
              ],
              [
                -53.92966511037855,
                -27.44345723887586
              ],
              [
                -53.9296752091475,
                -27.44347318890943
              ],
              [
                -53.92968161152368,
                -27.443481451884292
              ],
              [
                -53.929681973752004,
                -27.443481839085766
              ],
              [
                -53.92968197382445,
                -27.443481839173483
              ],
              [
                -53.92968902171905,
                -27.44349155016636
              ],
              [
                -53.92968902175074,
                -27.443491550213075
              ],
              [
                -53.930409976405436,
                -27.444630564339736
              ],
              [
                -53.930409976527955,
                -27.444630564669037
              ],
              [
                -53.93040997650207,
                -27.444630565015245
              ],
              [
                -53.93040997633158,
                -27.444630565327095
              ],
              [
                -53.93040997604175,
                -27.44463056555845
              ],
              [
                -53.92991976365404,
                -27.444890540872034
              ],
              [
                -53.929919763290144,
                -27.444890540988325
              ],
              [
                -53.92991976290393,
                -27.444890540974242
              ],
              [
                -53.92991976255188,
                -27.44489054083189
              ],
              [
                -53.929919762285444,
                -27.44489054058204
              ],
              [
                -53.92915537847093,
                -27.443822200655205
              ],
              [
                -53.929155378326016,
                -27.443822200318923
              ],
              [
                -53.929155378340205,
                -27.443822199958866
              ],
              [
                -53.92915537851125,
                -27.443822199632496
              ],
              [
                -53.92915537881182,
                -27.44382219939189
              ],
              [
                -53.92947273505024,
                -27.443656240960692
              ],
              [
                -53.92948259698178,
                -27.443649848094232
              ],
              [
                -53.92949087146755,
                -27.443641861581188
              ],
              [
                -53.92949724056411,
                -27.44363258831298
              ],
              [
                -53.92950145951103,
                -27.443622384656337
              ],
              [
                -53.929503366177116,
                -27.44361164273218
              ],
              [
                -53.929502887290944,
                -27.44360077534671
              ],
              [
                -53.92950004125651,
                -27.44359020012736
              ],
              [
                -53.92949493744592,
                -27.4435803234737
              ],
              [
                -53.92948777199619,
                -27.443571524939742
              ],
              [
                -53.929478820271605,
                -27.443564142647848
              ],
              [
                -53.92946842628186,
                -27.4435584602951
              ],
              [
                -53.92945698946182,
                -27.4435546962509
              ],
              [
                -53.92944494932145,
                -27.44355299516517
              ],
              [
                -53.92943276855591,
                -27.44355342240964
              ],
              [
                -53.92942091526452,
                -27.443555961565608
              ],
              [
                -53.92940984491675,
                -27.443560515073578
              ],
              [
                -53.9290890558978,
                -27.44372826856133
              ],
              [
                -53.92908905553155,
                -27.443728268675816
              ],
              [
                -53.929089055143955,
                -27.443728268658766
              ],
              [
                -53.92908905479212,
                -27.443728268512682
              ],
              [
                -53.92908905452791,
                -27.443728268259104
              ],
              [
                -53.92852524365377,
                -27.442918352437104
              ],
              [
                -53.92851782810683,
                -27.44290972039482
              ],
              [
                -53.92850866754594,
                -27.442902544963328
              ],
              [
                -53.92849811397584,
                -27.442897101854847
              ],
              [
                -53.928486572963934,
                -27.44289360024473
              ],
              [
                -53.92847448802423,
                -27.44289217469775
              ],
              [
                -53.928462323573505,
                -27.44289287999685
              ],
              [
                -53.92845054708413,
                -27.44289568903788
              ],
              [
                -53.92843961111937,
                -27.44290049387116
              ],
              [
                -53.928429935941885,
                -27.442907109849923
              ],
              [
                -53.92842189336317,
                -27.442915282726123
              ],
              [
                -53.928415792455176,
                -27.442924698420992
              ],
              [
                -53.92841186767277,
                -27.442934995094912
              ],
              [
                -53.92841026984373,
                -27.442945777052607
              ],
              [
                -53.92841106037241,
                -27.44295662994953
              ],
              [
                -53.92841420887992,
                -27.442967136714838
              ],
              [
                -53.92841959439345,
                -27.44297689361915
              ],
              [
                -53.92898203434313,
                -27.44378484114149
              ],
              [
                -53.92898203448252,
                -27.44378484147454
              ],
              [
                -53.92898203446683,
                -27.443784841829764
              ],
              [
                -53.92898203429848,
                -27.443784842151988
              ],
              [
                -53.92898203400362,
                -27.44378484239113
              ],
              [
                -53.92868692781869,
                -27.443942457378935
              ],
              [
                -53.928686927500024,
                -27.44394245748907
              ],
              [
                -53.928686927158424,
                -27.443942457498167
              ],
              [
                -53.92868692683296,
                -27.443942457405203
              ],
              [
                -53.9286803410324,
                -27.443939400788164
              ],
              [
                -53.92866817776979,
                -27.44393632679504
              ],
              [
                -53.928655569024826,
                -27.443935511023057
              ],
              [
                -53.92864303591243,
                -27.443936987187875
              ],
              [
                -53.928639373853095,
                -27.44393812422075
              ],
              [
                -53.92863937342373,
                -27.443938124266687
              ],
              [
                -53.92863937301213,
                -27.443938124148325
              ],
              [
                -53.928639372693624,
                -27.44393812388736
              ],
              [
                -53.92844997940161,
                -27.44369755165351
              ],
              [
                -53.928442028842795,
                -27.443689307321453
              ],
              [
                -53.9284324283183,
                -27.44368260526052
              ],
              [
                -53.92842154673829,
                -27.44367770299321
              ],
              [
                -53.928409802275226,
                -27.443674788910652
              ],
              [
                -53.92839764626161,
                -27.443673974999328
              ],
              [
                -53.92838554584561,
                -27.443675292537378
              ],
              [
                -53.928373966038706,
                -27.443678690892682
              ],
              [
                -53.92836335184586,
                -27.443684039468586
              ],
              [
                -53.928354111164296,
                -27.443691132722574
              ],
              [
                -53.9283465991081,
                -27.443699698065235
              ],
              [
                -53.9283411043617,
                -27.443709406335515
              ],
              [
                -53.92833783808551,
                -27.4437198844502
              ],
              [
                -53.92833692580134,
                -27.4437307297414
              ],
              [
                -53.92833840256845,
                -27.443741525430596
              ],
              [
                -53.92834221163617,
                -27.443751856645413
              ],
              [
                -53.92834820664921,
                -27.44376132640158
              ],
              [
                -53.92854889333975,
                -27.44401624402472
              ],
              [
                -53.928548893502956,
                -27.44401624436256
              ],
              [
                -53.92854889350137,
                -27.44401624473042
              ],
              [
                -53.928548893335254,
                -27.44401624506712
              ],
              [
                -53.92854889303225,
                -27.444016245316632
              ],
              [
                -53.92818502250987,
                -27.44421083614807
              ],
              [
                -53.92818502210467,
                -27.444210836270578
              ],
              [
                -53.92818502167892,
                -27.444210836232564
              ],
              [
                -53.92818502130895,
                -27.44421083604084
              ],
              [
                -53.92793709193108,
                -27.444009078803585
              ],
              [
                -53.92792732361292,
                -27.44400257248275
              ],
              [
                -53.9279163203063,
                -27.44399789141388
              ],
              [
                -53.92790450482156,
                -27.443995215460955
              ],
              [
                -53.92789233122057,
                -27.443994647459277
              ],
              [
                -53.927880267327346,
                -27.44399620923684
              ],
              [
                -53.92786877674981,
                -27.44399984077555
              ],
              [
                -53.92785830106398,
                -27.444005402517647
              ],
              [
                -53.92784924284423,
                -27.444012680728797
              ],
              [
                -53.927841950192914,
                -27.444021395711744
              ],
              [
                -53.92783670336279,
                -27.44403121255482
              ],
              [
                -53.92783370398707,
                -27.444041754002495
              ],
              [
                -53.927833067330695,
                -27.44405261495293
              ],
              [
                -53.92783481786071,
                -27.444063378025866
              ],
              [
                -53.92783888830591,
                -27.444073629602308
              ],
              [
                -53.927845122241834,
                -27.444082975719684
              ],
              [
                -53.92785328013553,
                -27.444091057244766
              ],
              [
                -53.92813513409625,
                -27.444320421267317
              ],
              [
                -53.92814493881966,
                -27.444326947140485
              ],
              [
                -53.9281559857039,
                -27.44433163432286
              ],
              [
                -53.9281678473144,
                -27.444334301464078
              ],
              [
                -53.928180064649254,
                -27.444334845355357
              ],
              [
                -53.928192164941294,
                -27.444333244950066
              ],
              [
                -53.92820367999975,
                -27.444329562163183
              ],
              [
                -53.928206858744105,
                -27.444328217589142
              ],
              [
                -53.92820945333385,
                -27.444326827190615
              ],
              [
                -53.928209453422134,
                -27.444326827148473
              ],
              [
                -53.928212189453006,
                -27.444325672560524
              ],
              [
                -53.92865644360573,
                -27.444088094008116
              ],
              [
                -53.92865644396005,
                -27.44408809389195
              ],
              [
                -53.928656444337456,
                -27.444088093899854
              ],
              [
                -53.928656444685295,
                -27.44408809403073
              ],
              [
                -53.92865644495503,
                -27.44408809426634
              ],
              [
                -53.928995572501194,
                -27.444522638066896
              ],
              [
                -53.92899557265885,
                -27.444522638388428
              ],
              [
                -53.92899557266702,
                -27.44452263873931
              ],
              [
                -53.92899557252444,
                -27.444522639066403
              ],
              [
                -53.92899557225271,
                -27.444522639320187
              ],
              [
                -53.9287007271089,
                -27.444707444776462
              ],
              [
                -53.92870072677983,
                -27.44470744491188
              ],
              [
                -53.92870072641839,
                -27.44470744493507
              ],
              [
                -53.928700726071,
                -27.44470744484304
              ],
              [
                -53.9287007257823,
                -27.44470744464762
              ],
              [
                -53.92844641874539,
                -27.444459708155286
              ],
              [
                -53.92843734401587,
                -27.444452446236852
              ],
              [
                -53.92842685573646,
                -27.444446903364014
              ],
              [
                -53.928415356928376,
                -27.444443292516343
              ],
              [
                -53.928403289483825,
                -27.44444175245655
              ],
              [
                -53.92839111714713,
                -27.444442342368234
              ],
              [
                -53.92837930769376,
                -27.444445039581502
              ],
              [
                -53.92836831495387,
                -27.44444974044414
              ],
              [
                -53.92835856137177,
                -27.444456264304954
              ],
              [
                -53.92835042177212,
                -27.44446436045586
              ],
              [
                -53.928344208955245,
                -27.444473717766687
              ],
              [
                -53.92834016167662,
                -27.444483976641415
              ],
              [
                -53.928338435471495,
                -27.44449474283744
              ],
              [
                -53.928339096677604,
                -27.44450560261588
              ],
              [
                -53.92834211988586,
                -27.4445161386415
              ],
              [
                -53.92834738891664,
                -27.444525946020473
              ],
              [
                -53.92835470131442,
                -27.444534647896155
              ],
              [
                -53.9286459092473,
                -27.444818331927046
              ],
              [
                -53.928646486489136,
                -27.444818793852985
              ],
              [
                -53.92864648660767,
                -27.4448187939656
              ],
              [
                -53.928646967020505,
                -27.444819337004432
              ],
              [
                -53.92921345397095,
                -27.445344371120935
              ],
              [
                -53.92922299662623,
                -27.445351595295048
              ],
              [
                -53.92923396736016,
                -27.445356968420956
              ],
              [
                -53.92924592184962,
                -27.445360272893375
              ],
              [
                -53.92925837588571,
                -27.44536137486681
              ],
              [
                -53.929270825025775,
                -27.445360229706623
              ],
              [
                -53.92928276502535,
                -27.445356883796837
              ],
              [
                -53.92929106139734,
                -27.4453527829639
              ],
              [
                -53.92929106145858,
                -27.445352782936016
              ],
              [
                -53.92929186922088,
                -27.4453524454947
              ],
              [
                -53.92929359772595,
                -27.445351529276458
              ],
              [
                -53.929293597752405,
                -27.445351529262926
              ],
              [
                -53.929293712307434,
                -27.44535147263925
              ],
              [
                -53.929293758242366,
                -27.445351444195122
              ],
              [
                -53.929293758302414,
                -27.445351444160664
              ],
              [
                -53.92987813266405,
                -27.445041686353765
              ],
              [
                -53.929878133035594,
                -27.445041686236532
              ],
              [
                -53.929878133429135,
                -27.445041686254967
              ],
              [
                -53.929878133784875,
                -27.445041686406245
              ],
              [
                -53.92987813404875,
                -27.44504168666738
              ],
              [
                -53.9302171256731,
                -27.44554913419879
              ],
              [
                -53.93022436309196,
                -27.445557885851116
              ],
              [
                -53.930233375151424,
                -27.44556520962723
              ],
              [
                -53.93024381555255,
                -27.445570824113958
              ],
              [
                -53.93025528307628,
                -27.445574513549538
              ],
              [
                -53.93026733703143,
                -27.44557613615085
              ],
              [
                -53.93027951419072,
                -27.445575629562203
              ],
              [
                -53.930291346591936,
                -27.445573013251604
              ],
              [
                -53.93030237952204,
                -27.445568387762584
              ],
              [
                -53.93031218899125,
                -27.445561930850367
              ],
              [
                -53.93032039802709,
                -27.445553890650757
              ],
              [
                -53.930326691160985,
                -27.44554457614444
              ],
              [
                -53.93033082655174,
                -27.445534345282912
              ],
              [
                -53.93033264527915,
                -27.445523591232572
              ],
              [
                -53.93033207745124,
                -27.445512727265612
              ],
              [
                -53.93032914489001,
                -27.445502170878086
              ],
              [
                -53.93032396027147,
                -27.445492327705555
              ],
              [
                -53.929985048604784,
                -27.444985000543646
              ],
              [
                -53.929985048472794,
                -27.444985000211762
              ],
              [
                -53.929985048493315,
                -27.4449849998601
              ],
              [
                -53.92998504866323,
                -27.444984999542246
              ],
              [
                -53.92998504895661,
                -27.444984999306676
              ],
              [
                -53.9304713556076,
                -27.444727095211636
              ],
              [
                -53.93047135598321,
                -27.44472709509382
              ],
              [
                -53.930471356380686,
                -27.44472709511454
              ],
              [
                -53.930471356738344,
                -27.44472709527058
              ],
              [
                -53.930471357000734,
                -27.44472709553775
              ],
              [
                -53.93073121432221,
                -27.445130782234763
              ],
              [
                -53.93073181772232,
                -27.445131699149805
              ],
              [
                -53.930951253616556,
                -27.445457947208375
              ],
              [
                -53.930956550050006,
                -27.445464644885927
              ],
              [
                -53.930962894807166,
                -27.44547057323493
              ],
              [
                -53.930970806381325,
                -27.445476948155612
              ],
              [
                -53.93097080660901,
                -27.445476948423526
              ],
              [
                -53.930970806710896,
                -27.445476948747228
              ],
              [
                -53.930970806672796,
                -27.445476949081737
              ],
              [
                -53.93097080650001,
                -27.445476949380545
              ],
              [
                -53.93097080621655,
                -27.44547694960212
              ],
              [
                -53.930136913453744,
                -27.445914859686145
              ],
              [
                -53.930136913084,
                -27.445914859801718
              ],
              [
                -53.93013691269277,
                -27.445914859783183
              ],
              [
                -53.930136912338824,
                -27.44591485963333
              ],
              [
                -53.930136912075305,
                -27.445914859374668
              ],
              [
                -53.92996583796177,
                -27.445661781071852
              ],
              [
                -53.92995854955984,
                -27.445653063154477
              ],
              [
                -53.92994949487459,
                -27.445645781336214
              ],
              [
                -53.92993902184256,
                -27.445640215417278
              ],
              [
                -53.92992753293603,
                -27.44563657929254
              ],
              [
                -53.92991546966675,
                -27.445635012696105
              ],
              [
                -53.9299032956187,
                -27.44563557583137
              ],
              [
                -53.92989147863297,
                -27.445638247057435
              ],
              [
                -53.92988047282918,
                -27.445642923720772
              ],
              [
                -53.92987070115378,
                -27.445649426100097
              ],
              [
                -53.92986253912662,
                -27.445657504312955
              ],
              [
                -53.92985630041002,
                -27.445666847918396
              ],
              [
                -53.929852224754676,
                -27.445677097847202
              ],
              [
                -53.92985046878636,
                -27.445687860200504
              ],
              [
                -53.92985109998659,
                -27.445698721387096
              ],
              [
                -53.92985409409941,
                -27.44570926401759
              ],
              [
                -53.929859336084796,
                -27.445719082984667
              ],
              [
                -53.93002986057951,
                -27.445971348543303
              ],
              [
                -53.930029860713645,
                -27.445971348875755
              ],
              [
                -53.930029860694326,
                -27.445971349228653
              ],
              [
                -53.93002986052452,
                -27.445971349547847
              ],
              [
                -53.930029860230306,
                -27.445971349784344
              ],
              [
                -53.92983482792782,
                -27.44607475433046
              ],
              [
                -53.92983482755627,
                -27.446074754447718
              ],
              [
                -53.92983482716269,
                -27.44607475442931
              ],
              [
                -53.929834826806925,
                -27.44607475427804
              ],
              [
                -53.92983482654303,
                -27.446074754016895
              ],
              [
                -53.92970328694955,
                -27.445877858899056
              ],
              [
                -53.92969604932031,
                -27.445869107366757
              ],
              [
                -53.92968703707758,
                -27.445861783740092
              ],
              [
                -53.929676596527045,
                -27.445856169425824
              ],
              [
                -53.929665128892715,
                -27.445852480178594
              ],
              [
                -53.929653074868995,
                -27.445850857774005
              ],
              [
                -53.92964089768434,
                -27.44585136456009
              ],
              [
                -53.92962906530056,
                -27.445853981061447
              ],
              [
                -53.929618032429,
                -27.44585860672756
              ],
              [
                -53.929608223056206,
                -27.445865063796983
              ],
              [
                -53.92960001415084,
                -27.4458731041284
              ],
              [
                -53.929593721176566,
                -27.44588241873676
              ],
              [
                -53.92958958596928,
                -27.445892649667083
              ],
              [
                -53.92958776744325,
                -27.445903403750624
              ],
              [
                -53.92958833548408,
                -27.445914267714013
              ],
              [
                -53.92959126826296,
                -27.445924824061144
              ],
              [
                -53.929596453096686,
                -27.44593466715766
              ],
              [
                -53.92975903298526,
                -27.44617802515328
              ],
              [
                -53.929765363725025,
                -27.44618585938597
              ],
              [
                -53.92977312139358,
                -27.446192595431434
              ],
              [
                -53.92977434031112,
                -27.44619348331037
              ],
              [
                -53.92977545204336,
                -27.446194142423717
              ],
              [
                -53.929775452165536,
                -27.446194142508887
              ],
              [
                -53.92977643779276,
                -27.44619494552843
              ],
              [
                -53.929780520251235,
                -27.446197147215873
              ],
              [
                -53.92978052028778,
                -27.446197147236543
              ],
              [
                -53.92978449339515,
                -27.44619950277463
              ],
              [
                -53.929785727850145,
                -27.446199955708487
              ],
              [
                -53.929785727988616,
                -27.44619995577076
              ],
              [
                -53.92978687027628,
                -27.446200571811307
              ],
              [
                -53.92979135574206,
                -27.44620202063891
              ],
              [
                -53.92979135578242,
                -27.446202020652837
              ],
              [
                -53.9297957676412,
                -27.44620363940749
              ],
              [
                -53.9297970774211,
                -27.446203868780515
              ],
              [
                -53.929797077570505,
                -27.446203868817484
              ],
              [
                -53.92979833262115,
                -27.446204274204934
              ],
              [
                -53.92980304872004,
                -27.44620491449496
              ],
              [
                -53.929803048762665,
                -27.446204914501592
              ],
              [
                -53.929807729827345,
                -27.44620573426493
              ],
              [
                -53.92980906459793,
                -27.446205731262438
              ],
              [
                -53.92980906475256,
                -27.446205731272695
              ],
              [
                -53.929810384335234,
                -27.446205910428223
              ],
              [
                -53.92981514982996,
                -27.446205717574667
              ],
              [
                -53.92981514987322,
                -27.44620571757375
              ],
              [
                -53.92981992025282,
                -27.4462057068427
              ],
              [
                -53.92982122871958,
                -27.44620547158007
              ],
              [
                -53.92982122887349,
                -27.446205471563214
              ],
              [
                -53.929822562277245,
                -27.44620541760196
              ],
              [
                -53.92982719403215,
                -27.446204399016114
              ],
              [
                -53.92982719407439,
                -27.446204399007684
              ],
              [
                -53.92983187044578,
                -27.446203558194668
              ],
              [
                -53.92983310232497,
                -27.44620309971293
              ],
              [
                -53.92983310247223,
                -27.446203099669606
              ],
              [
                -53.92983439845504,
                -27.446202814665288
              ],
              [
                -53.92983871847422,
                -27.446201009490892
              ],
              [
                -53.9298387185138,
                -27.44620100947527
              ],
              [
                -53.92984312116627,
                -27.446199370892348
              ],
              [
                -53.92984422911742,
                -27.44619870681073
              ],
              [
                -53.92984422925238,
                -27.44619870674262
              ],
              [
                -53.92984543805549,
                -27.446198201628924
              ],
              [
                -53.93014709179116,
                -27.446038267187404
              ],
              [
                -53.93014709179483,
                -27.446038267185486
              ],
              [
                -53.931067546458564,
                -27.445554899903392
              ],
              [
                -53.93106754686057,
                -27.445554899784177
              ],
              [
                -53.93106754728202,
                -27.445554899822383
              ],
              [
                -53.93106754764891,
                -27.445554900011324
              ],
              [
                -53.931090900313365,
                -27.445573717286
              ],
              [
                -53.9310909003277,
                -27.445573717297783
              ],
              [
                -53.93115339716393,
                -27.445626063519374
              ],
              [
                -53.93115379247013,
                -27.44562639175107
              ],
              [
                -53.931205356628006,
                -27.44566883534565
              ],
              [
                -53.93120615889855,
                -27.4456693760798
              ],
              [
                -53.93120615902213,
                -27.445669376178305
              ],
              [
                -53.93120685148731,
                -27.445670026587475
              ],
              [
                -53.932673859194416,
                -27.44680166696727
              ],
              [
                -53.93267385944314,
                -27.446801667256526
              ],
              [
                -53.932673859543165,
                -27.446801667609986
              ],
              [
                -53.932674317300766,
                -27.446810981087832
              ],
              [
                -53.932675914780795,
                -27.446821273141982
              ],
              [
                -53.932679635275534,
                -27.446831118919377
              ],
              [
                -53.93268534829642,
                -27.44684017312348
              ],
              [
                -53.93269285346082,
                -27.44684811817988
              ],
              [
                -53.932701887526854,
                -27.446854675417253
              ],
              [
                -53.932712133668446,
                -27.446859614861953
              ],
              [
                -53.93274990128173,
                -27.446873925395963
              ],
              [
                -53.93275109828692,
                -27.446874259785737
              ],
              [
                -53.93275109843326,
                -27.44687425983811
              ],
              [
                -53.932752222597635,
                -27.44687475621396
              ],
              [
                -53.93279152009288,
                -27.446888008996847
              ],
              [
                -53.93280301031521,
                -27.44689079665849
              ],
              [
                -53.93281488541085,
                -27.44689157934283
              ],
              [
                -53.93282671001916,
                -27.446890328363736
              ],
              [
                -53.93283805058389,
                -27.44688708958913
              ],
              [
                -53.93284849133931,
                -27.446881981749733
              ],
              [
                -53.93287891496228,
                -27.446863513124786
              ],
              [
                -53.93288342956229,
                -27.446860150494388
              ],
              [
                -53.93288342956766,
                -27.446860150490394
              ]
            ],
            [
              [
                -53.929066455399216,
                -27.444613814920665
              ],
              [
                -53.92906645568409,
                -27.444613815166537
              ],
              [
                -53.92922972087522,
                -27.444824625352716
              ],
              [
                -53.92923760023083,
                -27.444832923970147
              ],
              [
                -53.929247142812116,
                -27.44483969167918
              ],
              [
                -53.92925798193508,
                -27.444844668434236
              ],
              [
                -53.929269701057784,
                -27.444847662981157
              ],
              [
                -53.92928184982041,
                -27.444848560241113
              ],
              [
                -53.929293961351995,
                -27.44484732573287
              ],
              [
                -53.92930557021265,
                -27.444844006898034
              ],
              [
                -53.92931623027967,
                -27.444838731277805
              ],
              [
                -53.92932553189256,
                -27.44483170161151
              ],
              [
                -53.92933311759531,
                -27.444823188045707
              ],
              [
                -53.92933869587394,
                -27.444813517752166
              ],
              [
                -53.92934205235873,
                -27.44480306235509
              ],
              [
                -53.9293430580625,
                -27.444792223649625
              ],
              [
                -53.9293416743373,
                -27.444781418161142
              ],
              [
                -53.92933795435958,
                -27.444771061138407
              ],
              [
                -53.929332041062295,
                -27.4447615505568
              ],
              [
                -53.92913314907107,
                -27.444504738706677
              ],
              [
                -53.92913307656195,
                -27.44450466233894
              ],
              [
                -53.92913307645107,
                -27.444504662196316
              ],
              [
                -53.929133021682425,
                -27.444504574850477
              ],
              [
                -53.92876338791649,
                -27.44403094246225
              ],
              [
                -53.928763387755026,
                -27.444030942124606
              ],
              [
                -53.928763387757755,
                -27.44403094175753
              ],
              [
                -53.92876338792422,
                -27.444030941421815
              ],
              [
                -53.92876338822687,
                -27.444030941173104
              ],
              [
                -53.92904830420545,
                -27.44387876863574
              ],
              [
                -53.929048304569726,
                -27.443878768518328
              ],
              [
                -53.929048304956744,
                -27.443878768531746
              ],
              [
                -53.929048305309685,
                -27.443878768674036
              ],
              [
                -53.92904830557676,
                -27.443878768924293
              ],
              [
                -53.92981279307354,
                -27.444947255134828
              ],
              [
                -53.929812793218204,
                -27.44494725546979
              ],
              [
                -53.92981279320495,
                -27.444947255828563
              ],
              [
                -53.929812793035886,
                -27.44494725615431
              ],
              [
                -53.9298127927378,
                -27.444947256395416
              ],
              [
                -53.929268757738114,
                -27.44523563160492
              ],
              [
                -53.92926875731187,
                -27.44523563172785
              ],
              [
                -53.929268756867934,
                -27.445235631674382
              ],
              [
                -53.929268756493485,
                -27.445235631455024
              ],
              [
                -53.92878690150873,
                -27.444789036707267
              ],
              [
                -53.928786901282386,
                -27.444789036378467
              ],
              [
                -53.928786901230794,
                -27.44478903599536
              ],
              [
                -53.92878690136338,
                -27.444789035628077
              ],
              [
                -53.9287869016559,
                -27.444789035343863
              ],
              [
                -53.929066454271315,
                -27.444613814941256
              ],
              [
                -53.92906645463402,
                -27.444613814798647
              ],
              [
                -53.929066455030295,
                -27.44461381479141
              ],
              [
                -53.929066455399216,
                -27.444613814920665
              ]
            ],
            [
              [
                -53.93028676652539,
                -27.443232455240754
              ],
              [
                -53.93028676681597,
                -27.443232455010513
              ],
              [
                -53.930441240629655,
                -27.443151193099293
              ],
              [
                -53.930441241004445,
                -27.443151192982832
              ],
              [
                -53.93044124140057,
                -27.443151193004063
              ],
              [
                -53.93044124175704,
                -27.44315119315971
              ],
              [
                -53.930441242018865,
                -27.443151193425788
              ],
              [
                -53.931142322341486,
                -27.444236316597518
              ],
              [
                -53.93114232246787,
                -27.444236316929867
              ],
              [
                -53.93114232244248,
                -27.444236317280108
              ],
              [
                -53.931142322269174,
                -27.44423631759518
              ],
              [
                -53.93114232197419,
                -27.444236317827368
              ],
              [
                -53.93098539649456,
                -27.44431780376452
              ],
              [
                -53.93098539612014,
                -27.44431780387896
              ],
              [
                -53.9309853957252,
                -27.44431780385638
              ],
              [
                -53.93098539537022,
                -27.44431780370024
              ],
              [
                -53.930985395109644,
                -27.444317803434465
              ],
              [
                -53.93030598533306,
                -27.443263154398558
              ],
              [
                -53.93030598532695,
                -27.443263154388944
              ],
              [
                -53.93028676644687,
                -27.443232456227186
              ],
              [
                -53.93028676632612,
                -27.443232455897625
              ],
              [
                -53.930286766353646,
                -27.443232455551776
              ],
              [
                -53.93028676652539,
                -27.443232455240754
              ]
            ],
            [
              [
                -53.93105312999971,
                -27.445393768279704
              ],
              [
                -53.931053129810465,
                -27.445393768074457
              ],
              [
                -53.93083876690273,
                -27.44507506271593
              ],
              [
                -53.930838766892926,
                -27.44507506270102
              ],
              [
                -53.93057784257313,
                -27.444669718986564
              ],
              [
                -53.93057784244818,
                -27.444669718659657
              ],
              [
                -53.930577842470136,
                -27.444669718314824
              ],
              [
                -53.930577842635756,
                -27.444669718002633
              ],
              [
                -53.93057784292076,
                -27.44466971776888
              ],
              [
                -53.93099455216299,
                -27.444441432712438
              ],
              [
                -53.93099455218344,
                -27.444441432701513
              ],
              [
                -53.931203785304106,
                -27.44433278524441
              ],
              [
                -53.931203785678235,
                -27.444332785129998
              ],
              [
                -53.931203786072935,
                -27.44433278515242
              ],
              [
                -53.93120378642778,
                -27.44433278530823
              ],
              [
                -53.931203786688464,
                -27.444332785573582
              ],
              [
                -53.93171625425685,
                -27.445126216486056
              ],
              [
                -53.93171625438135,
                -27.44512621680674
              ],
              [
                -53.93171625436422,
                -27.445126217145784
              ],
              [
                -53.93171625420785,
                -27.445126217455154
              ],
              [
                -53.931716253934376,
                -27.44512621769107
              ],
              [
                -53.93113911711954,
                -27.445463053623246
              ],
              [
                -53.93113911670854,
                -27.445463053761397
              ],
              [
                -53.93113911627067,
                -27.445463053731004
              ],
              [
                -53.93113911588858,
                -27.44546305353781
              ],
              [
                -53.931117027750275,
                -27.44544525519493
              ],
              [
                -53.93111702751337,
                -27.44544525503874
              ],
              [
                -53.93111702736634,
                -27.44544525492026
              ],
              [
                -53.93111702716816,
                -27.44544525472589
              ],
              [
                -53.93105312999971,
                -27.445393768279704
              ]
            ]
          ],
          [
            [
              [
                -53.964915864977755,
                -27.438854179551612
              ],
              [
                -53.96491071464027,
                -27.43886403657375
              ],
              [
                -53.96490781858704,
                -27.438874600675916
              ],
              [
                -53.96490728811237,
                -27.43888546588571
              ],
              [
                -53.96490914360286,
                -27.438896214659152
              ],
              [
                -53.964913313753634,
                -27.438906433926768
              ],
              [
                -53.96491963833456,
                -27.438915731005682
              ],
              [
                -53.96537628120248,
                -27.43945874410624
              ],
              [
                -53.96538401249237,
                -27.439466353556238
              ],
              [
                -53.96539318344667,
                -27.439472561076407
              ],
              [
                -53.96554859702477,
                -27.439558783776857
              ],
              [
                -53.9655485973007,
                -27.439558784002855
              ],
              [
                -53.96554859746545,
                -27.439558784302974
              ],
              [
                -53.965548597496394,
                -27.43955878463602
              ],
              [
                -53.96554859738927,
                -27.43955878495625
              ],
              [
                -53.96554859715882,
                -27.439558785219706
              ],
              [
                -53.96468613530426,
                -27.440236021931337
              ],
              [
                -53.96468613509913,
                -27.440236022056162
              ],
              [
                -53.964476389598566,
                -27.440332363106258
              ],
              [
                -53.96446540139568,
                -27.44033880519387
              ],
              [
                -53.964456177054124,
                -27.44034716464843
              ],
              [
                -53.96423294404671,
                -27.44059769852
              ],
              [
                -53.96422940823836,
                -27.440602090194467
              ],
              [
                -53.96381118809079,
                -27.441178926994283
              ],
              [
                -53.963805347077,
                -27.441189177412937
              ],
              [
                -53.96380200008589,
                -27.441200281948085
              ],
              [
                -53.96380129088858,
                -27.441211763565864
              ],
              [
                -53.96380324996265,
                -27.44122312903643
              ],
              [
                -53.964006800605375,
                -27.441915784068417
              ],
              [
                -53.964010361174715,
                -27.441924710148776
              ],
              [
                -53.96401557216151,
                -27.44193296549109
              ],
              [
                -53.96402228162529,
                -27.441940309387896
              ],
              [
                -53.96429710888524,
                -27.442193488627062
              ],
              [
                -53.964297109033055,
                -27.442193488801284
              ],
              [
                -53.96449330191423,
                -27.442494649822194
              ],
              [
                -53.964493302011185,
                -27.442494650024376
              ],
              [
                -53.964614390889075,
                -27.442867482285905
              ],
              [
                -53.9646183443224,
                -27.442876574792265
              ],
              [
                -53.96492968073742,
                -27.443439954877313
              ],
              [
                -53.96492968075045,
                -27.443439954901795
              ],
              [
                -53.964977115003286,
                -27.443532719855828
              ],
              [
                -53.96497711508645,
                -27.443532720116778
              ],
              [
                -53.96500006874536,
                -27.443694348587083
              ],
              [
                -53.96500006875245,
                -27.44369434873896
              ],
              [
                -53.96497241400064,
                -27.444271607988494
              ],
              [
                -53.96497235859201,
                -27.444274337416342
              ],
              [
                -53.96497423844689,
                -27.444532502400257
              ],
              [
                -53.964974452251624,
                -27.444536752621865
              ],
              [
                -53.96500284207964,
                -27.44484046558732
              ],
              [
                -53.965004963429266,
                -27.44485091961185
              ],
              [
                -53.96510480225407,
                -27.44516661758239
              ],
              [
                -53.9651092464083,
                -27.445176744627435
              ],
              [
                -53.96511581963691,
                -27.445185903530984
              ],
              [
                -53.96512426935285,
                -27.445193742362623
              ],
              [
                -53.965134270838156,
                -27.44519995988015
              ],
              [
                -53.96514543974121,
                -27.445204317147628
              ],
              [
                -53.965157346846645,
                -27.445206646717487
              ],
              [
                -53.965169534570514,
                -27.445206859065596
              ],
              [
                -53.96518153454479,
                -27.44520494603157
              ],
              [
                -53.96519288561643,
                -27.445200981132412
              ],
              [
                -53.96520315156974,
                -27.445195116737207
              ],
              [
                -53.9652119378896,
                -27.445187578211687
              ],
              [
                -53.96521890692277,
                -27.445178655257433
              ],
              [
                -53.96522379085345,
                -27.44516869077888
              ],
              [
                -53.965226401995466,
                -27.445158067705503
              ],
              [
                -53.965226640004744,
                -27.445147194276156
              ],
              [
                -53.96522449572662,
                -27.445136488306755
              ],
              [
                -53.9651262808491,
                -27.444825926430962
              ],
              [
                -53.965126280814616,
                -27.444825926261018
              ],
              [
                -53.965098586075854,
                -27.44452965283504
              ],
              [
                -53.96509858607238,
                -27.44452965276595
              ],
              [
                -53.965096731374366,
                -27.444274981899106
              ],
              [
                -53.965096731375276,
                -27.44427498185474
              ],
              [
                -53.9651245446957,
                -27.443694399022935
              ],
              [
                -53.96512410820988,
                -27.44368505652881
              ],
              [
                -53.965099304126475,
                -27.443510399618813
              ],
              [
                -53.96509742665073,
                -27.443502200591627
              ],
              [
                -53.96509418825772,
                -27.443494346788448
              ],
              [
                -53.965042439239916,
                -27.443393143849605
              ],
              [
                -53.965041637884035,
                -27.443391637075337
              ],
              [
                -53.96473231406873,
                -27.442831899892443
              ],
              [
                -53.96473231400448,
                -27.442831899744647
              ],
              [
                -53.96461062594599,
                -27.44245722377059
              ],
              [
                -53.96460466160635,
                -27.442444786019685
              ],
              [
                -53.96440081658335,
                -27.44213187920047
              ],
              [
                -53.9643917233456,
                -27.442121161498076
              ],
              [
                -53.9641229616681,
                -27.4418735702628
              ],
              [
                -53.96412296141645,
                -27.44187356986412
              ],
              [
                -53.96393049982163,
                -27.441218651776342
              ],
              [
                -53.9639304998013,
                -27.441218651404938
              ],
              [
                -53.96393049995067,
                -27.44121865105779
              ],
              [
                -53.96433217996852,
                -27.44066462661765
              ],
              [
                -53.964332180026,
                -27.44066462654626
              ],
              [
                -53.96454520262623,
                -27.44042555154844
              ],
              [
                -53.96454520295482,
                -27.440425551307833
              ],
              [
                -53.964749900509034,
                -27.440331528838737
              ],
              [
                -53.96476251993375,
                -27.440323849642255
              ],
              [
                -53.965692730429616,
                -27.43959341323863
              ],
              [
                -53.96569273045769,
                -27.439593413217374
              ],
              [
                -53.96585648228342,
                -27.43947398492238
              ],
              [
                -53.965856741268354,
                -27.439473794996438
              ],
              [
                -53.966733337286094,
                -27.438827398771128
              ],
              [
                -53.966733663258644,
                -27.438827105914815
              ],
              [
                -53.966733663399026,
                -27.43882710580973
              ],
              [
                -53.966734043232265,
                -27.438826870297046
              ],
              [
                -53.96673648704447,
                -27.438824608690396
              ],
              [
                -53.96673648710524,
                -27.438824608638647
              ],
              [
                -53.966739132998576,
                -27.43882253586681
              ],
              [
                -53.96718629587984,
                -27.43839605378918
              ],
              [
                -53.96719371047897,
                -27.438387421677874
              ],
              [
                -53.96719909510846,
                -27.43837766486165
              ],
              [
                -53.9672022428709,
                -27.438367158254337
              ],
              [
                -53.967203032800136,
                -27.438356305619067
              ],
              [
                -53.96720143454034,
                -27.438345524016512
              ],
              [
                -53.96719750951239,
                -27.4383352277775
              ],
              [
                -53.9671914085534,
                -27.43832581258046
              ],
              [
                -53.96718336612014,
                -27.438317640245884
              ],
              [
                -53.967173691278774,
                -27.438311024831638
              ],
              [
                -53.967162755827864,
                -27.438306220564172
              ],
              [
                -53.96715098001018,
                -27.438303412068535
              ],
              [
                -53.967138816363025,
                -27.43830270727355
              ],
              [
                -53.96712673232805,
                -27.438304133264108
              ],
              [
                -53.967115192287096,
                -27.43830763524032
              ],
              [
                -53.96710463971714,
                -27.43831307862343
              ],
              [
                -53.96709548010964,
                -27.438320254256933
              ],
              [
                -53.966695899952065,
                -27.438701354131485
              ],
              [
                -53.96669589960541,
                -27.43870135434683
              ],
              [
                -53.966695899190384,
                -27.438701354416985
              ],
              [
                -53.96669589877946,
                -27.438701354329666
              ],
              [
                -53.966695898444414,
                -27.438701354100154
              ],
              [
                -53.965819438193726,
                -27.43778322863412
              ],
              [
                -53.96581943800202,
                -27.43778322832834
              ],
              [
                -53.965819437955396,
                -27.43778322798046
              ],
              [
                -53.96581943806087,
                -27.43778322764298
              ],
              [
                -53.965819438302546,
                -27.43778322736683
              ],
              [
                -53.966430333102764,
                -27.43731248206291
              ],
              [
                -53.96643873268383,
                -27.43730460091302
              ],
              [
                -53.966445247584915,
                -27.437295409162722
              ],
              [
                -53.96644962747677,
                -27.437285260013894
              ],
              [
                -53.96645170404316,
                -27.43727454349271
              ],
              [
                -53.96645139748349,
                -27.437263671429147
              ],
              [
                -53.96644871957936,
                -27.437253061630464
              ],
              [
                -53.966443773241714,
                -27.437243121825066
              ],
              [
                -53.966436748555964,
                -27.437234233993834
              ],
              [
                -53.96642791547702,
                -27.43722673969087
              ],
              [
                -53.966417613455,
                -27.437220926917664
              ],
              [
                -53.96640623839062,
                -27.437217019055684
              ],
              [
                -53.96639422742048,
                -27.43721516628161
              ],
              [
                -53.96638204211891,
                -27.437215439796496
              ],
              [
                -53.96637015075945,
                -27.43721782908942
              ],
              [
                -53.966359010319835,
                -27.43722224234132
              ],
              [
                -53.96634904887963,
                -27.43722850997937
              ],
              [
                -53.96573721687024,
                -27.437699977150064
              ],
              [
                -53.96573721653371,
                -27.43769997732176
              ],
              [
                -53.96573721614949,
                -27.437699977367792
              ],
              [
                -53.96573721577412,
                -27.43769997728141
              ],
              [
                -53.96573721546279,
                -27.43769997707531
              ],
              [
                -53.9651277185451,
                -27.437103809295927
              ],
              [
                -53.96512771852341,
                -27.437103809274014
              ],
              [
                -53.96500333419588,
                -27.436973925047013
              ],
              [
                -53.96500333400292,
                -27.436973924739565
              ],
              [
                -53.965003333956744,
                -27.4369739243896
              ],
              [
                -53.96500333406439,
                -27.436973924050566
              ],
              [
                -53.96500333430943,
                -27.436973923774218
              ],
              [
                -53.965318277318566,
                -27.4367348932865
              ],
              [
                -53.965326742972664,
                -27.436727068643698
              ],
              [
                -53.965333335041535,
                -27.436717920805744
              ],
              [
                -53.965337800230664,
                -27.43670780128716
              ],
              [
                -53.96533996694588,
                -27.436697098975532
              ],
              [
                -53.965339751922194,
                -27.43668622515477
              ],
              [
                -53.96533716342355,
                -27.43667559769963
              ],
              [
                -53.965332300925084,
                -27.43666562501708
              ],
              [
                -53.96532535129032,
                -27.436656690351462
              ],
              [
                -53.965316581589995,
                -27.436649137056623
              ],
              [
                -53.965306328838736,
                -27.436643255401215
              ],
              [
                -53.96529498704365,
                -27.436639271413664
              ],
              [
                -53.96528299206293,
                -27.43663733819618
              ],
              [
                -53.96527080485645,
                -27.436637530041228
              ],
              [
                -53.96525889377098,
                -27.436639839576326
              ],
              [
                -53.96524771654212,
                -27.436644178047565
              ],
              [
                -53.96523770266328,
                -27.436650378755516
              ],
              [
                -53.964922550387364,
                -27.43688956790623
              ],
              [
                -53.96492255004341,
                -27.436889568077405
              ],
              [
                -53.96492254965226,
                -27.436889568118296
              ],
              [
                -53.964922549273275,
                -27.436889568022714
              ],
              [
                -53.96492254896399,
                -27.43688956780514
              ],
              [
                -53.96422341869585,
                -27.436159519529518
              ],
              [
                -53.96422341850356,
                -27.43615951922386
              ],
              [
                -53.9642234184564,
                -27.43615951887586
              ],
              [
                -53.9642234185615,
                -27.436159518538116
              ],
              [
                -53.964223418802995,
                -27.436159518261636
              ],
              [
                -53.96502698553259,
                -27.43553923508759
              ],
              [
                -53.96502711705525,
                -27.435539111471474
              ],
              [
                -53.965027117200066,
                -27.435539111359002
              ],
              [
                -53.96502727254715,
                -27.435539012162078
              ],
              [
                -53.96508314326422,
                -27.43549534831164
              ],
              [
                -53.96508314360908,
                -27.43549534813492
              ],
              [
                -53.96508314400364,
                -27.435495348090576
              ],
              [
                -53.965083144386846,
                -27.435495348185484
              ],
              [
                -53.96508314469936,
                -27.435495348404924
              ],
              [
                -53.965085863306555,
                -27.435498193407295
              ],
              [
                -53.96508586331748,
                -27.43549819341893
              ],
              [
                -53.965685611145325,
                -27.436147654098903
              ],
              [
                -53.96579603559206,
                -27.436267311046514
              ],
              [
                -53.96579720598224,
                -27.436268542332755
              ],
              [
                -53.96660515203948,
                -27.437093865448457
              ],
              [
                -53.966605152041346,
                -27.43709386545039
              ],
              [
                -53.96752474625248,
                -27.43803860143243
              ],
              [
                -53.96752522672114,
                -27.43803900683437
              ],
              [
                -53.96752522683851,
                -27.43803900695238
              ],
              [
                -53.96752562077418,
                -27.438039480855707
              ],
              [
                -53.96828460062314,
                -27.438786609414787
              ],
              [
                -53.96828460082655,
                -27.438786609718207
              ],
              [
                -53.96828460088359,
                -27.438786610068064
              ],
              [
                -53.9682846007855,
                -27.438786610410624
              ],
              [
                -53.968284600547356,
                -27.438786610693203
              ],
              [
                -53.96824493997091,
                -27.438818200183796
              ],
              [
                -53.96824493994103,
                -27.438818200206693
              ],
              [
                -53.967511599773104,
                -27.439357998154815
              ],
              [
                -53.967503002789876,
                -27.43936570811948
              ],
              [
                -53.96749625687949,
                -27.439374766306482
              ],
              [
                -53.96749162124866,
                -27.43938482464654
              ],
              [
                -53.96748927404261,
                -27.439395496603485
              ],
              [
                -53.967489305463815,
                -27.43940637206005
              ],
              [
                -53.96749171430547,
                -27.439417033078456
              ],
              [
                -53.967496407997764,
                -27.43942706996163
              ],
              [
                -53.96750320616515,
                -27.439436096997472
              ],
              [
                -53.9675118475581,
                -27.4394437672818
              ],
              [
                -53.96752200009263,
                -27.43944978604955
              ],
              [
                -53.96753327361227,
                -27.43945392200261
              ],
              [
                -53.96754523488139,
                -27.439456016198445
              ],
              [
                -53.96755742423451,
                -27.43945598815822
              ],
              [
                -53.96756937324082,
                -27.43945383895957
              ],
              [
                -53.96758062270628,
                -27.439449651195126
              ],
              [
                -53.96759074036103,
                -27.43944358577381
              ],
              [
                -53.96832501529452,
                -27.438903099402413
              ],
              [
                -53.968325872369114,
                -27.438902330746167
              ],
              [
                -53.9683258724897,
                -27.438902330653818
              ],
              [
                -53.968326853997844,
                -27.438901691347805
              ],
              [
                -53.9684124229804,
                -27.438833535912828
              ],
              [
                -53.96841242303854,
                -27.43883353586988
              ],
              [
                -53.968439575907134,
                -27.438814962124745
              ],
              [
                -53.96844078857924,
                -27.43881394958115
              ],
              [
                -53.96844078869151,
                -27.438813949500023
              ],
              [
                -53.96844215077336,
                -27.438813101555265
              ],
              [
                -53.96946317635027,
                -27.43803421921252
              ],
              [
                -53.9694631766848,
                -27.438034219043214
              ],
              [
                -53.969463177066,
                -27.438034218997664
              ],
              [
                -53.969463177438676,
                -27.438034219082454
              ],
              [
                -53.96946317774887,
                -27.438034219285313
              ],
              [
                -53.96978714760766,
                -27.43834645217435
              ],
              [
                -53.96979626519162,
                -27.438353670257783
              ],
              [
                -53.96980678583022,
                -27.438359162588693
              ],
              [
                -53.96981830525829,
                -27.43836271812919
              ],
              [
                -53.969830380789936,
                -27.438364200241693
              ],
              [
                -53.96984254836876,
                -27.438363551969456
              ],
              [
                -53.96985434040066,
                -27.43836079822529
              ],
              [
                -53.96986530372398,
                -27.438356044834226
              ],
              [
                -53.96987501702402,
                -27.43834947446667
              ],
              [
                -53.96988310702388,
                -27.438341339618546
              ],
              [
                -53.96988926282961,
                -27.438331952907742
              ],
              [
                -53.969893247877415,
                -27.43832167506052
              ],
              [
                -53.969894909024745,
                -27.43831090104896
              ],
              [
                -53.969894182435304,
                -27.438300044912314
              ],
              [
                -53.96989109603219,
                -27.438289523845704
              ],
              [
                -53.96988576842475,
                -27.438279742167648
              ],
              [
                -53.96987840432016,
                -27.438271075746805
              ],
              [
                -53.96955783043394,
                -27.43796211601804
              ],
              [
                -53.96955783022409,
                -27.437962115709496
              ],
              [
                -53.96955783016664,
                -27.43796211535225
              ],
              [
                -53.969557830270794,
                -27.43796211500351
              ],
              [
                -53.96955783051985,
                -27.437962114719134
              ],
              [
                -53.9699614783325,
                -27.43765503073082
              ],
              [
                -53.96996993368309,
                -27.437647197214705
              ],
              [
                -53.96997651369183,
                -27.437638042479914
              ],
              [
                -53.969980965527675,
                -27.437627918305925
              ],
              [
                -53.9699831181096,
                -27.437617213759232
              ],
              [
                -53.96998288871578,
                -27.437606340209623
              ],
              [
                -53.96998028616237,
                -27.43759571552146
              ],
              [
                -53.96997541046461,
                -27.43758574799531
              ],
              [
                -53.969968448993335,
                -27.43757682067743
              ],
              [
                -53.96995966927407,
                -27.437569276639294
              ],
              [
                -53.9699494087065,
                -27.43756340579377
              ],
              [
                -53.969938061598036,
                -27.437559433753886
              ],
              [
                -53.9699260640113,
                -27.43755751316276
              ],
              [
                -53.969913877005965,
                -27.437557717827573
              ],
              [
                -53.96990196892125,
                -27.437560039883223
              ],
              [
                -53.96989079737756,
                -27.437564390094607
              ],
              [
                -53.969880791649615,
                -27.437570601311236
              ],
              [
                -53.969474233089095,
                -27.43787989949462
              ],
              [
                -53.96947423274965,
                -27.437879899664907
              ],
              [
                -53.96947423236325,
                -27.43787989970805
              ],
              [
                -53.96947423198723,
                -27.43787989961766
              ],
              [
                -53.96947423167742,
                -27.437879899407147
              ],
              [
                -53.969228047145485,
                -27.437632509254453
              ],
              [
                -53.96922804694011,
                -27.437632508934616
              ],
              [
                -53.96922804689531,
                -27.437632508568203
              ],
              [
                -53.96922804701856,
                -27.437632508216392
              ],
              [
                -53.96922804728926,
                -27.43763250793797
              ],
              [
                -53.96952391929844,
                -27.437431644038455
              ],
              [
                -53.96953284952536,
                -27.437424241911003
              ],
              [
                -53.969539989612606,
                -27.437415427612155
              ],
              [
                -53.96954506520746,
                -27.437405539840498
              ],
              [
                -53.96954788125814,
                -27.437394958577705
              ],
              [
                -53.96954832954604,
                -27.43738409045588
              ],
              [
                -53.96954639284443,
                -27.4373733531308
              ],
              [
                -53.9695421455803,
                -27.437363159231733
              ],
              [
                -53.96953575097408,
                -27.437353900504217
              ],
              [
                -53.969527454767174,
                -27.437345932755687
              ],
              [
                -53.969517575778184,
                -27.437339562181954
              ],
              [
                -53.9695064936508,
                -27.437335033600313
              ],
              [
                -53.969494634264464,
                -27.4373325210414
              ],
              [
                -53.969482453368094,
                -27.437332121061377
              ],
              [
                -53.969470419066006,
                -27.437333849031297
              ],
              [
                -53.96945899382915,
                -27.437337638546357
              ],
              [
                -53.96944861667988,
                -27.437343344001246
              ],
              [
                -53.96914610574047,
                -27.437548714851864
              ],
              [
                -53.96914610539997,
                -27.43754871500284
              ],
              [
                -53.96914610502104,
                -27.437548715030896
              ],
              [
                -53.96914610465731,
                -27.43754871493206
              ],
              [
                -53.96914610436024,
                -27.4375487147203
              ],
              [
                -53.96889894856469,
                -27.43729086363871
              ],
              [
                -53.96889015640081,
                -27.43728333109152
              ],
              [
                -53.96887988618663,
                -27.437277473710278
              ],
              [
                -53.968868532564386,
                -27.437273516559816
              ],
              [
                -53.96885653184681,
                -27.43727161171099
              ],
              [
                -53.968844345214215,
                -27.43727183236604
              ],
              [
                -53.96883244099116,
                -27.437274170045406
              ],
              [
                -53.968821276649884,
                -27.437278534913485
              ],
              [
                -53.96881128122915,
                -27.437284759231208
              ],
              [
                -53.9688028388473,
                -27.437292603801748
              ],
              [
                -53.968796273940384,
                -27.437301767163024
              ],
              [
                -53.968791838794466,
                -27.437311897172407
              ],
              [
                -53.96878970385023,
                -27.437322604539524
              ],
              [
                -53.96878995115308,
                -27.4373334777863
              ],
              [
                -53.9687925712,
                -27.437344099059867
              ],
              [
                -53.96879746330464,
                -27.43735406019051
              ],
              [
                -53.96880443949516,
                -27.437362978413766
              ],
              [
                -53.96908976541578,
                -27.437660651444737
              ],
              [
                -53.9690901831812,
                -27.437661009356074
              ],
              [
                -53.969090183299116,
                -27.4376610094768
              ],
              [
                -53.9690905235338,
                -27.437661427667972
              ],
              [
                -53.96937964094658,
                -27.43795196134272
              ],
              [
                -53.969379641147405,
                -27.43795196165036
              ],
              [
                -53.96937964119913,
                -27.437951962003368
              ],
              [
                -53.969379641093724,
                -27.43795196234673
              ],
              [
                -53.9693796408476,
                -27.43795196262695
              ],
              [
                -53.96837956014422,
                -27.43871486692591
              ],
              [
                -53.96837955980715,
                -27.438714867095968
              ],
              [
                -53.96837955942317,
                -27.438714867140476
              ],
              [
                -53.9683795590486,
                -27.4387148670529
              ],
              [
                -53.96837955873842,
                -27.4387148668461
              ],
              [
                -53.96766120663232,
                -27.438007732563506
              ],
              [
                -53.967661206426236,
                -27.438007732253286
              ],
              [
                -53.96766120637287,
                -27.43800773189582
              ],
              [
                -53.967661206480734,
                -27.43800773154828
              ],
              [
                -53.967661206732586,
                -27.43800773126623
              ],
              [
                -53.967680639644854,
                -27.43799322286598
              ],
              [
                -53.96768063965328,
                -27.43799322285976
              ],
              [
                -53.96875598677253,
                -27.437207869383226
              ],
              [
                -53.968755986783044,
                -27.43720786937565
              ],
              [
                -53.96878940655345,
                -27.437184120484005
              ],
              [
                -53.9692035242175,
                -27.436889841630105
              ],
              [
                -53.969212268575,
                -27.436882264944277
              ],
              [
                -53.96921918820525,
                -27.436873311787437
              ],
              [
                -53.969224017226765,
                -27.43686332619374
              ],
              [
                -53.96922657006349,
                -27.436852691904047
              ],
              [
                -53.96922674861202,
                -27.436841817588284
              ],
              [
                -53.969224546011496,
                -27.43683112114025
              ],
              [
                -53.96922004690726,
                -27.436821013618257
              ],
              [
                -53.96921342419784,
                -27.436811883448495
              ],
              [
                -53.96920493239041,
                -27.43680408149793
              ],
              [
                -53.96919489782043,
                -27.436797907590886
              ],
              [
                -53.96918370611039,
                -27.43679359898684
              ],
              [
                -53.96917178735093,
                -27.43679132126286
              ],
              [
                -53.96915959957277,
                -27.43679116195054
              ],
              [
                -53.96914761114451,
                -27.436793127172205
              ],
              [
                -53.96913628277417,
                -27.43679714140564
              ],
              [
                -53.969126049762366,
                -27.436803050410532
              ],
              [
                -53.96875886295008,
                -27.437063979395475
              ],
              [
                -53.96875886260823,
                -27.437063979554523
              ],
              [
                -53.96875886222452,
                -27.437063979587816
              ],
              [
                -53.96875886185474,
                -27.437063979490482
              ],
              [
                -53.968758861552715,
                -27.43706397927671
              ],
              [
                -53.968552020964495,
                -27.43684852587028
              ],
              [
                -53.96832521894215,
                -27.436612278937076
              ],
              [
                -53.96831642028457,
                -27.43660475247161
              ],
              [
                -53.968306145041396,
                -27.436598902195
              ],
              [
                -53.96829478804827,
                -27.43659495289914
              ],
              [
                -53.96828278574747,
                -27.436593056353026
              ],
              [
                -53.968270599379906,
                -27.43659328543983
              ],
              [
                -53.96825869726025,
                -27.436595631355967
              ],
              [
                -53.96824753677973,
                -27.436600003949312
              ],
              [
                -53.96823754682885,
                -27.436606235183874
              ],
              [
                -53.96822911131566,
                -27.436614085597085
              ],
              [
                -53.968222554412286,
                -27.43662325350229
              ],
              [
                -53.96821812809724,
                -27.43663338658224
              ],
              [
                -53.96821600247182,
                -27.436644095428584
              ],
              [
                -53.968216259223325,
                -27.436654968506367
              ],
              [
                -53.96821888848561,
                -27.436665587969248
              ],
              [
                -53.968223789218214,
                -27.436675545717037
              ],
              [
                -53.96823077311776,
                -27.43668445911535
              ],
              [
                -53.96841871254651,
                -27.436880225320714
              ],
              [
                -53.968418712736515,
                -27.436880225618914
              ],
              [
                -53.96841871278798,
                -27.43688022595886
              ],
              [
                -53.96841871269344,
                -27.436880226291358
              ],
              [
                -53.96841871246659,
                -27.4368802265683
              ],
              [
                -53.968044286443046,
                -27.437190399006788
              ],
              [
                -53.968036209678225,
                -27.437198544330776
              ],
              [
                -53.9680300691481,
                -27.437207938988323
              ],
              [
                -53.968026100797196,
                -27.437218221981556
              ],
              [
                -53.968024457127555,
                -27.43722899814095
              ],
              [
                -53.96802520130518,
                -27.43723985334479
              ],
              [
                -53.968028304732435,
                -27.43725037043356
              ],
              [
                -53.9680336481469,
                -27.437260145241304
              ],
              [
                -53.96804102620453,
                -27.437268802127257
              ],
              [
                -53.9680501553709,
                -27.437276008411974
              ],
              [
                -53.968060684816955,
                -27.43728148716154
              ],
              [
                -53.968072209901834,
                -27.437285027830583
              ],
              [
                -53.96808428772216,
                -27.43728649435292
              ],
              [
                -53.96809645413357,
                -27.437285830370943
              ],
              [
                -53.968108241586926,
                -27.43728306140121
              ],
              [
                -53.96811919709647,
                -27.437278293853833
              ],
              [
                -53.96812889968748,
                -27.43727171091632
              ],
              [
                -53.968499675957716,
                -27.43696456169418
              ],
              [
                -53.96849967630303,
                -27.43696456150656
              ],
              [
                -53.96849967670314,
                -27.436964561454708
              ],
              [
                -53.96849967709401,
                -27.4369645615469
              ],
              [
                -53.96849967741312,
                -27.436964561768395
              ],
              [
                -53.96866170651552,
                -27.437133337781017
              ],
              [
                -53.96866170671045,
                -27.43713333809258
              ],
              [
                -53.9686617067547,
                -27.437133338447218
              ],
              [
                -53.968661706641335,
                -27.437133338789398
              ],
              [
                -53.96866170638809,
                -27.43713333906556
              ],
              [
                -53.967601610540214,
                -27.43790755351209
              ],
              [
                -53.96760137129447,
                -27.437907766426083
              ],
              [
                -53.96760137115022,
                -27.437907766532614
              ],
              [
                -53.967601091990915,
                -27.43790793641729
              ],
              [
                -53.96757860864183,
                -27.437924722228704
              ],
              [
                -53.96757860830024,
                -27.437924722396293
              ],
              [
                -53.96757860791296,
                -27.437924722436062
              ],
              [
                -53.96757860753761,
                -27.437924722342107
              ],
              [
                -53.96757860723003,
                -27.437924722128415
              ],
              [
                -53.9667407963663,
                -27.43706400611724
              ],
              [
                -53.96674079616878,
                -27.43706400580626
              ],
              [
                -53.966740796122146,
                -27.437064005451255
              ],
              [
                -53.96674079623377,
                -27.437064005107956
              ],
              [
                -53.96674079648609,
                -27.437064004830322
              ],
              [
                -53.966747442237924,
                -27.437059111338332
              ],
              [
                -53.966748778606544,
                -27.43705791243945
              ],
              [
                -53.96674877870941,
                -27.437057912358885
              ],
              [
                -53.966750284370896,
                -27.43705688554845
              ],
              [
                -53.966876658927035,
                -27.43695167658673
              ],
              [
                -53.96687665895771,
                -27.436951676562217
              ],
              [
                -53.9678374691541,
                -27.436214760212092
              ],
              [
                -53.96783841765102,
                -27.436213874381533
              ],
              [
                -53.967838417765414,
                -27.436213874289816
              ],
              [
                -53.967839505872504,
                -27.436213127138252
              ],
              [
                -53.96784262059812,
                -27.436209949120574
              ],
              [
                -53.96784262062814,
                -27.436209949091268
              ],
              [
                -53.96784588915509,
                -27.436206896512644
              ],
              [
                -53.96784662571029,
                -27.43620586263896
              ],
              [
                -53.967846625802416,
                -27.43620586252909
              ],
              [
                -53.96784752963455,
                -27.4362049403307
              ],
              [
                -53.96784988962715,
                -27.43620128120795
              ],
              [
                -53.967849889650196,
                -27.43620128117398
              ],
              [
                -53.967852427916576,
                -27.436197718308318
              ],
              [
                -53.967852924259084,
                -27.436196576090577
              ],
              [
                -53.96785292432543,
                -27.436196575966775
              ],
              [
                -53.96785360914889,
                -27.436195514161138
              ],
              [
                -53.96785512371543,
                -27.43619151455148
              ],
              [
                -53.96785512373061,
                -27.436191514514135
              ],
              [
                -53.967856834192425,
                -27.436187578280432
              ],
              [
                -53.967857071248176,
                -27.436186371613385
              ],
              [
                -53.96785707128618,
                -27.436186371480414
              ],
              [
                -53.96785751078359,
                -27.436185210872203
              ],
              [
                -53.96785812172037,
                -27.436181024478447
              ],
              [
                -53.96785812172709,
                -27.436181024439183
              ],
              [
                -53.96785893865249,
                -27.43617686610473
              ],
              [
                -53.96785890731161,
                -27.436175641359952
              ],
              [
                -53.96785890731981,
                -27.436175641222928
              ],
              [
                -53.96785908460165,
                -27.436174426413615
              ],
              [
                -53.96785876843097,
                -27.436170214116522
              ],
              [
                -53.96785876842898,
                -27.436170214076853
              ],
              [
                -53.96785866042421,
                -27.436165993444163
              ],
              [
                -53.9678583618912,
                -27.436164797687926
              ],
              [
                -53.96785836186929,
                -27.4361647975521
              ],
              [
                -53.96785827012278,
                -27.436163575226143
              ],
              [
                -53.967857038995156,
                -27.436159498901876
              ],
              [
                -53.96785703898454,
                -27.436159498863308
              ],
              [
                -53.96785601020045,
                -27.436155378128923
              ],
              [
                -53.967855455947834,
                -27.436154257313422
              ],
              [
                -53.96785545589664,
                -27.436154257184032
              ],
              [
                -53.967855098647625,
                -27.43615307431471
              ],
              [
                -53.967852999874864,
                -27.436149290614082
              ],
              [
                -53.96785299985599,
                -27.436149290578125
              ],
              [
                -53.9678510898284,
                -27.43614542809943
              ],
              [
                -53.96785030115586,
                -27.43614442529696
              ],
              [
                -53.96785030107735,
                -27.436144425178945
              ],
              [
                -53.96784969205478,
                -27.43614332722327
              ],
              [
                -53.9678468062917,
                -27.43613998155172
              ],
              [
                -53.967846806265335,
                -27.43613998151972
              ],
              [
                -53.96784408839563,
                -27.436136525729463
              ],
              [
                -53.96784309561142,
                -27.436135679477125
              ],
              [
                -53.96784309550862,
                -27.43613567937506
              ],
              [
                -53.967842258086485,
                -27.436134708491515
              ],
              [
                -53.96728209616519,
                -27.435602593738203
              ],
              [
                -53.96727292060697,
                -27.435595434574903
              ],
              [
                -53.96726235603314,
                -27.435590010161537
              ],
              [
                -53.96725080839621,
                -27.435586528925597
              ],
              [
                -53.967238721464895,
                -27.435585124648966
              ],
              [
                -53.967226559732524,
                -27.43558585129712
              ],
              [
                -53.96721479056684,
                -27.435588680945536
              ],
              [
                -53.967203866249925,
                -27.435593504852548
              ],
              [
                -53.967194206596616,
                -27.435600137638424
              ],
              [
                -53.96718618282189,
                -27.435608324409248
              ],
              [
                -53.96718010327509,
                -27.435617750552275
              ],
              [
                -53.96717620159018,
                -27.435628053826346
              ],
              [
                -53.9671746277073,
                -27.435638838282593
              ],
              [
                -53.96717544211059,
                -27.435649689480385
              ],
              [
                -53.96717861350365,
                -27.43566019041424
              ],
              [
                -53.96718402001218,
                -27.435669937538915
              ],
              [
                -53.967191453897925,
                -27.435678556312872
              ],
              [
                -53.9677071289549,
                -27.436168412251977
              ],
              [
                -53.9677071291675,
                -27.436168412559837
              ],
              [
                -53.96770712922749,
                -27.436168412917468
              ],
              [
                -53.96770712912518,
                -27.436168413267378
              ],
              [
                -53.967707128877045,
                -27.436168413553286
              ],
              [
                -53.96679463394309,
                -27.436868272488347
              ],
              [
                -53.96679375627876,
                -27.43686909214831
              ],
              [
                -53.96679375616172,
                -27.43686909224183
              ],
              [
                -53.96679274673083,
                -27.43686978064118
              ],
              [
                -53.96666682891335,
                -27.436974609283446
              ],
              [
                -53.96666682886714,
                -27.436974609319623
              ],
              [
                -53.96665909615707,
                -27.43698030317178
              ],
              [
                -53.96665909581652,
                -27.436980303336636
              ],
              [
                -53.96665909543149,
                -27.43698030337507
              ],
              [
                -53.96665909505852,
                -27.436980303281434
              ],
              [
                -53.96665909475244,
                -27.43698030306949
              ],
              [
                -53.96589146125872,
                -27.436196159707208
              ],
              [
                -53.96589146123969,
                -27.436196159687185
              ],
              [
                -53.96578160542078,
                -27.436077119006033
              ],
              [
                -53.96578159813459,
                -27.43607711252605
              ],
              [
                -53.96578159800883,
                -27.436077112389828
              ],
              [
                -53.965781592276684,
                -27.436077104767758
              ],
              [
                -53.9651815050473,
                -27.435427277079793
              ],
              [
                -53.96518113278149,
                -27.435426946218254
              ],
              [
                -53.96518113266509,
                -27.435426946094342
              ],
              [
                -53.96518083259223,
                -27.43542656124331
              ],
              [
                -53.965162241157046,
                -27.435407105454544
              ],
              [
                -53.9651622411322,
                -27.435407105427483
              ],
              [
                -53.96513952730017,
                -27.435381377177727
              ],
              [
                -53.96513840143997,
                -27.43538033157734
              ],
              [
                -53.965138401346884,
                -27.43538033147739
              ],
              [
                -53.96513745560983,
                -27.435379152406245
              ],
              [
                -53.96513710275567,
                -27.435378857175138
              ],
              [
                -53.96513710263433,
                -27.435378857053454
              ],
              [
                -53.96513681505015,
                -27.43537851000963
              ],
              [
                -53.96513385455416,
                -27.43537610882453
              ],
              [
                -53.96513385450516,
                -27.435376108782002
              ],
              [
                -53.965131082676635,
                -27.435373534549864
              ],
              [
                -53.96512974986843,
                -27.435372705041942
              ],
              [
                -53.9651297497553,
                -27.43537270496011
              ],
              [
                -53.965128564384656,
                -27.435371713166894
              ],
              [
                -53.96512815375774,
                -27.435371485029105
              ],
              [
                -53.96512815361211,
                -27.435371484930876
              ],
              [
                -53.96512779567217,
                -27.43537119461458
              ],
              [
                -53.965124367038676,
                -27.435369354894735
              ],
              [
                -53.96512436698133,
                -27.435369354861557
              ],
              [
                -53.96512108555306,
                -27.435367312578755
              ],
              [
                -53.9651195969812,
                -27.43536673100862
              ],
              [
                -53.965119596852354,
                -27.435366730948054
              ],
              [
                -53.96511821740126,
                -27.435365964546797
              ],
              [
                -53.96511776478178,
                -27.435365812269566
              ],
              [
                -53.96511776461748,
                -27.435365812198565
              ],
              [
                -53.96511735007717,
                -27.435365589766455
              ],
              [
                -53.96511358506647,
                -27.435364382211166
              ],
              [
                -53.96511358500295,
                -27.43536438218861
              ],
              [
                -53.9651099200783,
                -27.435362950338863
              ],
              [
                -53.96510833294782,
                -27.435362639055942
              ],
              [
                -53.965108332808214,
                -27.435362639018976
              ],
              [
                -53.96510681228805,
                -27.435362127461964
              ],
              [
                -53.96510633506993,
                -27.435362056897212
              ],
              [
                -53.96510633489328,
                -27.435362056856185
              ],
              [
                -53.965105879683115,
                -27.435361910856173
              ],
              [
                -53.96510192298223,
                -27.435361381871054
              ],
              [
                -53.965101922915004,
                -27.435361381859984
              ],
              [
                -53.965099531756984,
                -27.435360912883482
              ],
              [
                -53.96509953136546,
                -27.435360912722754
              ],
              [
                -53.96509593199312,
                -27.435358491203278
              ],
              [
                -53.96508495496115,
                -27.435353763527466
              ],
              [
                -53.96507315513671,
                -27.43535103744122
              ],
              [
                -53.96506098597966,
                -27.435350417706353
              ],
              [
                -53.96504891514323,
                -27.43535192813899
              ],
              [
                -53.965037406502276,
                -27.435355510694137
              ],
              [
                -53.965026902326876,
                -27.435361027696498
              ],
              [
                -53.96501780628633,
                -27.43536826713103
              ],
              [
                -53.96501046793636,
                -27.435376950790637
              ],
              [
                -53.96500516928591,
                -27.43538674496741
              ],
              [
                -53.965002113959585,
                -27.435397273276845
              ],
              [
                -53.96500141937253,
                -27.43540813112203
              ],
              [
                -53.96500192128306,
                -27.435411324347484
              ],
              [
                -53.96500192127448,
                -27.435411324643876
              ],
              [
                -53.96500192115865,
                -27.435411324921773
              ],
              [
                -53.96500192094808,
                -27.43541132515113
              ],
              [
                -53.964945479157194,
                -27.435455435274193
              ],
              [
                -53.964945479152526,
                -27.43545543527782
              ],
              [
                -53.964141587217185,
                -27.43607596904813
              ],
              [
                -53.9641415868782,
                -27.436075969220855
              ],
              [
                -53.96414158649116,
                -27.43607596926609
              ],
              [
                -53.964141586113755,
                -27.436075969177093
              ],
              [
                -53.96414158580229,
                -27.436075968967142
              ],
              [
                -53.963533563381695,
                -27.43546909256993
              ],
              [
                -53.963526215276474,
                -27.43546286415215
              ],
              [
                -53.963517830706216,
                -27.435457783625502
              ],
              [
                -53.96337367539114,
                -27.435384994537415
              ],
              [
                -53.963373675104044,
                -27.435384994320742
              ],
              [
                -53.96337367492557,
                -27.43538499402542
              ],
              [
                -53.96337367488045,
                -27.43538499369232
              ],
              [
                -53.96337367497492,
                -27.435384993367563
              ],
              [
                -53.963373675195896,
                -27.43538499309609
              ],
              [
                -53.963942128442156,
                -27.43490720391004
              ],
              [
                -53.96395013878767,
                -27.434899006622864
              ],
              [
                -53.96395620284852,
                -27.434889572532327
              ],
              [
                -53.96396008761941,
                -27.43487926415189
              ],
              [
                -53.963961643811345,
                -27.434868477627017
              ],
              [
                -53.96396081162145,
                -27.434857627477836
              ],
              [
                -53.96395762303098,
                -27.434847130669365
              ],
              [
                -53.96395220057624,
                -27.434837390587905
              ],
              [
                -53.96394475263952,
                -27.434828781539032
              ],
              [
                -53.96393556544089,
                -27.434821634363306
              ],
              [
                -53.96392499203924,
                -27.4348162237225
              ],
              [
                -53.96391343876386,
                -27.434812757544165
              ],
              [
                -53.96390134960025,
                -27.434811369031515
              ],
              [
                -53.963889189127386,
                -27.434812111544264
              ],
              [
                -53.96387742466474,
                -27.434814956548166
              ],
              [
                -53.963866508313515,
                -27.434819794711494
              ],
              [
                -53.96385685954306,
                -27.43482644013385
              ],
              [
                -53.96322734160097,
                -27.435355553882246
              ],
              [
                -53.9632196792822,
                -27.435363319443127
              ],
              [
                -53.963213766277775,
                -27.435372219352956
              ],
              [
                -53.963209808206784,
                -27.43538194411118
              ],
              [
                -53.96320794272861,
                -27.435392155497762
              ],
              [
                -53.96320823472384,
                -27.43540249836799
              ],
              [
                -53.963210674037676,
                -27.43541261300409
              ],
              [
                -53.96321421258349,
                -27.43542010750233
              ],
              [
                -53.963214212594885,
                -27.43542010752752
              ],
              [
                -53.9632148309167,
                -27.43542153589001
              ],
              [
                -53.96321499809886,
                -27.43542177122427
              ],
              [
                -53.963214998176625,
                -27.43542177135696
              ],
              [
                -53.96321517585149,
                -27.435422147665143
              ],
              [
                -53.96321555730298,
                -27.43542278254759
              ],
              [
                -53.9632185132365,
                -27.435426719314446
              ],
              [
                -53.96321851325048,
                -27.435426719333577
              ],
              [
                -53.96322135646814,
                -27.435430721593466
              ],
              [
                -53.963221901594224,
                -27.435431232015027
              ],
              [
                -53.96322190170221,
                -27.43543123213521
              ],
              [
                -53.96322234151641,
                -27.435431817887764
              ],
              [
                -53.96322610139852,
                -27.43543516444609
              ],
              [
                -53.96322610141641,
                -27.435435164462433
              ],
              [
                -53.963229765103904,
                -27.435438594906927
              ],
              [
                -53.96323041136017,
                -27.43543900063191
              ],
              [
                -53.963230411492376,
                -27.435439000730998
              ],
              [
                -53.96323097093154,
                -27.43543949867094
              ],
              [
                -53.96323539029976,
                -27.43544212645116
              ],
              [
                -53.963235390320875,
                -27.435442126464068
              ],
              [
                -53.96323973372566,
                -27.435444853288715
              ],
              [
                -53.96344767336376,
                -27.435549849438097
              ],
              [
                -53.96344767361952,
                -27.43554984962193
              ],
              [
                -53.96408918179619,
                -27.43619014870601
              ],
              [
                -53.96408918181109,
                -27.43619014872122
              ],
              [
                -53.964868307520995,
                -27.437003730735494
              ],
              [
                -53.96503382848002,
                -27.43717657075892
              ],
              [
                -53.96503455773544,
                -27.43717719609279
              ],
              [
                -53.96503455784498,
                -27.43717719620348
              ],
              [
                -53.96503516295022,
                -27.437177919335802
              ],
              [
                -53.96564473724363,
                -27.437774163215636
              ],
              [
                -53.96564473744639,
                -27.437774163514234
              ],
              [
                -53.96564473750685,
                -27.437774163859164
              ],
              [
                -53.96564473741594,
                -27.43777416419874
              ],
              [
                -53.965644737187304,
                -27.437774164482065
              ],
              [
                -53.96474947118881,
                -27.43852126047156
              ],
              [
                -53.9647414278059,
                -27.43852943215814
              ],
              [
                -53.96473532580228,
                -27.438538846843862
              ],
              [
                -53.96473139964194,
                -27.438549142761385
              ],
              [
                -53.96472980020562,
                -27.43855992424453
              ],
              [
                -53.96473058895943,
                -27.43857077696695
              ],
              [
                -53.964733735592695,
                -27.438581283864515
              ],
              [
                -53.964739119182624,
                -27.438591041162837
              ],
              [
                -53.964746532841275,
                -27.438599673894196
              ],
              [
                -53.96475569166597,
                -27.438606850307163
              ],
              [
                -53.96476624368808,
                -27.43861229461598
              ],
              [
                -53.96477778339902,
                -27.438615797598683
              ],
              [
                -53.964789867333394,
                -27.438617224637436
              ],
              [
                -53.9648020311118,
                -27.438616520891934
              ],
              [
                -53.964813807286454,
                -27.438613713406788
              ],
              [
                -53.964824743304845,
                -27.43860891007231
              ],
              [
                -53.96483441894128,
                -27.43860229545113
              ],
              [
                -53.96572695967867,
                -27.43785747313773
              ],
              [
                -53.96572696002475,
                -27.43785747294849
              ],
              [
                -53.965726960426366,
                -27.43785747289598
              ],
              [
                -53.965726960818756,
                -27.43785747298867
              ],
              [
                -53.965726961138635,
                -27.43785747321161
              ],
              [
                -53.96660546769829,
                -27.438777742890952
              ],
              [
                -53.96660546789168,
                -27.438777743201378
              ],
              [
                -53.966605467935736,
                -27.43877774355436
              ],
              [
                -53.96660546782362,
                -27.438777743895134
              ],
              [
                -53.96660546757273,
                -27.43877774417087
              ],
              [
                -53.9657776459963,
                -27.439388173712945
              ],
              [
                -53.96577764599209,
                -27.43938817371604
              ],
              [
                -53.96564757443248,
                -27.439483038125292
              ],
              [
                -53.96564757406375,
                -27.43948303829588
              ],
              [
                -53.96564757364926,
                -27.43948303831976
              ],
              [
                -53.965647573259,
                -27.4394830381929
              ],
              [
                -53.96546875604523,
                -27.43938383133504
              ],
              [
                -53.96546875577047,
                -27.43938383111043
              ],
              [
                -53.96501911172062,
                -27.43884914104862
              ],
              [
                -53.96501087577645,
                -27.43884112348747
              ],
              [
                -53.96500104501673,
                -27.43883469357536
              ],
              [
                -53.96498999719802,
                -27.438830098377064
              ],
              [
                -53.96497815688125,
                -27.43882751448327
              ],
              [
                -53.96496597908264,
                -27.438827041191477
              ],
              [
                -53.96495393178727,
                -27.438828696690077
              ],
              [
                -53.96494247796548,
                -27.438832417359308
              ],
              [
                -53.96493205778067,
                -27.438838060216167
              ],
              [
                -53.964923071674406,
                -27.43884540840915
              ],
              [
                -53.964915864977755,
                -27.438854179551612
              ]
            ]
          ],
          [
            [
              [
                -53.96686077351359,
                -27.436730279889975
              ],
              [
                -53.96686485236123,
                -27.43672003136883
              ],
              [
                -53.966866611951275,
                -27.436709269782327
              ],
              [
                -53.96686598466175,
                -27.43669840864775
              ],
              [
                -53.96647558256028,
                -27.43438828476987
              ],
              [
                -53.966475582565394,
                -27.434388284473545
              ],
              [
                -53.96647558267788,
                -27.434388284194704
              ],
              [
                -53.96647558288559,
                -27.434388283963447
              ],
              [
                -53.96663607156113,
                -27.434260100287876
              ],
              [
                -53.96663607157972,
                -27.43426010027339
              ],
              [
                -53.96702769742639,
                -27.433962348609896
              ],
              [
                -53.96702769778083,
                -27.43396234843543
              ],
              [
                -53.96702769818355,
                -27.43396234839905
              ],
              [
                -53.967027698569986,
                -27.433962348506572
              ],
              [
                -53.967027698878134,
                -27.433962348740756
              ],
              [
                -53.967730307821995,
                -27.434763969104214
              ],
              [
                -53.96773269717253,
                -27.434766203731492
              ],
              [
                -53.96773269722916,
                -27.434766203789184
              ],
              [
                -53.96773486515524,
                -27.43476861140807
              ],
              [
                -53.96773689405031,
                -27.434770128846683
              ],
              [
                -53.96773689413234,
                -27.434770128915314
              ],
              [
                -53.9677387215828,
                -27.43477183802828
              ],
              [
                -53.96774155358429,
                -27.434773613780415
              ],
              [
                -53.96774155365244,
                -27.434773613827133
              ],
              [
                -53.96774420638783,
                -27.434775597844187
              ],
              [
                -53.96805508239578,
                -27.434965137869604
              ],
              [
                -53.968064189306,
                -27.434969738532505
              ],
              [
                -53.9680740319703,
                -27.434972911218907
              ],
              [
                -53.96808433163124,
                -27.43497456607412
              ],
              [
                -53.96830616466592,
                -27.43499320806812
              ],
              [
                -53.968314652382105,
                -27.434993401815895
              ],
              [
                -53.968824824550936,
                -27.43497392878927
              ],
              [
                -53.96883689264621,
                -27.434972401169514
              ],
              [
                -53.96884839479318,
                -27.4349688022403
              ],
              [
                -53.968858889019884,
                -27.434963270300333
              ],
              [
                -53.96886797203873,
                -27.43495601793928
              ],
              [
                -53.968875294794366,
                -27.434947323861657
              ],
              [
                -53.96888057587767,
                -27.434937522176245
              ],
              [
                -53.96888361234006,
                -27.43492698955653
              ],
              [
                -53.9688842874926,
                -27.43491613076526
              ],
              [
                -53.96888257539028,
                -27.434905363099688
              ],
              [
                -53.96887854182885,
                -27.434895100355014
              ],
              [
                -53.96887234181634,
                -27.434885736922546
              ],
              [
                -53.96886421361604,
                -27.43487763263345
              ],
              [
                -53.968854469590084,
                -27.434871098930678
              ],
              [
                -53.968843484195716,
                -27.434866386900485
              ],
              [
                -53.96883167959511,
                -27.434863677623397
              ],
              [
                -53.968819509381724,
                -27.434863075212796
              ],
              [
                -53.96831358900303,
                -27.43488238591835
              ],
              [
                -53.96831358886506,
                -27.434882385915202
              ],
              [
                -53.968111981924885,
                -27.434865443636863
              ],
              [
                -53.96811198144941,
                -27.434865443483602
              ],
              [
                -53.967822325397556,
                -27.434688841219067
              ],
              [
                -53.96782232517162,
                -27.434688841030038
              ],
              [
                -53.967122433668045,
                -27.433890321650786
              ],
              [
                -53.967122433493266,
                -27.43389032134575
              ],
              [
                -53.967122433458606,
                -27.43389032100457
              ],
              [
                -53.96712243356905,
                -27.433890320676465
              ],
              [
                -53.96712243380868,
                -27.433890320408793
              ],
              [
                -53.96766494315062,
                -27.43347784630241
              ],
              [
                -53.967664943372974,
                -27.433477846174036
              ],
              [
                -53.96766624672087,
                -27.43347729449878
              ],
              [
                -53.96766624680728,
                -27.43347729446649
              ],
              [
                -53.96766927457767,
                -27.433476307644074
              ],
              [
                -53.96767173968293,
                -27.433474969467596
              ],
              [
                -53.96767173977507,
                -27.43347496942324
              ],
              [
                -53.967674346789686,
                -27.433473865937575
              ],
              [
                -53.96767693365217,
                -27.433472149938126
              ],
              [
                -53.96767693372988,
                -27.43347214989142
              ],
              [
                -53.9676796875556,
                -27.43347065498346
              ],
              [
                -53.967681812704924,
                -27.433468913416288
              ],
              [
                -53.967681812785585,
                -27.433468913356737
              ],
              [
                -53.96768412843219,
                -27.433467377268556
              ],
              [
                -53.96768629038898,
                -27.433465243943797
              ],
              [
                -53.96768629045497,
                -27.433465243884463
              ],
              [
                -53.96768866450806,
                -27.433463298339497
              ],
              [
                -53.967690368033175,
                -27.43346122030912
              ],
              [
                -53.96769036809927,
                -27.433461220236683
              ],
              [
                -53.96769230338877,
                -27.433459310577064
              ],
              [
                -53.96769395735712,
                -27.433456841909603
              ],
              [
                -53.96769395740885,
                -27.43345684183991
              ],
              [
                -53.96769586045584,
                -27.43345452042417
              ],
              [
                -53.96769707689123,
                -27.43345218578823
              ],
              [
                -53.96769707694022,
                -27.433452185705693
              ],
              [
                -53.96769855750058,
                -27.433449975861873
              ],
              [
                -53.967699639919545,
                -27.43344726672118
              ],
              [
                -53.96769963995506,
                -27.433447266643835
              ],
              [
                -53.96770099886292,
                -27.433444658568142
              ],
              [
                -53.96770168146176,
                -27.43344215704546
              ],
              [
                -53.96770168149176,
                -27.433442156955966
              ],
              [
                -53.96770265042603,
                -27.433439731851024
              ],
              [
                -53.96770311969897,
                -27.43343688634796
              ],
              [
                -53.96770311971689,
                -27.433436886265905
              ],
              [
                -53.96770388226371,
                -27.433434091757203
              ],
              [
                -53.96770400479428,
                -27.433431519479914
              ],
              [
                -53.967704004804126,
                -27.43343151938692
              ],
              [
                -53.96770442487681,
                -27.433428972216298
              ],
              [
                -53.96770426297002,
                -27.43342609970197
              ],
              [
                -53.967704262969654,
                -27.433426099618377
              ],
              [
                -53.96770439985138,
                -27.43342322606805
              ],
              [
                -53.967703957605046,
                -27.433420681887313
              ],
              [
                -53.96770395759438,
                -27.433420681794395
              ],
              [
                -53.9677038126625,
                -27.433418110444457
              ],
              [
                -53.96770302579814,
                -27.433415321307955
              ],
              [
                -53.96770302577951,
                -27.43341532122602
              ],
              [
                -53.967702531736016,
                -27.433412479063026
              ],
              [
                -53.96770154170822,
                -27.433410060750266
              ],
              [
                -53.967701541677435,
                -27.433410060660975
              ],
              [
                -53.9677008373108,
                -27.433407563947217
              ],
              [
                -53.96769945572779,
                -27.43340496537344
              ],
              [
                -53.9676994556916,
                -27.433404965296322
              ],
              [
                -53.96769834970888,
                -27.433402263743307
              ],
              [
                -53.967696849945966,
                -27.433400064232885
              ],
              [
                -53.96769684989626,
                -27.43340006415067
              ],
              [
                -53.9676956131634,
                -27.433397738020343
              ],
              [
                -53.967693689955304,
                -27.43339542987096
              ],
              [
                -53.96769368990296,
                -27.433395429801642
              ],
              [
                -53.96769201448342,
                -27.433392972677705
              ],
              [
                -53.96769006262052,
                -27.433391076495493
              ],
              [
                -53.96769006255379,
                -27.433391076423515
              ],
              [
                -53.96768834095197,
                -27.43338901023273
              ],
              [
                -53.96690908707037,
                -27.432623649419956
              ],
              [
                -53.966909086864085,
                -27.432623649110386
              ],
              [
                -53.96690908681001,
                -27.43262364875348
              ],
              [
                -53.96690908691677,
                -27.432623648406143
              ],
              [
                -53.96690908716735,
                -27.432623648123787
              ],
              [
                -53.967110066623405,
                -27.432472595785704
              ],
              [
                -53.96711006696225,
                -27.432472595617742
              ],
              [
                -53.96711006734704,
                -27.43247259557594
              ],
              [
                -53.967110067721165,
                -27.432472595666425
              ],
              [
                -53.96711006802959,
                -27.43247259587591
              ],
              [
                -53.967963050301385,
                -27.433327806708338
              ],
              [
                -53.96796305031702,
                -27.43332780672438
              ],
              [
                -53.968204933406646,
                -27.433582148385167
              ],
              [
                -53.968213692627415,
                -27.433589711164892
              ],
              [
                -53.968223937088226,
                -27.433595603878555
              ],
              [
                -53.96823527313576,
                -27.433599600103236
              ],
              [
                -53.96824726513147,
                -27.433601546266026
              ],
              [
                -53.96825945222902,
                -27.43360136757697
              ],
              [
                -53.96827136608442,
                -27.43359907090304
              ],
              [
                -53.96828254885424,
                -27.433594744504305
              ],
              [
                -53.96829257079058,
                -27.433588554642085
              ],
              [
                -53.96830104675574,
                -27.433580739189647
              ],
              [
                -53.96830765102328,
                -27.433571598490733
              ],
              [
                -53.968312129795244,
                -27.433561483817513
              ],
              [
                -53.968314310955456,
                -27.43355078387142
              ],
              [
                -53.968314110683856,
                -27.43353990984539
              ],
              [
                -53.968311536677426,
                -27.433529279622114
              ],
              [
                -53.968306687854415,
                -27.43351930171491
              ],
              [
                -53.968299750524395,
                -27.4335103595323
              ],
              [
                -53.96805739311793,
                -27.433255519319996
              ],
              [
                -53.968056864392466,
                -27.433255062811554
              ],
              [
                -53.96805686427807,
                -27.433255062694098
              ],
              [
                -53.968056431379395,
                -27.43325453188086
              ],
              [
                -53.96720437040565,
                -27.43240024538432
              ],
              [
                -53.96720437020539,
                -27.43240024507932
              ],
              [
                -53.96720437015188,
                -27.432400244729084
              ],
              [
                -53.96720437025336,
                -27.4324002443874
              ],
              [
                -53.967204370494215,
                -27.432400244106763
              ],
              [
                -53.968186202532436,
                -27.43163186136115
              ],
              [
                -53.968186202875856,
                -27.431631861184606
              ],
              [
                -53.968186203268964,
                -27.431631861139472
              ],
              [
                -53.9681862036513,
                -27.431631861232685
              ],
              [
                -53.96818620396406,
                -27.431631861449908
              ],
              [
                -53.96889856580179,
                -27.432368324754382
              ],
              [
                -53.96889856599334,
                -27.432368325052725
              ],
              [
                -53.968898566045816,
                -27.432368325393348
              ],
              [
                -53.96889856595162,
                -27.43236832572675
              ],
              [
                -53.968898565724416,
                -27.43236832600446
              ],
              [
                -53.96825145540045,
                -27.432904521873972
              ],
              [
                -53.968243379888484,
                -27.432912667942276
              ],
              [
                -53.96823724068002,
                -27.432922063166888
              ],
              [
                -53.96823327366873,
                -27.43293234652822
              ],
              [
                -53.96823163130523,
                -27.432943122842527
              ],
              [
                -53.96823237670531,
                -27.432953977982173
              ],
              [
                -53.96823548122433,
                -27.432964494790124
              ],
              [
                -53.96824082555798,
                -27.432974269111178
              ],
              [
                -53.96824820432683,
                -27.432982925323316
              ],
              [
                -53.96825733396911,
                -27.432990130772932
              ],
              [
                -53.9682678636376,
                -27.432995608558276
              ],
              [
                -53.96827938868265,
                -27.432999148170936
              ],
              [
                -53.968291466202736,
                -27.433000613585413
              ],
              [
                -53.96830363206474,
                -27.432999948486646
              ],
              [
                -53.9683154187408,
                -27.432997178434086
              ],
              [
                -53.96832637327497,
                -27.432992409879482
              ],
              [
                -53.96833607472998,
                -27.43298582604908
              ],
              [
                -53.968979895257334,
                -27.432452355723747
              ],
              [
                -53.9689798956016,
                -27.432452355536427
              ],
              [
                -53.96897989600056,
                -27.43245235548411
              ],
              [
                -53.9689798963907,
                -27.432452355575105
              ],
              [
                -53.9689798967099,
                -27.43245235579495
              ],
              [
                -53.969682935285476,
                -27.433178320034333
              ],
              [
                -53.969682935478495,
                -27.433178320335948
              ],
              [
                -53.96968293552945,
                -27.43317832068029
              ],
              [
                -53.9696829354308,
                -27.433178321016275
              ],
              [
                -53.96968293519714,
                -27.43317832129407
              ],
              [
                -53.968621798919024,
                -27.434031122349225
              ],
              [
                -53.968613585386144,
                -27.434039157867378
              ],
              [
                -53.968607286656166,
                -27.434048468677183
              ],
              [
                -53.96860314475246,
                -27.43405869700255
              ],
              [
                -53.96860131884665,
                -27.43406944977483
              ],
              [
                -53.96860187910795,
                -27.434080313771066
              ],
              [
                -53.96860480400653,
                -27.43409087149388
              ],
              [
                -53.96860998114076,
                -27.434100717215724
              ],
              [
                -53.96861721155664,
                -27.434109472570753
              ],
              [
                -53.96862621739353,
                -27.4341168010953
              ],
              [
                -53.96863665256198,
                -27.43412242115793
              ],
              [
                -53.96864811604401,
                -27.434126116782576
              ],
              [
                -53.96866016730383,
                -27.43412774594831
              ],
              [
                -53.96867234321761,
                -27.43412724604716
              ],
              [
                -53.96868417587117,
                -27.434124636290104
              ],
              [
                -53.96869521054161,
                -27.434120016968883
              ],
              [
                -53.96870502321257,
                -27.43411356557522
              ],
              [
                -53.9697641949699,
                -27.433262342741987
              ],
              [
                -53.969764195314,
                -27.433262342560383
              ],
              [
                -53.96976419571011,
                -27.433262342512027
              ],
              [
                -53.96976419609624,
                -27.433262342604497
              ],
              [
                -53.96976419641199,
                -27.433262342823323
              ],
              [
                -53.97034995130634,
                -27.43386877871894
              ],
              [
                -53.97035877528976,
                -27.43387628131962
              ],
              [
                -53.970369070114906,
                -27.433882103741592
              ],
              [
                -53.97038044019322,
                -27.433886022262932
              ],
              [
                -53.97039244857835,
                -27.433887886296887
              ],
              [
                -53.97040463379415,
                -27.433887624209614
              ],
              [
                -53.970416527568936,
                -27.433885246073068
              ],
              [
                -53.97042767283099,
                -27.433880843277876
              ],
              [
                -53.97043764127376,
                -27.43387458502124
              ],
              [
                -53.97044604981536,
                -27.433866711804786
              ],
              [
                -53.97045257532034,
                -27.433857526192092
              ],
              [
                -53.97045696701762,
                -27.433847381181334
              ],
              [
                -53.97045905613722,
                -27.43383666663979
              ],
              [
                -53.97045876239616,
                -27.433825794321294
              ],
              [
                -53.970456097083414,
                -27.433815182042892
              ],
              [
                -53.970451162626055,
                -27.433805237628356
              ],
              [
                -53.97044414862422,
                -27.433796343199194
              ],
              [
                -53.96981690366029,
                -27.43314695248143
              ],
              [
                -53.96981687429598,
                -27.433146927513988
              ],
              [
                -53.969816874167385,
                -27.433146927381028
              ],
              [
                -53.96981685078326,
                -27.433146897808957
              ],
              [
                -53.96903186547425,
                -27.43233631518555
              ],
              [
                -53.968239392153315,
                -27.431517030567772
              ],
              [
                -53.968239211533934,
                -27.431516877209614
              ],
              [
                -53.96823921140916,
                -27.431516877081652
              ],
              [
                -53.96823906619718,
                -27.43151669629438
              ],
              [
                -53.96823807343155,
                -27.431515866747116
              ],
              [
                -53.96823807332736,
                -27.43151586664569
              ],
              [
                -53.96823723351832,
                -27.43151491196146
              ],
              [
                -53.96785067060161,
                -27.431154648151338
              ],
              [
                -53.967840861414736,
                -27.43114722311335
              ],
              [
                -53.96743794260792,
                -27.430901319258044
              ],
              [
                -53.96742725628381,
                -27.43089608879066
              ],
              [
                -53.9674156317394,
                -27.43089281906022
              ],
              [
                -53.96740351565521,
                -27.430891635699084
              ],
              [
                -53.96739137364476,
                -27.43089258418316
              ],
              [
                -53.967379672318046,
                -27.430895628062814
              ],
              [
                -53.96736886134994,
                -27.4309006503637
              ],
              [
                -53.9673593561996,
                -27.43090745808187
              ],
              [
                -53.96735152214445,
                -27.43091578960085
              ],
              [
                -53.967345660243055,
                -27.430925324745328
              ],
              [
                -53.96734199576541,
                -27.430935697085275
              ],
              [
                -53.96734066953597,
                -27.430946508017623
              ],
              [
                -53.96734173252164,
                -27.43095734208429
              ],
              [
                -53.96734514387316,
                -27.430967782938108
              ],
              [
                -53.96735077249473,
                -27.430977429342633
              ],
              [
                -53.96735840208202,
                -27.430985910591787
              ],
              [
                -53.96736773947246,
                -27.4309929007841
              ],
              [
                -53.96776532117885,
                -27.431235547442157
              ],
              [
                -53.967765321338305,
                -27.431235547562853
              ],
              [
                -53.968102495597115,
                -27.43154978314484
              ],
              [
                -53.96810249581298,
                -27.431549783450784
              ],
              [
                -53.96810249587682,
                -27.43154978380779
              ],
              [
                -53.968102495778396,
                -27.431549784158488
              ],
              [
                -53.96810249553353,
                -27.43154978444651
              ],
              [
                -53.9670757578596,
                -27.43235330939207
              ],
              [
                -53.96707575784428,
                -27.432353309403833
              ],
              [
                -53.96683180715783,
                -27.432536658076724
              ],
              [
                -53.966831806847225,
                -27.432536658236074
              ],
              [
                -53.96683180649382,
                -27.432536658288726
              ],
              [
                -53.966831806142046,
                -27.432536658228077
              ],
              [
                -53.96682688921745,
                -27.432534961201696
              ],
              [
                -53.96681488197072,
                -27.432533091926537
              ],
              [
                -53.966802696730504,
                -27.432533348698907
              ],
              [
                -53.966790801767985,
                -27.432535721651234
              ],
              [
                -53.96677965419933,
                -27.432540119592478
              ],
              [
                -53.966769682418864,
                -27.432546373512498
              ],
              [
                -53.9667612696364,
                -27.432554243076947
              ],
              [
                -53.96675473915056,
                -27.432563425863144
              ],
              [
                -53.966750341924566,
                -27.43257356898208
              ],
              [
                -53.96674824694191,
                -27.432584282639503
              ],
              [
                -53.966748534712266,
                -27.43259515511564
              ],
              [
                -53.96674972960812,
                -27.43259992374126
              ],
              [
                -53.96674972962351,
                -27.432599924057865
              ],
              [
                -53.9667497295152,
                -27.43259992435969
              ],
              [
                -53.96674972929656,
                -27.432599924609438
              ],
              [
                -53.9662157861925,
                -27.43302717710679
              ],
              [
                -53.96620755327093,
                -27.4330351967785
              ],
              [
                -53.96620123204392,
                -27.43304449543458
              ],
              [
                -53.966197065399385,
                -27.43305471576591
              ],
              [
                -53.96619521345971,
                -27.433065465011094
              ],
              [
                -53.96619574739457,
                -27.433076330082656
              ],
              [
                -53.96619864668583,
                -27.433086893441942
              ],
              [
                -53.96620379991594,
                -27.433096749144767
              ],
              [
                -53.96621100904955,
                -27.433105518441742
              ],
              [
                -53.96621999704388,
                -27.433112864333413
              ],
              [
                -53.96623041849517,
                -27.43311850452096
              ],
              [
                -53.966241872912555,
                -27.433122222254894
              ],
              [
                -53.966253920108606,
                -27.433123874664638
              ],
              [
                -53.96626609711571,
                -27.433123398248977
              ],
              [
                -53.96627793597755,
                -27.43312081131637
              ],
              [
                -53.96628898173278,
                -27.433116213281387
              ],
              [
                -53.966298809939,
                -27.433109780817883
              ],
              [
                -53.96681527122211,
                -27.432696516767912
              ],
              [
                -53.9668152715599,
                -27.432696516589075
              ],
              [
                -53.9668152719486,
                -27.432696516538645
              ],
              [
                -53.96681527232949,
                -27.432696516624226
              ],
              [
                -53.96681527264505,
                -27.432696516832905
              ],
              [
                -53.967550756019705,
                -27.433418888462736
              ],
              [
                -53.96755075622551,
                -27.433418888771094
              ],
              [
                -53.96755075628027,
                -27.43341888912665
              ],
              [
                -53.96755075617526,
                -27.43341888947311
              ],
              [
                -53.967550755927135,
                -27.433418889755593
              ],
              [
                -53.96699640235478,
                -27.433840368469674
              ],
              [
                -53.96699640228809,
                -27.433840368520375
              ],
              [
                -53.96655484037985,
                -27.43417608633639
              ],
              [
                -53.96655369679052,
                -27.434176977531063
              ],
              [
                -53.96636762379796,
                -27.434325595471464
              ],
              [
                -53.965463891009676,
                -27.43504740004195
              ],
              [
                -53.96545564966921,
                -27.435055412955467
              ],
              [
                -53.96544931873986,
                -27.435064706422185
              ],
              [
                -53.965445141482355,
                -27.435074923332415
              ],
              [
                -53.96544327842694,
                -27.435085671056143
              ],
              [
                -53.965443801170444,
                -27.43509653656446
              ],
              [
                -53.965446689624834,
                -27.435107102301874
              ],
              [
                -53.96545183278899,
                -27.435116962232836
              ],
              [
                -53.96545903301445,
                -27.435125737445492
              ],
              [
                -53.96546801360063,
                -27.435133090712938
              ],
              [
                -53.96547842942866,
                -27.435138739453063
              ],
              [
                -53.96548988022359,
                -27.435142466587607
              ],
              [
                -53.96550192593736,
                -27.435144128884765
              ],
              [
                -53.965514103659196,
                -27.435143662463336
              ],
              [
                -53.96552594540534,
                -27.435141085247743
              ],
              [
                -53.96553699610367,
                -27.43513649627907
              ],
              [
                -53.96554683112182,
                -27.435130071882845
              ],
              [
                -53.966364776773396,
                -27.434476785004097
              ],
              [
                -53.96636477714896,
                -27.43447678481446
              ],
              [
                -53.96636477757896,
                -27.43447678478186
              ],
              [
                -53.966364777984985,
                -27.43447678491227
              ],
              [
                -53.966364778293055,
                -27.43447678518189
              ],
              [
                -53.966364778447,
                -27.434476785541595
              ],
              [
                -53.96674301793827,
                -27.43671495226721
              ],
              [
                -53.96674600799731,
                -27.436725495521944
              ],
              [
                -53.96675124591068,
                -27.43673531568356
              ],
              [
                -53.96675853040097,
                -27.436744035411675
              ],
              [
                -53.9667675815294,
                -27.436751319611698
              ],
              [
                -53.96677805146609,
                -27.43675688835561
              ],
              [
                -53.96678953785682,
                -27.43676052763947
              ],
              [
                -53.966801599285496,
                -27.436762097607502
              ],
              [
                -53.966813772237444,
                -27.43676153792665
              ],
              [
                -53.96682558891237,
                -27.43675887010525
              ],
              [
                -53.9668365952014,
                -27.436754196666367
              ],
              [
                -53.966846368138704,
                -27.43674769720789
              ],
              [
                -53.96685453215556,
                -27.436739621500717
              ],
              [
                -53.96686077351359,
                -27.436730279889975
              ]
            ]
          ],
          [
            [
              [
                -53.94976630554436,
                -27.43159318271348
              ],
              [
                -53.949775017159354,
                -27.431586290625305
              ],
              [
                -53.949782136029285,
                -27.43157807017021
              ],
              [
                -53.950047336877674,
                -27.43120405911554
              ],
              [
                -53.95039708016651,
                -27.4307108158188
              ],
              [
                -53.950397080185496,
                -27.43071081579302
              ],
              [
                -53.95073612372562,
                -27.430267006156708
              ],
              [
                -53.95073796043034,
                -27.43026400714932
              ],
              [
                -53.95073796046813,
                -27.430264007092628
              ],
              [
                -53.95074003787418,
                -27.430261135918258
              ],
              [
                -53.95074087625911,
                -27.430259246140935
              ],
              [
                -53.950740876311954,
                -27.430259246040407
              ],
              [
                -53.95074196860867,
                -27.43025746251671
              ],
              [
                -53.95074311429933,
                -27.43025420145048
              ],
              [
                -53.950743114324005,
                -27.430254201388298
              ],
              [
                -53.950744524055544,
                -27.43025102375599
              ],
              [
                -53.95074493314753,
                -27.430249024347447
              ],
              [
                -53.95074493317736,
                -27.430249024239643
              ],
              [
                -53.95074561453374,
                -27.430247084843096
              ],
              [
                -53.95074602520621,
                -27.430243687
              ],
              [
                -53.950746025216816,
                -27.430243686934737
              ],
              [
                -53.950746713098816,
                -27.430240324959172
              ],
              [
                -53.95074667717681,
                -27.430238292755522
              ],
              [
                -53.95074667718251,
                -27.430238292644614
              ],
              [
                -53.9507469214145,
                -27.430236271905166
              ],
              [
                -53.950746581287085,
                -27.430232867862394
              ],
              [
                -53.95074658128321,
                -27.430232867796526
              ],
              [
                -53.950746520880955,
                -27.430229450676567
              ],
              [
                -53.95074604132556,
                -27.43022746377431
              ],
              [
                -53.9507460413069,
                -27.430227463664526
              ],
              [
                -53.950745839028954,
                -27.43022543923805
              ],
              [
                -53.95074476117276,
                -27.43022215981104
              ],
              [
                -53.95074476115457,
                -27.430222159747125
              ],
              [
                -53.95074395478949,
                -27.430218818800718
              ],
              [
                -53.950743050029864,
                -27.430216953555362
              ],
              [
                -53.95074304998755,
                -27.430216953450937
              ],
              [
                -53.95074240897322,
                -27.43021500313499
              ],
              [
                -53.95074063480985,
                -27.430211974350218
              ],
              [
                -53.95074063477802,
                -27.43021197429069
              ],
              [
                -53.95073911343849,
                -27.43020883790849
              ],
              [
                -53.950737818244114,
                -27.4302071660003
              ],
              [
                -53.950737818179796,
                -27.430207165905248
              ],
              [
                -53.95073676306297,
                -27.430205364649332
              ],
              [
                -53.950734360772636,
                -27.430202702901234
              ],
              [
                -53.950734360728426,
                -27.43020270284838
              ],
              [
                -53.95073218287875,
                -27.43019989155971
              ],
              [
                -53.95073054702328,
                -27.430198477239124
              ],
              [
                -53.950730546939404,
                -27.430198477157095
              ],
              [
                -53.95072911826773,
                -27.43019689418243
              ],
              [
                -53.95072732662406,
                -27.430195557250084
              ],
              [
                -53.95072732634701,
                -27.43019555692081
              ],
              [
                -53.950042246795334,
                -27.42880320903101
              ],
              [
                -53.950036276803594,
                -27.42879372727967
              ],
              [
                -53.950028348481815,
                -27.428785466997464
              ],
              [
                -53.95001876648655,
                -27.42877874558338
              ],
              [
                -53.9500078990483,
                -27.428773821337284
              ],
              [
                -53.9499961637962,
                -27.42877088349497
              ],
              [
                -53.949984011708764,
                -27.428770044955986
              ],
              [
                -53.949971909783144,
                -27.428771337944877
              ],
              [
                -53.94996032308898,
                -27.42877471277297
              ],
              [
                -53.94994969689588,
                -27.428780039747732
              ],
              [
                -53.94994043956214,
                -27.428787114156794
              ],
              [
                -53.94993290684194,
                -27.42879566413485
              ],
              [
                -53.949927388213624,
                -27.428805361111415
              ],
              [
                -53.94992409575552,
                -27.428815832437234
              ],
              [
                -53.94992315599551,
                -27.42882667570529
              ],
              [
                -53.94992460504877,
                -27.42883747421486
              ],
              [
                -53.949928387245116,
                -27.42884781302748
              ],
              [
                -53.9506105950537,
                -27.430234327264024
              ],
              [
                -53.95061059513601,
                -27.430234327557777
              ],
              [
                -53.950610595104735,
                -27.43023432785927
              ],
              [
                -53.95061059496339,
                -27.430234328134542
              ],
              [
                -53.950339943856626,
                -27.43058861138823
              ],
              [
                -53.95033994354516,
                -27.43058861165162
              ],
              [
                -53.9503399431393,
                -27.430588611775974
              ],
              [
                -53.95033994271218,
                -27.430588611738848
              ],
              [
                -53.95033994234083,
                -27.430588611546984
              ],
              [
                -53.95033994209218,
                -27.430588611234917
              ],
              [
                -53.949857883565016,
                -27.42958293476193
              ],
              [
                -53.949857883483645,
                -27.42958293441734
              ],
              [
                -53.94985788355637,
                -27.42958293407123
              ],
              [
                -53.94985788377211,
                -27.42958293377634
              ],
              [
                -53.94985788409796,
                -27.429582933577663
              ],
              [
                -53.95011372392405,
                -27.429485617544646
              ],
              [
                -53.950124413653086,
                -27.429480392561338
              ],
              [
                -53.950133755553104,
                -27.42947340716328
              ],
              [
                -53.95014139066394,
                -27.429464929774223
              ],
              [
                -53.95014702557271,
                -27.429455286175827
              ],
              [
                -53.95015044373351,
                -27.429444846966344
              ],
              [
                -53.950151513788946,
                -27.429434013318883
              ],
              [
                -53.95015019461809,
                -27.429423201564425
              ],
              [
                -53.95014653691657,
                -27.42941282719253
              ],
              [
                -53.95014068124838,
                -27.42940328888428
              ],
              [
                -53.95013285264384,
                -27.429394953191185
              ],
              [
                -53.950123351951895,
                -27.429388140448946
              ],
              [
                -53.95011254427869,
                -27.429383112467224
              ],
              [
                -53.950100844956445,
                -27.429380062468223
              ],
              [
                -53.950088703583035,
                -27.42937910766162
              ],
              [
                -53.950076586743975,
                -27.429380284740095
              ],
              [
                -53.95006496003424,
                -27.42938354848265
              ],
              [
                -53.94975232510998,
                -27.429502468034475
              ],
              [
                -53.949752325094686,
                -27.429502468040173
              ],
              [
                -53.94939504840467,
                -27.429632232469963
              ],
              [
                -53.949384264049804,
                -27.429637300307657
              ],
              [
                -53.94937479498357,
                -27.42964414804862
              ],
              [
                -53.94936700505257,
                -27.429652512559098
              ],
              [
                -53.949361193619694,
                -27.42966207239596
              ],
              [
                -53.94935758401546,
                -27.4296724601802
              ],
              [
                -53.949356314955594,
                -27.429683276715252
              ],
              [
                -53.94935740378496,
                -27.429693802538964
              ],
              [
                -53.94935740375181,
                -27.429693802865
              ],
              [
                -53.94935740359041,
                -27.429693803158997
              ],
              [
                -53.94935740332203,
                -27.429693803382214
              ],
              [
                -53.949357402982024,
                -27.429693803505238
              ],
              [
                -53.949357402615206,
                -27.42969380351186
              ],
              [
                -53.949357402269904,
                -27.429693803401197
              ],
              [
                -53.949357401991605,
                -27.429693803187835
              ],
              [
                -53.949351702831954,
                -27.429687494579508
              ],
              [
                -53.94934249616492,
                -27.429680593899363
              ],
              [
                -53.94933197307626,
                -27.4296754034806
              ],
              [
                -53.949320527110295,
                -27.42967211743537
              ],
              [
                -53.94930858632535,
                -27.429670858655857
              ],
              [
                -53.94929659728495,
                -27.42967167421813
              ],
              [
                -53.9492850083098,
                -27.429674533633435
              ],
              [
                -53.949054054336976,
                -27.429753663824183
              ],
              [
                -53.949054053965945,
                -27.42975366388408
              ],
              [
                -53.94905405359613,
                -27.42975366381848
              ],
              [
                -53.949054053278985,
                -27.429753663636497
              ],
              [
                -53.949054053058674,
                -27.429753663363456
              ],
              [
                -53.94886703747996,
                -27.42939587046573
              ],
              [
                -53.94886703746181,
                -27.429395870428888
              ],
              [
                -53.948794515239825,
                -27.429239234825747
              ],
              [
                -53.9487887795727,
                -27.42922963858104
              ],
              [
                -53.94878105603118,
                -27.42922122521127
              ],
              [
                -53.94877164140326,
                -27.42921431799797
              ],
              [
                -53.9487608974876,
                -27.429209182381193
              ],
              [
                -53.94874923716643,
                -27.42920601571955
              ],
              [
                -53.94873710853874,
                -27.429204939705993
              ],
              [
                -53.94872497770021,
                -27.42920599569108
              ],
              [
                -53.94871331083143,
                -27.42920914309403
              ],
              [
                -53.94870255628321,
                -27.429214260962087
              ],
              [
                -53.948693127346374,
                -27.429221152618776
              ],
              [
                -53.9486853863696,
                -27.429229553221933
              ],
              [
                -53.94867963083455,
                -27.429239139941284
              ],
              [
                -53.948676081923566,
                -27.429249544364886
              ],
              [
                -53.94867487601996,
                -27.429260366656656
              ],
              [
                -53.9486760594666,
                -27.429271190922027
              ],
              [
                -53.948679586799415,
                -27.429281601233015
              ],
              [
                -53.94872832577491,
                -27.42938686937382
              ],
              [
                -53.94872832585146,
                -27.429386869724375
              ],
              [
                -53.948728325769515,
                -27.429386870073962
              ],
              [
                -53.9487283255419,
                -27.42938687036776
              ],
              [
                -53.948728325204335,
                -27.42938687055966
              ],
              [
                -53.94796837144925,
                -27.42964828396586
              ],
              [
                -53.94795748322284,
                -27.429653171798975
              ],
              [
                -53.94794787292545,
                -27.429659861076075
              ],
              [
                -53.947939909830644,
                -27.429668094752415
              ],
              [
                -53.94793389995591,
                -27.429677556412635
              ],
              [
                -53.947930074257755,
                -27.429687882450732
              ],
              [
                -53.94792857975621,
                -27.429698676042953
              ],
              [
                -53.947929473884784,
                -27.42970952239765
              ],
              [
                -53.94793272228333,
                -27.429720004695387
              ],
              [
                -53.94793820011826,
                -27.429729720107115
              ],
              [
                -53.94794569687981,
                -27.429738295274763
              ],
              [
                -53.94795492447179,
                -27.429745400659147
              ],
              [
                -53.947965528282765,
                -27.429750763203987
              ],
              [
                -53.94797710081389,
                -27.429754176829515
              ],
              [
                -53.94798919733868,
                -27.429755510351857
              ],
              [
                -53.9480013529938,
                -27.429754712524446
              ],
              [
                -53.94801310069157,
                -27.429751813995633
              ],
              [
                -53.94877829445654,
                -27.42948859798363
              ],
              [
                -53.948778294827804,
                -27.429488597923292
              ],
              [
                -53.94877829519801,
                -27.429488597988673
              ],
              [
                -53.94877829551554,
                -27.429488598170682
              ],
              [
                -53.9487782957361,
                -27.429488598443918
              ],
              [
                -53.94893822173384,
                -27.42979456475268
              ],
              [
                -53.94893822182807,
                -27.42979456510586
              ],
              [
                -53.94893822175861,
                -27.42979456546358
              ],
              [
                -53.94893822153668,
                -27.429794565767875
              ],
              [
                -53.94893822119826,
                -27.42979456596942
              ],
              [
                -53.948364211719,
                -27.430002640134916
              ],
              [
                -53.94835342343639,
                -27.430007701390494
              ],
              [
                -53.94834394908248,
                -27.430014543353252
              ],
              [
                -53.94833615270719,
                -27.430022903111336
              ],
              [
                -53.94833033392097,
                -27.430032459404334
              ],
              [
                -53.94832671633696,
                -27.430042844989444
              ],
              [
                -53.948325438977484,
                -27.430053660754556
              ],
              [
                -53.94832655093145,
                -27.430064491055937
              ],
              [
                -53.94833000946774,
                -27.430074919691055
              ],
              [
                -53.94833568167732,
                -27.430084545893116
              ],
              [
                -53.948343349580654,
                -27.430092999732224
              ],
              [
                -53.948352718504665,
                -27.430099956331862
              ],
              [
                -53.94836342840662,
                -27.43010514835347
              ],
              [
                -53.94837506771058,
                -27.43010837627034
              ],
              [
                -53.948387189124006,
                -27.430109516035326
              ],
              [
                -53.94839932682712,
                -27.430108523847895
              ],
              [
                -53.94841101442203,
                -27.430105437824697
              ],
              [
                -53.9490450597055,
                -27.429875600863944
              ],
              [
                -53.94904505972361,
                -27.42987560085757
              ],
              [
                -53.94927276198088,
                -27.429797584864698
              ],
              [
                -53.94927276236415,
                -27.429797584804952
              ],
              [
                -53.94927276274433,
                -27.429797584878827
              ],
              [
                -53.94927276306506,
                -27.42979758507538
              ],
              [
                -53.949272763278806,
                -27.429797585365485
              ],
              [
                -53.949445507068724,
                -27.430174804946795
              ],
              [
                -53.94944586500372,
                -27.430175570181294
              ],
              [
                -53.94962127350665,
                -27.430542831113865
              ],
              [
                -53.949621273587525,
                -27.43054283145941
              ],
              [
                -53.94962127351356,
                -27.43054283180619
              ],
              [
                -53.949621273296074,
                -27.430542832101068
              ],
              [
                -53.94962127296841,
                -27.430542832298865
              ],
              [
                -53.94911861204143,
                -27.430731312942886
              ],
              [
                -53.94911861202653,
                -27.430731312948357
              ],
              [
                -53.94891213791103,
                -27.430805301138456
              ],
              [
                -53.948901326976134,
                -27.430810323887975
              ],
              [
                -53.9488918219944,
                -27.430817132014074
              ],
              [
                -53.94888398819261,
                -27.430825463905176
              ],
              [
                -53.948878126619555,
                -27.430834999371662
              ],
              [
                -53.94887446253263,
                -27.4308453719711
              ],
              [
                -53.948873136741234,
                -27.43085618309047
              ],
              [
                -53.94887420019547,
                -27.4308670172645
              ],
              [
                -53.94887761202809,
                -27.4308774581419
              ],
              [
                -53.94888324112479,
                -27.430887104485347
              ],
              [
                -53.9488908711629,
                -27.43089558559099
              ],
              [
                -53.948900208924485,
                -27.430902575534468
              ],
              [
                -53.948910895564296,
                -27.43090780569577
              ],
              [
                -53.94892252040046,
                -27.430911075082577
              ],
              [
                -53.948934636696364,
                -27.430912258054047
              ],
              [
                -53.94894677882889,
                -27.430911309149216
              ],
              [
                -53.94895848022991,
                -27.430908264821618
              ],
              [
                -53.949116230576074,
                -27.43085173638162
              ],
              [
                -53.94911623092352,
                -27.43085173631703
              ],
              [
                -53.949116231274544,
                -27.430851736363582
              ],
              [
                -53.94911623158591,
                -27.43085173651554
              ],
              [
                -53.949116231819225,
                -27.430851736754157
              ],
              [
                -53.949572548895915,
                -27.431529641003515
              ],
              [
                -53.949579321275266,
                -27.43153787582375
              ],
              [
                -53.94958767077674,
                -27.431544863235246
              ],
              [
                -53.949597314450706,
                -27.431550366447023
              ],
              [
                -53.94963197115413,
                -27.431566340246835
              ],
              [
                -53.94963197154815,
                -27.431566340571244
              ],
              [
                -53.94963288175309,
                -27.431567644258884
              ],
              [
                -53.94964122105518,
                -27.431575575966132
              ],
              [
                -53.94965113434116,
                -27.431581903611445
              ],
              [
                -53.949662240648834,
                -27.43158638402675
              ],
              [
                -53.94967411316846,
                -27.43158884503198
              ],
              [
                -53.9496814119362,
                -27.431589052938815
              ],
              [
                -53.94968141233687,
                -27.43158905302527
              ],
              [
                -53.94969500373937,
                -27.43159480145963
              ],
              [
                -53.9496950037853,
                -27.43159480148035
              ],
              [
                -53.949700136573945,
                -27.431597265250364
              ],
              [
                -53.949710861336094,
                -27.431601308727465
              ],
              [
                -53.949722242871125,
                -27.431603497252436
              ],
              [
                -53.94973388213497,
                -27.43160375410231
              ],
              [
                -53.94974537100286,
                -27.431602070270802
              ],
              [
                -53.94975630662323,
                -27.43159850480073
              ],
              [
                -53.94976630554436,
                -27.43159318271348
              ]
            ],
            [
              [
                -53.95026385212463,
                -27.430691181457643
              ],
              [
                -53.9502638519898,
                -27.430691181753666
              ],
              [
                -53.94994225122653,
                -27.431144734788045
              ],
              [
                -53.94970703554672,
                -27.431476457616174
              ],
              [
                -53.949707035288476,
                -27.43147645786244
              ],
              [
                -53.9497070349469,
                -27.431476458006824
              ],
              [
                -53.94970703456976,
                -27.43147645802917
              ],
              [
                -53.949707034209794,
                -27.431476457926312
              ],
              [
                -53.94969084373274,
                -27.431468603671643
              ],
              [
                -53.94969023514506,
                -27.431468374207093
              ],
              [
                -53.94969023498882,
                -27.431468374133193
              ],
              [
                -53.94968968053513,
                -27.431468053540275
              ],
              [
                -53.94967006491228,
                -27.43145901240458
              ],
              [
                -53.94967006450968,
                -27.431459012067666
              ],
              [
                -53.94923249911273,
                -27.43080896616171
              ],
              [
                -53.94923249897483,
                -27.43080896579852
              ],
              [
                -53.949232499018514,
                -27.430808965417043
              ],
              [
                -53.94923249923588,
                -27.430808965086243
              ],
              [
                -53.949232499587616,
                -27.430808964865925
              ],
              [
                -53.94967033071448,
                -27.43064479297843
              ],
              [
                -53.94967033109825,
                -27.430644792908033
              ],
              [
                -53.94967033148319,
                -27.430644792973137
              ],
              [
                -53.949670331811454,
                -27.43064479316396
              ],
              [
                -53.94967033203373,
                -27.430644793451837
              ],
              [
                -53.949877665216135,
                -27.431072515791033
              ],
              [
                -53.94988357711706,
                -27.43108202653683
              ],
              [
                -53.94989145484947,
                -27.431090325388993
              ],
              [
                -53.9499009957007,
                -27.431097093465873
              ],
              [
                -53.949911833021126,
                -27.43110207067385
              ],
              [
                -53.949923550337964,
                -27.431105065741328
              ],
              [
                -53.949935697360814,
                -27.43110596356948
              ],
              [
                -53.949947807285675,
                -27.43110472965525
              ],
              [
                -53.949959414734224,
                -27.43110141141742
              ],
              [
                -53.94997007363825,
                -27.43109613637419
              ],
              [
                -53.94997937438172,
                -27.43108910724281
              ],
              [
                -53.94998695954219,
                -27.43108059414922
              ],
              [
                -53.94999253762645,
                -27.43107092424704
              ],
              [
                -53.949995894272284,
                -27.43106046914545
              ],
              [
                -53.94999690048632,
                -27.43104963062823
              ],
              [
                -53.949995517600975,
                -27.43103882521354
              ],
              [
                -53.94999179874521,
                -27.431028468104866
              ],
              [
                -53.949760103783376,
                -27.430550488824142
              ],
              [
                -53.94976010378123,
                -27.430550488819687
              ],
              [
                -53.94956044317266,
                -27.430132451225763
              ],
              [
                -53.949560443166845,
                -27.43013245121333
              ],
              [
                -53.949371237506696,
                -27.429719284673936
              ],
              [
                -53.94937123743179,
                -27.429719284315663
              ],
              [
                -53.9493712375219,
                -27.429719283960186
              ],
              [
                -53.94937123776232,
                -27.429719283665566
              ],
              [
                -53.94937123811381,
                -27.429719283479912
              ],
              [
                -53.949371238518935,
                -27.429719283433542
              ],
              [
                -53.94937123891155,
                -27.429719283534023
              ],
              [
                -53.94937123922754,
                -27.42971928376495
              ],
              [
                -53.9493742556487,
                -27.429722604721363
              ],
              [
                -53.949383629866944,
                -27.429729555594374
              ],
              [
                -53.94939434370425,
                -27.42973474107227
              ],
              [
                -53.949405985433344,
                -27.4297379618798
              ],
              [
                -53.94941810766852,
                -27.42973909424301
              ],
              [
                -53.949430244558435,
                -27.42973809464581
              ],
              [
                -53.949441929736345,
                -27.42973500148961
              ],
              [
                -53.949743094839995,
                -27.429625617066595
              ],
              [
                -53.94974309522279,
                -27.429625617000042
              ],
              [
                -53.94974309560533,
                -27.429625617067774
              ],
              [
                -53.949743095930664,
                -27.4296256172597
              ],
              [
                -53.949743096150335,
                -27.42962561754725
              ],
              [
                -53.95024236862066,
                -27.430667207708794
              ],
              [
                -53.950249383492434,
                -27.43067818336317
              ],
              [
                -53.95025899964538,
                -27.43068745813017
              ],
              [
                -53.95026385179462,
                -27.430691180587647
              ],
              [
                -53.9502638520205,
                -27.4306911808356
              ],
              [
                -53.950263852135315,
                -27.430691181138254
              ],
              [
                -53.95026385212463,
                -27.430691181457643
              ]
            ]
          ]
        ],
        "type": "MultiPolygon"
      }
    },
    {
      "type": "Feature",
      "properties": {
        "fid": 1,
        "ID": 21385,
        "TIPO": "Registro",
        "sigla_municipio": "TPA",
        "key_qgis": "TPA_21385",
        "latitude": -27.444177227331846,
        "longitude": -53.93866631343642,
        "layer_name": "tpa_isovalves_pgv_WGS84",
        "stroke": "#c30118",
        "stroke-width": 3,
        "stroke-opacity": 1,
        "fill": "#c30118",
        "fill-opacity": 0.3,
        "marker-color": "#c30118",
        "marker-size": "small",
        "type": "normal"
      },
      "geometry": {
        "coordinates": [
          -53.93866631343643,
          -27.444177227331846
        ],
        "type": "Point"
      }
    },
    {
      "type": "Feature",
      "properties": {
        "fid": 2,
        "ID": 31572,
        "TIPO": "Registro",
        "sigla_municipio": "TPA",
        "key_qgis": "TPA_31572",
        "latitude": -27.43680210183129,
        "longitude": -53.96682285067736,
        "layer_name": "tpa_isovalves_pgv_WGS84",
        "stroke": "#c30118",
        "stroke-width": 3,
        "stroke-opacity": 1,
        "fill": "#c30118",
        "fill-opacity": 0.3,
        "marker-color": "#c30118",
        "marker-size": "small",
        "type": "normal"
      },
      "geometry": {
        "coordinates": [
          -53.96682285067736,
          -27.43680210183129
        ],
        "type": "Point"
      }
    },
    {
      "type": "Feature",
      "properties": {
        "fid": 3,
        "ID": 31608,
        "TIPO": "Registro",
        "sigla_municipio": "TPA",
        "key_qgis": "TPA_31608",
        "latitude": -27.444487772857652,
        "longitude": -53.947194554512926,
        "layer_name": "tpa_isovalves_pgv_WGS84",
        "stroke": "#c30118",
        "stroke-width": 3,
        "stroke-opacity": 1,
        "fill": "#c30118",
        "fill-opacity": 0.3,
        "marker-color": "#c30118",
        "marker-size": "small",
        "type": "normal"
      },
      "geometry": {
        "coordinates": [
          -53.947194554512926,
          -27.444487772857652
        ],
        "type": "Point"
      }
    },
    {
      "type": "Feature",
      "properties": {
        "fid": 1,
        "D": 50.0,
        "ID": 21582,
        "L": 3.73,
        "START_NID": 21580,
        "START_NODE": "VRP 04",
        "ZONA": "ERV-01",
        "sigla_municipio": "TPA",
        "key_qgis": "TPA_21582",
        "latitude": -27.458000015437044,
        "longitude": -53.94018803205495,
        "layer_name": "tpa_redes_pgv_WGS84",
        "stroke": "#01ddff",
        "stroke-width": 1,
        "stroke-opacity": 1,
        "fill": "#01ddff",
        "fill-opacity": 0.3,
        "marker-color": "#01ddff",
        "marker-size": "small",
        "type": "normal"
      },
      "geometry": {
        "coordinates": [
          [
            [
              -53.940170867678155,
              -27.457996170585343
            ],
            [
              -53.940188668649995,
              -27.45799706318487
            ],
            [
              -53.94020299001235,
              -27.458009380999492
            ]
          ]
        ],
        "type": "MultiLineString"
      }
    },
    {
      "type": "Feature",
      "properties": {
        "fid": 2,
        "D": 50.0,
        "ID": 31606,
        "L": 2.44,
        "START_NID": 31604,
        "START_NODE": "VRP 10",
        "ZONA": "ILM-01",
        "sigla_municipio": "TPA",
        "key_qgis": "TPA_31606",
        "latitude": -27.445123638751333,
        "longitude": -53.94988582760661,
        "layer_name": "tpa_redes_pgv_WGS84",
        "stroke": "#01ddff",
        "stroke-width": 1,
        "stroke-opacity": 1,
        "fill": "#01ddff",
        "fill-opacity": 0.3,
        "marker-color": "#01ddff",
        "marker-size": "small",
        "type": "normal"
      },
      "geometry": {
        "coordinates": [
          [
            [
              -53.9498768334163,
              -27.445118334070777
            ],
            [
              -53.94988659761535,
              -27.445120660636093
            ],
            [
              -53.94989133201263,
              -27.445132935999457
            ]
          ]
        ],
        "type": "MultiLineString"
      }
    },
    {
      "type": "Feature",
      "properties": {
        "fid": 3,
        "D": 50.0,
        "ID": 31631,
        "L": 1.94,
        "START_NID": 31629,
        "START_NODE": "VRP 07",
        "ZONA": "ILM-02",
        "sigla_municipio": "TPA",
        "key_qgis": "TPA_31631",
        "latitude": -27.44279387148659,
        "longitude": -53.94961711433542,
        "layer_name": "tpa_redes_pgv_WGS84",
        "stroke": "#01ddff",
        "stroke-width": 1,
        "stroke-opacity": 1,
        "fill": "#01ddff",
        "fill-opacity": 0.3,
        "marker-color": "#01ddff",
        "marker-size": "small",
        "type": "normal"
      },
      "geometry": {
        "coordinates": [
          [
            [
              -53.949620583188846,
              -27.4427866982794
            ],
            [
              -53.949617970806685,
              -27.442797014158593
            ],
            [
              -53.94961029101264,
              -27.442796288999464
            ]
          ]
        ],
        "type": "MultiLineString"
      }
    },
    {
      "type": "Feature",
      "properties": {
        "fid": 4,
        "D": 75.0,
        "ID": 31638,
        "L": 9.26,
        "START_NID": 31636,
        "START_NODE": "VRP 08",
        "ZONA": "ILM-03",
        "sigla_municipio": "TPA",
        "key_qgis": "TPA_31638",
        "latitude": -27.44737112601115,
        "longitude": -53.94570731305154,
        "layer_name": "tpa_redes_pgv_WGS84",
        "stroke": "#01ddff",
        "stroke-width": 1,
        "stroke-opacity": 1,
        "fill": "#01ddff",
        "fill-opacity": 0.3,
        "marker-color": "#01ddff",
        "marker-size": "small",
        "type": "normal"
      },
      "geometry": {
        "coordinates": [
          [
            [
              -53.945720260325594,
              -27.44740678124247
            ],
            [
              -53.94569463341889,
              -27.447367796062583
            ],
            [
              -53.94571968001255,
              -27.4473366919995
            ]
          ]
        ],
        "type": "MultiLineString"
      }
    },
    {
      "type": "Feature",
      "properties": {
        "fid": 5,
        "D": 50.0,
        "ID": 31685,
        "L": 8.25,
        "START_NID": 197,
        "START_NODE": "J-111",
        "ZONA": "ILM-03",
        "sigla_municipio": "TPA",
        "key_qgis": "TPA_31685",
        "latitude": -27.447302478267055,
        "longitude": -53.94572174155929,
        "layer_name": "tpa_redes_pgv_WGS84",
        "stroke": "#01ddff",
        "stroke-width": 1,
        "stroke-opacity": 1,
        "fill": "#01ddff",
        "fill-opacity": 0.3,
        "marker-color": "#01ddff",
        "marker-size": "small",
        "type": "normal"
      },
      "geometry": {
        "coordinates": [
          [
            [
              -53.94571968001255,
              -27.4473366919995
            ],
            [
              -53.9457314221152,
              -27.44730568373035
            ],
            [
              -53.94570621655516,
              -27.447270568998896
            ]
          ]
        ],
        "type": "MultiLineString"
      }
    },
    {
      "type": "Feature",
      "properties": {
        "fid": 6,
        "D": 50.0,
        "ID": 31686,
        "L": 38.76,
        "START_NID": 31684,
        "START_NODE": "TCV-34",
        "ZONA": "ILM-03",
        "sigla_municipio": "TPA",
        "key_qgis": "TPA_31686",
        "latitude": -27.44712160427851,
        "longitude": -53.945602660128166,
        "layer_name": "tpa_redes_pgv_WGS84",
        "stroke": "#01ddff",
        "stroke-width": 1,
        "stroke-opacity": 1,
        "fill": "#01ddff",
        "fill-opacity": 0.3,
        "marker-color": "#01ddff",
        "marker-size": "small",
        "type": "normal"
      },
      "geometry": {
        "coordinates": [
          [
            [
              -53.94570621655516,
              -27.447270568998896
            ],
            [
              -53.94552233251533,
              -27.447000984649517
            ],
            [
              -53.94548421926389,
              -27.446999675553137
            ]
          ]
        ],
        "type": "MultiLineString"
      }
    },
    {
      "type": "Feature",
      "properties": {
        "fid": 7,
        "D": 50.0,
        "ID": 31716,
        "L": 8.83,
        "START_NID": 31714,
        "START_NODE": "VRP 09",
        "ZONA": "LOT-01",
        "sigla_municipio": "TPA",
        "key_qgis": "TPA_31716",
        "latitude": -27.4427941101788,
        "longitude": -53.95366052036953,
        "layer_name": "tpa_redes_pgv_WGS84",
        "stroke": "#01ddff",
        "stroke-width": 1,
        "stroke-opacity": 1,
        "fill": "#01ddff",
        "fill-opacity": 0.3,
        "marker-color": "#01ddff",
        "marker-size": "small",
        "type": "normal"
      },
      "geometry": {
        "coordinates": [
          [
            [
              -53.95363234955777,
              -27.44277278925887
            ],
            [
              -53.95367173287423,
              -27.442787606861188
            ],
            [
              -53.95366649001275,
              -27.4428288049995
            ]
          ]
        ],
        "type": "MultiLineString"
      }
    },
    {
      "type": "Feature",
      "properties": {
        "fid": 8,
        "D": 50.0,
        "ID": 30309,
        "L": 7.74,
        "START_NID": 30307,
        "START_NODE": "VRP 01",
        "ZONA": "OPE-01",
        "sigla_municipio": "TPA",
        "key_qgis": "TPA_30309",
        "latitude": -27.446804978367044,
        "longitude": -53.93274643217858,
        "layer_name": "tpa_redes_pgv_WGS84",
        "stroke": "#01ddff",
        "stroke-width": 1,
        "stroke-opacity": 1,
        "fill": "#01ddff",
        "fill-opacity": 0.3,
        "marker-color": "#01ddff",
        "marker-size": "small",
        "type": "normal"
      },
      "geometry": {
        "coordinates": [
          [
            [
              -53.93277421087872,
              -27.446822861313812
            ],
            [
              -53.93273644319158,
              -27.44680855075131
            ],
            [
              -53.932734811012125,
              -27.446775342999494
            ]
          ]
        ],
        "type": "MultiLineString"
      }
    },
    {
      "type": "Feature",
      "properties": {
        "fid": 9,
        "D": 75.0,
        "ID": 30633,
        "L": 211.95,
        "START_NID": 736,
        "START_NODE": "J-464",
        "ZONA": "OPE-01",
        "sigla_municipio": "TPA",
        "key_qgis": "TPA_30633",
        "latitude": -27.446128690857158,
        "longitude": -53.931955053398575,
        "layer_name": "tpa_redes_pgv_WGS84",
        "stroke": "#01ddff",
        "stroke-width": 1,
        "stroke-opacity": 1,
        "fill": "#01ddff",
        "fill-opacity": 0.3,
        "marker-color": "#01ddff",
        "marker-size": "small",
        "type": "normal"
      },
      "geometry": {
        "coordinates": [
          [
            [
              -53.932734811012125,
              -27.446775342999494
            ],
            [
              -53.93271153525735,
              -27.446711531432193
            ],
            [
              -53.93120004258279,
              -27.44554411783502
            ],
            [
              -53.93113302601209,
              -27.445532903999492
            ]
          ]
        ],
        "type": "MultiLineString"
      }
    },
    {
      "type": "Feature",
      "properties": {
        "fid": 10,
        "D": 75.0,
        "ID": 31566,
        "L": 3.39,
        "START_NID": 31553,
        "START_NODE": "VRP 05",
        "ZONA": "PDG-01",
        "sigla_municipio": "TPA",
        "key_qgis": "TPA_31566",
        "latitude": -27.43541449973266,
        "longitude": -53.965075637270324,
        "layer_name": "tpa_redes_pgv_WGS84",
        "stroke": "#01ddff",
        "stroke-width": 1,
        "stroke-opacity": 1,
        "fill": "#01ddff",
        "fill-opacity": 0.3,
        "marker-color": "#01ddff",
        "marker-size": "small",
        "type": "normal"
      },
      "geometry": {
        "coordinates": [
          [
            [
              -53.96506354445911,
              -27.435405848349234
            ],
            [
              -53.96507344919191,
              -27.43541796380896
            ],
            [
              -53.96509068301314,
              -27.435415705999464
            ]
          ]
        ],
        "type": "MultiLineString"
      }
    },
    {
      "type": "Feature",
      "properties": {
        "fid": 11,
        "D": 50.0,
        "ID": 31563,
        "L": 3.9,
        "START_NID": 31561,
        "START_NODE": "VRP 06",
        "ZONA": "PDG-02",
        "sigla_municipio": "TPA",
        "key_qgis": "TPA_31563",
        "latitude": -27.432602344044273,
        "longitude": -53.96681939742847,
        "layer_name": "tpa_redes_pgv_WGS84",
        "stroke": "#01ddff",
        "stroke-width": 1,
        "stroke-opacity": 1,
        "fill": "#01ddff",
        "fill-opacity": 0.3,
        "marker-color": "#01ddff",
        "marker-size": "small",
        "type": "normal"
      },
      "geometry": {
        "coordinates": [
          [
            [
              -53.96681025027,
              -27.432588415361376
            ],
            [
              -53.966824348075704,
              -27.432603025387664
            ],
            [
              -53.96681975258206,
              -27.432618411791015
            ]
          ]
        ],
        "type": "MultiLineString"
      }
    },
    {
      "type": "Feature",
      "properties": {
        "fid": 12,
        "D": 75.0,
        "ID": 31681,
        "L": 0.81,
        "START_NID": 31679,
        "START_NODE": "VRP 11",
        "ZONA": "PDG-03",
        "sigla_municipio": "TPA",
        "key_qgis": "TPA_31681",
        "latitude": -27.431531842970223,
        "longitude": -53.94968539566236,
        "layer_name": "tpa_redes_pgv_WGS84",
        "stroke": "#01ddff",
        "stroke-width": 1,
        "stroke-opacity": 1,
        "fill": "#01ddff",
        "fill-opacity": 0.3,
        "marker-color": "#01ddff",
        "marker-size": "small",
        "type": "normal"
      },
      "geometry": {
        "coordinates": [
          [
            [
              -53.949682178775184,
              -27.431533835534218
            ],
            [
              -53.949684352778206,
              -27.431531619984327
            ],
            [
              -53.94968916101268,
              -27.43153093499948
            ]
          ]
        ],
        "type": "MultiLineString"
      }
    },
    {
      "type": "Feature",
      "properties": {
        "fid": 13,
        "D": 50.0,
        "ID": 30367,
        "L": 8.08,
        "START_NID": 30361,
        "START_NODE": "J-1541",
        "ZONA": "WEB-01",
        "sigla_municipio": "TPA",
        "key_qgis": "TPA_30367",
        "latitude": -27.44421638900609,
        "longitude": -53.93862699408664,
        "layer_name": "tpa_redes_pgv_WGS84",
        "stroke": "#01ddff",
        "stroke-width": 1,
        "stroke-opacity": 1,
        "fill": "#01ddff",
        "fill-opacity": 0.3,
        "marker-color": "#01ddff",
        "marker-size": "small",
        "type": "normal"
      },
      "geometry": {
        "coordinates": [
          [
            [
              -53.93865838332084,
              -27.44421093398909
            ],
            [
              -53.938621490004714,
              -27.444228506205153
            ],
            [
              -53.93860348458914,
              -27.444196804447113
            ]
          ]
        ],
        "type": "MultiLineString"
      }
    },
    {
      "type": "Feature",
      "properties": {
        "fid": 14,
        "D": 50.0,
        "ID": 30631,
        "L": 4.13,
        "START_NID": 30629,
        "START_NODE": "VRP 03",
        "ZONA": "WEB-01",
        "sigla_municipio": "TPA",
        "key_qgis": "TPA_30631",
        "latitude": -27.446106838100974,
        "longitude": -53.94124513421351,
        "layer_name": "tpa_redes_pgv_WGS84",
        "stroke": "#01ddff",
        "stroke-width": 1,
        "stroke-opacity": 1,
        "fill": "#01ddff",
        "fill-opacity": 0.3,
        "marker-color": "#01ddff",
        "marker-size": "small",
        "type": "normal"
      },
      "geometry": {
        "coordinates": [
          [
            [
              -53.94124947628962,
              -27.446123968951035
            ],
            [
              -53.94124139298466,
              -27.446107915208582
            ],
            [
              -53.94124833201243,
              -27.446089292999474
            ]
          ]
        ],
        "type": "MultiLineString"
      }
    },
    {
      "type": "Feature",
      "properties": {
        "fid": 1,
        "VALD": 50.0,
        "ID": 31684,
        "sigla_municipio": "TPA",
        "key_qgis": "TPA_31684",
        "latitude": -27.447270568998896,
        "longitude": -53.94570621655516,
        "layer_name": "tpa_tcvs_pgv_WGS84",
        "stroke": "#c30118",
        "stroke-width": 3,
        "stroke-opacity": 1,
        "fill": "#c30118",
        "fill-opacity": 0.3,
        "marker-color": "#c30118",
        "marker-size": "small",
        "type": "normal"
      },
      "geometry": {
        "coordinates": [
          -53.94570621655516,
          -27.447270568998896
        ],
        "type": "Point"
      }
    },
    {
      "type": "Feature",
      "properties": {
        "fid": 1,
        "VALD": 50.0,
        "ID": 30307,
        "LABEL": "VRP 01",
        "FROM_P": 36.0,
        "TO_P": 11.0,
        "sigla_municipio": "TPA",
        "key_qgis": "TPA_30307",
        "latitude": -27.446822861313812,
        "longitude": -53.93277421087872,
        "layer_name": "tpa_vrps_pgv_WGS84",
        "stroke": "#0011ff",
        "stroke-width": 3,
        "stroke-opacity": 1,
        "fill": "#0011ff",
        "fill-opacity": 0.3,
        "marker-color": "#0011ff",
        "marker-size": "small",
        "type": "normal"
      },
      "geometry": {
        "coordinates": [
          -53.93277421087872,
          -27.446822861313812
        ],
        "type": "Point"
      }
    },
    {
      "type": "Feature",
      "properties": {
        "fid": 2,
        "VALD": 50.0,
        "ID": 30629,
        "LABEL": "VRP 03",
        "FROM_P": 31.0,
        "TO_P": 15.0,
        "sigla_municipio": "TPA",
        "key_qgis": "TPA_30629",
        "latitude": -27.446123968951035,
        "longitude": -53.94124947628962,
        "layer_name": "tpa_vrps_pgv_WGS84",
        "stroke": "#0011ff",
        "stroke-width": 3,
        "stroke-opacity": 1,
        "fill": "#0011ff",
        "fill-opacity": 0.3,
        "marker-color": "#0011ff",
        "marker-size": "small",
        "type": "normal"
      },
      "geometry": {
        "coordinates": [
          -53.94124947628962,
          -27.446123968951035
        ],
        "type": "Point"
      }
    },
    {
      "type": "Feature",
      "properties": {
        "fid": 3,
        "VALD": 50.0,
        "ID": 21580,
        "LABEL": "VRP 04",
        "FROM_P": 29.0,
        "TO_P": 13.0,
        "sigla_municipio": "TPA",
        "key_qgis": "TPA_21580",
        "latitude": -27.457996170585346,
        "longitude": -53.940170867678155,
        "layer_name": "tpa_vrps_pgv_WGS84",
        "stroke": "#0011ff",
        "stroke-width": 3,
        "stroke-opacity": 1,
        "fill": "#0011ff",
        "fill-opacity": 0.3,
        "marker-color": "#0011ff",
        "marker-size": "small",
        "type": "normal"
      },
      "geometry": {
        "coordinates": [
          -53.940170867678155,
          -27.457996170585343
        ],
        "type": "Point"
      }
    },
    {
      "type": "Feature",
      "properties": {
        "fid": 4,
        "VALD": 75.0,
        "ID": 31553,
        "LABEL": "VRP 05",
        "FROM_P": 31.0,
        "TO_P": 10.0,
        "sigla_municipio": "TPA",
        "key_qgis": "TPA_31553",
        "latitude": -27.435405848349234,
        "longitude": -53.96506354445911,
        "layer_name": "tpa_vrps_pgv_WGS84",
        "stroke": "#0011ff",
        "stroke-width": 3,
        "stroke-opacity": 1,
        "fill": "#0011ff",
        "fill-opacity": 0.3,
        "marker-color": "#0011ff",
        "marker-size": "small",
        "type": "normal"
      },
      "geometry": {
        "coordinates": [
          -53.96506354445911,
          -27.435405848349234
        ],
        "type": "Point"
      }
    },
    {
      "type": "Feature",
      "properties": {
        "fid": 5,
        "VALD": 50.0,
        "ID": 31561,
        "LABEL": "VRP 06",
        "FROM_P": 24.0,
        "TO_P": 14.0,
        "sigla_municipio": "TPA",
        "key_qgis": "TPA_31561",
        "latitude": -27.432588415361376,
        "longitude": -53.96681025027001,
        "layer_name": "tpa_vrps_pgv_WGS84",
        "stroke": "#0011ff",
        "stroke-width": 3,
        "stroke-opacity": 1,
        "fill": "#0011ff",
        "fill-opacity": 0.3,
        "marker-color": "#0011ff",
        "marker-size": "small",
        "type": "normal"
      },
      "geometry": {
        "coordinates": [
          -53.96681025027,
          -27.432588415361376
        ],
        "type": "Point"
      }
    },
    {
      "type": "Feature",
      "properties": {
        "fid": 6,
        "VALD": 50.0,
        "ID": 31629,
        "LABEL": "VRP 07",
        "FROM_P": 16.0,
        "TO_P": 10.0,
        "sigla_municipio": "TPA",
        "key_qgis": "TPA_31629",
        "latitude": -27.4427866982794,
        "longitude": -53.94962058318885,
        "layer_name": "tpa_vrps_pgv_WGS84",
        "stroke": "#0011ff",
        "stroke-width": 3,
        "stroke-opacity": 1,
        "fill": "#0011ff",
        "fill-opacity": 0.3,
        "marker-color": "#0011ff",
        "marker-size": "small",
        "type": "normal"
      },
      "geometry": {
        "coordinates": [
          -53.949620583188846,
          -27.4427866982794
        ],
        "type": "Point"
      }
    },
    {
      "type": "Feature",
      "properties": {
        "fid": 7,
        "VALD": 75.0,
        "ID": 31636,
        "LABEL": "VRP 08",
        "FROM_P": 26.0,
        "TO_P": 11.0,
        "sigla_municipio": "TPA",
        "key_qgis": "TPA_31636",
        "latitude": -27.44740678124247,
        "longitude": -53.945720260325594,
        "layer_name": "tpa_vrps_pgv_WGS84",
        "stroke": "#0011ff",
        "stroke-width": 3,
        "stroke-opacity": 1,
        "fill": "#0011ff",
        "fill-opacity": 0.3,
        "marker-color": "#0011ff",
        "marker-size": "small",
        "type": "normal"
      },
      "geometry": {
        "coordinates": [
          -53.945720260325594,
          -27.44740678124247
        ],
        "type": "Point"
      }
    },
    {
      "type": "Feature",
      "properties": {
        "fid": 8,
        "VALD": 50.0,
        "ID": 31714,
        "LABEL": "VRP 09",
        "FROM_P": 22.0,
        "TO_P": 12.0,
        "sigla_municipio": "TPA",
        "key_qgis": "TPA_31714",
        "latitude": -27.442772789258868,
        "longitude": -53.95363234955777,
        "layer_name": "tpa_vrps_pgv_WGS84",
        "stroke": "#0011ff",
        "stroke-width": 3,
        "stroke-opacity": 1,
        "fill": "#0011ff",
        "fill-opacity": 0.3,
        "marker-color": "#0011ff",
        "marker-size": "small",
        "type": "normal"
      },
      "geometry": {
        "coordinates": [
          -53.95363234955777,
          -27.44277278925887
        ],
        "type": "Point"
      }
    },
    {
      "type": "Feature",
      "properties": {
        "fid": 9,
        "VALD": 50.0,
        "ID": 31604,
        "LABEL": "VRP 10",
        "FROM_P": 37.0,
        "TO_P": 10.0,
        "sigla_municipio": "TPA",
        "key_qgis": "TPA_31604",
        "latitude": -27.445118334070777,
        "longitude": -53.94987683341629,
        "layer_name": "tpa_vrps_pgv_WGS84",
        "stroke": "#0011ff",
        "stroke-width": 3,
        "stroke-opacity": 1,
        "fill": "#0011ff",
        "fill-opacity": 0.3,
        "marker-color": "#0011ff",
        "marker-size": "small",
        "type": "normal"
      },
      "geometry": {
        "coordinates": [
          -53.9498768334163,
          -27.445118334070777
        ],
        "type": "Point"
      }
    },
    {
      "type": "Feature",
      "properties": {
        "fid": 10,
        "VALD": 75.0,
        "ID": 31679,
        "LABEL": "VRP 11",
        "FROM_P": 30.0,
        "TO_P": 16.0,
        "sigla_municipio": "TPA",
        "key_qgis": "TPA_31679",
        "latitude": -27.431533835534218,
        "longitude": -53.949682178775184,
        "layer_name": "tpa_vrps_pgv_WGS84",
        "stroke": "#0011ff",
        "stroke-width": 3,
        "stroke-opacity": 1,
        "fill": "#0011ff",
        "fill-opacity": 0.3,
        "marker-color": "#0011ff",
        "marker-size": "small",
        "type": "normal"
      },
      "geometry": {
        "coordinates": [
          -53.949682178775184,
          -27.431533835534218
        ],
        "type": "Point"
      }
    }
  ]
}