{
  "type": "FeatureCollection",
  "name": "propostas_ainfs",
  "crs": {
    "type": "name",
    "properties": {
      "name": "urn:ogc:def:crs:OGC:1.3:CRS84"
    }
  },
  "features": [
    {
      "type": "Feature",
      "properties": {
        "obra": "ALG_VGR-01"
      },
      "geometry": {
        "coordinates": [
          [
            [
              [
                -55.81446492535042,
                -29.790957522160394
              ],
              [
                -55.814424343760095,
                -29.790913327878794
              ],
              [
                -55.813253362654436,
                -29.79198858634653
              ],
              [
                -55.81284525354208,
                -29.791648066766573
              ],
              [
                -55.814067224617034,
                -29.790541708158468
              ],
              [
                -55.81402695449403,
                -29.790497229880692
              ],
              [
                -55.81279867004309,
                -29.791609304547084
              ],
              [
                -55.812385984956734,
                -29.791267154818538
              ],
              [
                -55.813625884862546,
                -29.790136587064847
              ],
              [
                -55.81358545824905,
                -29.790092250974336
              ],
              [
                -55.8123394772743,
                -29.791228363579208
              ],
              [
                -55.81199733226028,
                -29.790940724567907
              ],
              [
                -55.81269131084883,
                -29.790307927302944
              ],
              [
                -55.81271995052206,
                -29.79028181193271
              ],
              [
                -55.81272207078037,
                -29.790279674067587
              ],
              [
                -55.81272396606148,
                -29.790277334436855
              ],
              [
                -55.812725617273735,
                -29.790274816608285
              ],
              [
                -55.812727007783955,
                -29.790272145944723
              ],
              [
                -55.812728123585124,
                -29.79026934934853
              ],
              [
                -55.81272895343748,
                -29.790266454990633
              ],
              [
                -55.81272948898164,
                -29.790263492026753
              ],
              [
                -55.81272972482294,
                -29.790260490303673
              ],
              [
                -55.81272965858566,
                -29.79025748005864
              ],
              [
                -55.81272929093705,
                -29.79025449161472
              ],
              [
                -55.812728625580526,
                -29.79025155507539
              ],
              [
                -55.81272766921842,
                -29.790248700021262
              ],
              [
                -55.81272643148446,
                -29.790245955212136
              ],
              [
                -55.81272492484668,
                -29.790243348297263
              ],
              [
                -55.812723164481895,
                -29.79024090553686
              ],
              [
                -55.812721847292465,
                -29.79023941835753
              ],
              [
                -55.813211976341485,
                -29.78979248862837
              ],
              [
                -55.81317154877073,
                -29.789748153410738
              ],
              [
                -55.812675574313154,
                -29.790200413341957
              ],
              [
                -55.81234288406507,
                -29.789922822681174
              ],
              [
                -55.812803933947656,
                -29.789485714969235
              ],
              [
                -55.812762653165095,
                -29.789442173069983
              ],
              [
                -55.81229649921063,
                -29.789884119801002
              ],
              [
                -55.81193728691641,
                -29.789584396025283
              ],
              [
                -55.81241758719101,
                -29.789146434766085
              ],
              [
                -55.812377159922185,
                -29.789102099273133
              ],
              [
                -55.81187144892255,
                -29.789563231273064
              ],
              [
                -55.811220080110296,
                -29.790157171102212
              ],
              [
                -55.811260507004434,
                -29.790201506936807
              ],
              [
                -55.81189253737524,
                -29.7896252005442
              ],
              [
                -55.812251905642334,
                -29.7899250544624
              ],
              [
                -55.811547569915916,
                -29.790555765404637
              ],
              [
                -55.81133196237669,
                -29.790367867315965
              ],
              [
                -55.81126773881498,
                -29.79031189652678
              ],
              [
                -55.81122831829972,
                -29.790357129512262
              ],
              [
                -55.81129254208387,
                -29.790413100495307
              ],
              [
                -55.811502518211555,
                -29.790596090910217
              ],
              [
                -55.81082001291231,
                -29.791206797495494
              ],
              [
                -55.81086002220294,
                -29.791251510543518
              ],
              [
                -55.81154827591551,
                -29.79063566027089
              ],
              [
                -55.81190650073835,
                -29.790942349201302
              ],
              [
                -55.81124478326254,
                -29.791545716963363
              ],
              [
                -55.81128520985216,
                -29.79159005307564
              ],
              [
                -55.81195260482827,
                -29.790981508450685
              ],
              [
                -55.81229475042019,
                -29.791269147947833
              ],
              [
                -55.81165253784478,
                -29.79185476811214
              ],
              [
                -55.811636725443044,
                -29.791852122289868
              ],
              [
                -55.81163386700578,
                -29.791851784004372
              ],
              [
                -55.81163098930561,
                -29.791851721216275
              ],
              [
                -55.81162811883367,
                -29.791851934503605
              ],
              [
                -55.81162528201455,
                -29.791852421902885
              ],
              [
                -55.811622504963125,
                -29.791853178927287
              ],
              [
                -55.811619813243944,
                -29.791854198607908
              ],
              [
                -55.81161723163611,
                -29.79185547155789
              ],
              [
                -55.81161478390504,
                -29.7918569860589
              ],
              [
                -55.81161249258374,
                -29.791858728168926
              ],
              [
                -55.81159435685974,
                -29.791873943545596
              ],
              [
                -55.81162949787772,
                -29.791915829317944
              ],
              [
                -55.81033793166314,
                -29.79307394632094
              ],
              [
                -55.810377987452746,
                -29.79311861771805
              ],
              [
                -55.81170536145185,
                -29.79192839271808
              ],
              [
                -55.81170740145747,
                -29.79192637961215
              ],
              [
                -55.811709240051364,
                -29.79192418102376
              ],
              [
                -55.811710860452855,
                -29.79192181701923
              ],
              [
                -55.81171224787268,
                -29.791919309174606
              ],
              [
                -55.811713389647984,
                -29.79191668037877
              ],
              [
                -55.81171427535789,
                -29.791913954624487
              ],
              [
                -55.8117148969186,
                -29.791911156789485
              ],
              [
                -55.811715248657194,
                -29.791908312409344
              ],
              [
                -55.81171532736338,
                -29.791905447444464
              ],
              [
                -55.81171513231881,
                -29.791902588043126
              ],
              [
                -55.811714665303654,
                -29.79189976030282
              ],
              [
                -55.8117139305803,
                -29.79189699003207
              ],
              [
                -55.811712934854505,
                -29.791894302514894
              ],
              [
                -55.811711687214164,
                -29.791891722280017
              ],
              [
                -55.81171019904639,
                -29.79188927287701
              ],
              [
                -55.81170848393355,
                -29.79188697666135
              ],
              [
                -55.81170747852374,
                -29.791885869131104
              ],
              [
                -55.812341216059636,
                -29.791307977177414
              ],
              [
                -55.81275355741973,
                -29.791649841928745
              ],
              [
                -55.81216918859327,
                -29.792171998473314
              ],
              [
                -55.81216891950228,
                -29.792172241859113
              ],
              [
                -55.810833942503145,
                -29.79339445185903
              ],
              [
                -55.81087445861208,
                -29.793438706179913
              ],
              [
                -55.81220930180177,
                -29.792216618686414
              ],
              [
                -55.81280020590774,
                -29.791688622612405
              ],
              [
                -55.813208776660595,
                -29.792029527377657
              ],
              [
                -55.81294756918013,
                -29.79226937968311
              ],
              [
                -55.81269852800983,
                -29.792498057650477
              ],
              [
                -55.81273910910288,
                -29.7925422523887
              ],
              [
                -55.812988150402774,
                -29.792313574302337
              ],
              [
                -55.81327459923213,
                -29.792050544269692
              ],
              [
                -55.81325430855601,
                -29.79202844701957
              ],
              [
                -55.813274599351175,
                -29.792050544160375
              ],
              [
                -55.81446492535042,
                -29.790957522160394
              ]
            ],
            [
              [
                -55.812676225626376,
                -29.79024048341353
              ],
              [
                -55.81267622557226,
                -29.790240483462878
              ],
              [
                -55.81267644955644,
                -29.79024021501959
              ],
              [
                -55.812676225626376,
                -29.79024048341353
              ]
            ],
            [
              [
                -55.81265411176044,
                -29.790260648161627
              ],
              [
                -55.81265088355638,
                -29.790263591831526
              ],
              [
                -55.81195117660215,
                -29.790901612448042
              ],
              [
                -55.81159337651399,
                -29.790595287148
              ],
              [
                -55.81229846449483,
                -29.789963902585114
              ],
              [
                -55.81265411176044,
                -29.790260648161627
              ]
            ]
          ]
        ],
        "type": "MultiPolygon"
      }
    },
    {
      "type": "Feature",
      "properties": {
        "obra": "ALG_PRA-01-01"
      },
      "geometry": {
        "coordinates": [
          [
            [
              [
                -55.822063141700006,
                -29.7974777459
              ],
              [
                -55.8220042234,
                -29.7974664042
              ],
              [
                -55.8219557126,
                -29.79771841
              ],
              [
                -55.8210593064,
                -29.797583311000004
              ],
              [
                -55.8210564684,
                -29.7975830205
              ],
              [
                -55.8210536155,
                -29.7975830008
              ],
              [
                -55.8210507737,
                -29.7975832523
              ],
              [
                -55.82104796869999,
                -29.797583772499998
              ],
              [
                -55.82104522569999,
                -29.7975845568
              ],
              [
                -55.82104256969999,
                -29.7975855981
              ],
              [
                -55.8210400245,
                -29.7975868871
              ],
              [
                -55.8210376133,
                -29.7975884119
              ],
              [
                -55.8210353579,
                -29.7975901589
              ],
              [
                -55.8210332786,
                -29.797592112200004
              ],
              [
                -55.821031394200006,
                -29.797594254199996
              ],
              [
                -55.821029721900004,
                -29.7975965655
              ],
              [
                -55.8210282766,
                -29.7975990253
              ],
              [
                -55.82102707159999,
                -29.7976016112
              ],
              [
                -55.8210261176,
                -29.797604299799996
              ],
              [
                -55.82102542330001,
                -29.7976070669
              ],
              [
                -55.8209073473,
                -29.7981947859
              ],
              [
                -55.8209661718,
                -29.7982066041
              ],
              [
                -55.82107861960001,
                -29.797646899400004
              ],
              [
                -55.8219442797,
                -29.7977773646
              ],
              [
                -55.8217997864,
                -29.7985174374
              ],
              [
                -55.8210531414,
                -29.79841123
              ],
              [
                -55.821044691699996,
                -29.798470632
              ],
              [
                -55.82178738390001,
                -29.7985762771
              ],
              [
                -55.8216197024,
                -29.799323287899995
              ],
              [
                -55.82093122119999,
                -29.799205725099995
              ],
              [
                -55.8209211219,
                -29.799264869
              ],
              [
                -55.8216065436,
                -29.7993819094
              ],
              [
                -55.8213274979,
                -29.8006250182
              ],
              [
                -55.8212507488,
                -29.8006456463
              ],
              [
                -55.8212468291,
                -29.8006340412
              ],
              [
                -55.8212184065,
                -29.800643641000004
              ],
              [
                -55.8212468291,
                -29.800634041
              ],
              [
                -55.8209267091,
                -29.79968627
              ],
              [
                -55.8208982865,
                -29.79969587
              ],
              [
                -55.8209265152,
                -29.7996857139
              ],
              [
                -55.8205848651,
                -29.798736104199996
              ],
              [
                -55.8204354662,
                -29.798201831000004
              ],
              [
                -55.8203776829,
                -29.798217989
              ],
              [
                -55.8205192531,
                -29.798724265800004
              ],
              [
                -55.81968833399999,
                -29.798951782
              ],
              [
                -55.819688333799995,
                -29.798951782100005
              ],
              [
                -55.8196816486,
                -29.7989536125
              ],
              [
                -55.8195310282,
                -29.7985143559
              ],
              [
                -55.8195310095,
                -29.7985143623
              ],
              [
                -55.81953043160001,
                -29.7985127236
              ],
              [
                -55.8195292206,
                -29.798510116899998
              ],
              [
                -55.8195277657,
                -29.798507638
              ],
              [
                -55.8195260802,
                -29.798505309799996
              ],
              [
                -55.8195241797,
                -29.7985031535
              ],
              [
                -55.819437808,
                -29.7984141459
              ],
              [
                -55.8194360184,
                -29.798412447400004
              ],
              [
                -55.8191173552,
                -29.7981339949
              ],
              [
                -55.81868672649999,
                -29.7977577011
              ],
              [
                -55.8192453097,
                -29.7972307583
              ],
              [
                -55.8192041374,
                -29.797187113799996
              ],
              [
                -55.8186408827,
                -29.7977184635
              ],
              [
                -55.8182366917,
                -29.7973807491
              ],
              [
                -55.8179737713,
                -29.7971610669
              ],
              [
                -55.8186363132,
                -29.7965487731
              ],
              [
                -55.8193274397,
                -29.7971176693
              ],
              [
                -55.8201096912,
                -29.797761572499997
              ],
              [
                -55.8202091388,
                -29.797843431400004
              ],
              [
                -55.820247270299994,
                -29.7977971066
              ],
              [
                -55.8201478229,
                -29.797715247799996
              ],
              [
                -55.81939225739999,
                -29.797093311100003
              ],
              [
                -55.819558772499995,
                -29.796940974
              ],
              [
                -55.8196886896,
                -29.7968221175
              ],
              [
                -55.81964818949999,
                -29.7967778485
              ],
              [
                -55.8195182726,
                -29.7968967049
              ],
              [
                -55.8193454675,
                -29.797054796300003
              ],
              [
                -55.818680788600005,
                -29.796507670299995
              ],
              [
                -55.81981208010001,
                -29.795462155
              ],
              [
                -55.819771357,
                -29.795418091
              ],
              [
                -55.8186340319,
                -29.7964691824
              ],
              [
                -55.8182168149,
                -29.7961257454
              ],
              [
                -55.8181248917,
                -29.796050077899995
              ],
              [
                -55.81808675940001,
                -29.796096402100005
              ],
              [
                -55.8181786826,
                -29.7961720696
              ],
              [
                -55.8185895565,
                -29.7965102852
              ],
              [
                -55.81792734390001,
                -29.797122274599996
              ],
              [
                -55.8173782517,
                -29.7966634824
              ],
              [
                -55.8173397805,
                -29.7967095256
              ],
              [
                -55.817882911699996,
                -29.797163337000004
              ],
              [
                -55.8178601327,
                -29.7971843885
              ],
              [
                -55.8178601323,
                -29.7971843888
              ],
              [
                -55.8172640938,
                -29.7977352041
              ],
              [
                -55.81717533,
                -29.797656139000004
              ],
              [
                -55.81717458600001,
                -29.7976554978
              ],
              [
                -55.8171554747,
                -29.7976395654
              ],
              [
                -55.8163330322,
                -29.7969538886
              ],
              [
                -55.8162946109,
                -29.7969999734
              ],
              [
                -55.8171170538,
                -29.7976856505
              ],
              [
                -55.81713578869999,
                -29.797701269100003
              ],
              [
                -55.8172198199,
                -29.7977761188
              ],
              [
                -55.8165103497,
                -29.7984317595
              ],
              [
                -55.8165307101,
                -29.7984537916
              ],
              [
                -55.81650920679999,
                -29.798432873399996
              ],
              [
                -55.816175876699994,
                -29.7987755272
              ],
              [
                -55.8159749687,
                -29.798944289
              ],
              [
                -55.8158796392,
                -29.7990176645
              ],
              [
                -55.8152774161,
                -29.798530210899997
              ],
              [
                -55.815239667,
                -29.7985768479
              ],
              [
                -55.8158369193,
                -29.799060278099997
              ],
              [
                -55.8157863145,
                -29.7991224745
              ],
              [
                -55.8152790523,
                -29.7995702008
              ],
              [
                -55.81527857750001,
                -29.799570629
              ],
              [
                -55.8148765816,
                -29.7999409802
              ],
              [
                -55.81491723559999,
                -29.7999851079
              ],
              [
                -55.8153189963,
                -29.7996149733
              ],
              [
                -55.8158278749,
                -29.7991658204
              ],
              [
                -55.8158296574,
                -29.7991641116
              ],
              [
                -55.8158312933,
                -29.7991622619
              ],
              [
                -55.8158835249,
                -29.799098066
              ],
              [
                -55.8166808583,
                -29.7997456505
              ],
              [
                -55.8170730244,
                -29.8000641583
              ],
              [
                -55.8170991326,
                -29.800139116299995
              ],
              [
                -55.8171081998,
                -29.8001651547
              ],
              [
                -55.817250522200005,
                -29.8005738144
              ],
              [
                -55.817268281,
                -29.8006255629
              ],
              [
                -55.8166105906,
                -29.80080231
              ],
              [
                -55.8166261625,
                -29.800860254100005
              ],
              [
                -55.8172878018,
                -29.800682445799996
              ],
              [
                -55.8175880368,
                -29.801557319800004
              ],
              [
                -55.81757494040001,
                -29.801560696999996
              ],
              [
                -55.8175720909,
                -29.8015615852
              ],
              [
                -55.8175693437,
                -29.801562752099997
              ],
              [
                -55.8175667261,
                -29.801564186299995
              ],
              [
                -55.8175642639,
                -29.8015658734
              ],
              [
                -55.8175619815,
                -29.8015677969
              ],
              [
                -55.8175599016,
                -29.8015699376
              ],
              [
                -55.8175580448,
                -29.8015722745
              ],
              [
                -55.8175564293,
                -29.801574784199996
              ],
              [
                -55.8175550712,
                -29.801577442099997
              ],
              [
                -55.8175539839,
                -29.8015802218
              ],
              [
                -55.8175531782,
                -29.8015830957
              ],
              [
                -55.8175526621,
                -29.8015860355
              ],
              [
                -55.8175524407,
                -29.8015890121
              ],
              [
                -55.8175525161,
                -29.8015919959
              ],
              [
                -55.81755288760001,
                -29.8015949574
              ],
              [
                -55.8175535517,
                -29.8015978674
              ],
              [
                -55.8175543096,
                -29.8016001252
              ],
              [
                -55.8175348123,
                -29.8016061882
              ],
              [
                -55.8170050917,
                -29.801752424600004
              ],
              [
                -55.8168284225,
                -29.8017955966
              ],
              [
                -55.8168426653,
                -29.8018538816
              ],
              [
                -55.8170197672,
                -29.8018106039
              ],
              [
                -55.817020629,
                -29.801810379699997
              ],
              [
                -55.8175512435,
                -29.8016638965
              ],
              [
                -55.81755216839999,
                -29.8016636251
              ],
              [
                -55.8176023378,
                -29.8016480241
              ],
              [
                -55.8176182838,
                -29.8016437318
              ],
              [
                -55.8179279952,
                -29.8025190327
              ],
              [
                -55.8179294602,
                -29.802522474
              ],
              [
                -55.8179707135,
                -29.802604734899997
              ],
              [
                -55.8179846898,
                -29.8026703672
              ],
              [
                -55.8179291089,
                -29.8026857345
              ],
              [
                -55.8171235503,
                -29.8028903091
              ],
              [
                -55.8171231892,
                -29.8028904032
              ],
              [
                -55.816347827399994,
                -29.8030976094
              ],
              [
                -55.816338506099996,
                -29.8030906797
              ],
              [
                -55.8163359464,
                -29.8030889733
              ],
              [
                -55.8163332255,
                -29.803087538
              ],
              [
                -55.816330371899994,
                -29.8030863889
              ],
              [
                -55.81632741559999,
                -29.803085538
              ],
              [
                -55.8163243877,
                -29.8030849944
              ],
              [
                -55.81632132,
                -29.8030847638
              ],
              [
                -55.8163182449,
                -29.8030848485
              ],
              [
                -55.816315194599994,
                -29.8030852477
              ],
              [
                -55.8162991488,
                -29.803088191100002
              ],
              [
                -55.8163099744,
                -29.8031472064
              ],
              [
                -55.8163131829,
                -29.803146617799996
              ],
              [
                -55.816323666200006,
                -29.8031544115
              ],
              [
                -55.8163261604,
                -29.8031560788
              ],
              [
                -55.816328808600005,
                -29.803157488699995
              ],
              [
                -55.8163315844,
                -29.803158627
              ],
              [
                -55.81633446,
                -29.8031594824
              ],
              [
                -55.8163374067,
                -29.8031600462
              ],
              [
                -55.816340395000005,
                -29.803160312999996
              ],
              [
                -55.81634339499999,
                -29.803160279899995
              ],
              [
                -55.8163463767,
                -29.8031599474
              ],
              [
                -55.8163493102,
                -29.8031593187
              ],
              [
                -55.81713849959999,
                -29.8029484172
              ],
              [
                -55.817944183399995,
                -29.8027438108
              ],
              [
                -55.817944793799995,
                -29.802743648900005
              ],
              [
                -55.81802741620001,
                -29.8027208051
              ],
              [
                -55.8180456565,
                -29.802716428
              ],
              [
                -55.81804698,
                -29.8027160783
              ],
              [
                -55.818065392499996,
                -29.8027107608
              ],
              [
                -55.8182398837,
                -29.8026744171
              ],
              [
                -55.81824113190001,
                -29.8026741292
              ],
              [
                -55.8183981908,
                -29.8026343511
              ],
              [
                -55.8183987069,
                -29.802634215500003
              ],
              [
                -55.8192720088,
                -29.8023964276
              ],
              [
                -55.8204737292,
                -29.802083215399996
              ],
              [
                -55.820590124300004,
                -29.802055314600004
              ],
              [
                -55.8205909825,
                -29.802055095400004
              ],
              [
                -55.8206105589,
                -29.802049787
              ],
              [
                -55.8206109485,
                -29.802049678599996
              ],
              [
                -55.82070067989999,
                -29.8020240432
              ],
              [
                -55.8207011106,
                -29.8020239424
              ],
              [
                -55.8207038459,
                -29.8020230171
              ],
              [
                -55.8207064797,
                -29.8020218332
              ],
              [
                -55.82070898740001,
                -29.802020401499995
              ],
              [
                -55.8207113458,
                -29.8020187354
              ],
              [
                -55.82071353319999,
                -29.802016850300003
              ],
              [
                -55.8207155291,
                -29.8020147636
              ],
              [
                -55.8207173152,
                -29.802012494599996
              ],
              [
                -55.820718874899995,
                -29.8020100645
              ],
              [
                -55.82072019369999,
                -29.8020074956
              ],
              [
                -55.820721259500004,
                -29.8020048119
              ],
              [
                -55.82072206229999,
                -29.8020020381
              ],
              [
                -55.8207225947,
                -29.8019992
              ],
              [
                -55.8207228517,
                -29.801996323900003
              ],
              [
                -55.8207228311,
                -29.8019934364
              ],
              [
                -55.82072253290001,
                -29.801990564200004
              ],
              [
                -55.82072196,
                -29.801987734
              ],
              [
                -55.8207211176,
                -29.801984972
              ],
              [
                -55.8206765221,
                -29.8018605533
              ],
              [
                -55.8204231728,
                -29.801116096700003
              ],
              [
                -55.82042315030001,
                -29.801116030899998
              ],
              [
                -55.8203616504,
                -29.800936680199996
              ],
              [
                -55.8206324996,
                -29.8016926318
              ],
              [
                -55.8206889835,
                -29.801672394200004
              ],
              [
                -55.8204094252,
                -29.8008921353
              ],
              [
                -55.8211989959,
                -29.800679922600004
              ],
              [
                -55.8212029156,
                -29.8006915279
              ],
              [
                -55.82120402230001,
                -29.8006943314
              ],
              [
                -55.82120540470001,
                -29.8006970097
              ],
              [
                -55.8212070488,
                -29.800699535799996
              ],
              [
                -55.8212089382,
                -29.8007018841
              ],
              [
                -55.8212110536,
                -29.800704031
              ],
              [
                -55.8212133738,
                -29.8007059548
              ],
              [
                -55.82121587529999,
                -29.8007076361
              ],
              [
                -55.82121853289999,
                -29.8007090579
              ],
              [
                -55.8212213197,
                -29.8007102059
              ],
              [
                -55.8212242077,
                -29.8007110684
              ],
              [
                -55.82122716760001,
                -29.8007116368
              ],
              [
                -55.8212301696,
                -29.8007119053
              ],
              [
                -55.8212331835,
                -29.8007118713
              ],
              [
                -55.8212361787,
                -29.800711535
              ],
              [
                -55.821239125,
                -29.8007108999
              ],
              [
                -55.82131372119999,
                -29.8006908504
              ],
              [
                -55.8210841209,
                -29.801818812300002
              ],
              [
                -55.8211046314,
                -29.8018229873
              ],
              [
                -55.82110552329999,
                -29.8018550304
              ],
              [
                -55.8211143528,
                -29.801854784599996
              ],
              [
                -55.821113518,
                -29.8018247962
              ],
              [
                -55.8211163379,
                -29.801854663400004
              ],
              [
                -55.8214257894,
                -29.8018254472
              ],
              [
                -55.8214201497,
                -29.8017657128
              ],
              [
                -55.8211509871,
                -29.8017911253
              ],
              [
                -55.82138213510001,
                -29.8006555595
              ],
              [
                -55.8216720061,
                -29.7993642257
              ],
              [
                -55.8216427346,
                -29.799357655
              ],
              [
                -55.82167200619999,
                -29.7993642256
              ],
              [
                -55.82185304219999,
                -29.7985577216
              ],
              [
                -55.8218237705,
                -29.798551151
              ],
              [
                -55.8218532146,
                -29.7985568997
              ],
              [
                -55.8220091706,
                -29.797758116700003
              ],
              [
                -55.8219797448,
                -29.7977523716
              ],
              [
                -55.8220091857,
                -29.7977580389
              ],
              [
                -55.822063141700006,
                -29.7974777459
              ]
            ],
            [
              [
                -55.82029361899999,
                -29.80092326
              ],
              [
                -55.82036638310001,
                -29.8011354598
              ],
              [
                -55.8206197992,
                -29.8018801128
              ],
              [
                -55.820619956499996,
                -29.8018805634
              ],
              [
                -55.8206537939,
                -29.8019750375
              ],
              [
                -55.820594660999994,
                -29.8019919312
              ],
              [
                -55.8205757073,
                -29.8019970707
              ],
              [
                -55.8204594557,
                -29.8020249372
              ],
              [
                -55.820458882500006,
                -29.802025080599996
              ],
              [
                -55.8192567183,
                -29.8023384084
              ],
              [
                -55.81925640299999,
                -29.8023384924
              ],
              [
                -55.8183832011,
                -29.802576253
              ],
              [
                -55.818227022,
                -29.8026158083
              ],
              [
                -55.8180520444,
                -29.8026522533
              ],
              [
                -55.8180498379,
                -29.8026528009
              ],
              [
                -55.8180427314,
                -29.8026548532
              ],
              [
                -55.8180285966,
                -29.802588476299995
              ],
              [
                -55.8180279601,
                -29.8025860075
              ],
              [
                -55.8180271163,
                -29.8025836017
              ],
              [
                -55.8180260713,
                -29.8025812762
              ],
              [
                -55.817983935,
                -29.8024972545
              ],
              [
                -55.81767639449999,
                -29.8016280901
              ],
              [
                -55.8177494774,
                -29.801608418200004
              ],
              [
                -55.81832944260001,
                -29.8014534312
              ],
              [
                -55.8183297695,
                -29.8014533419
              ],
              [
                -55.8185179042,
                -29.8014007818
              ],
              [
                -55.8188216492,
                -29.802260483
              ],
              [
                -55.8188782219,
                -29.802240494999996
              ],
              [
                -55.818575928499996,
                -29.8013849022
              ],
              [
                -55.8194154303,
                -29.8011592841
              ],
              [
                -55.8197202492,
                -29.8020220032
              ],
              [
                -55.8197768219,
                -29.8020020148
              ],
              [
                -55.8194735467,
                -29.8011436648
              ],
              [
                -55.82029361899999,
                -29.80092326
              ]
            ],
            [
              [
                -55.81939538249999,
                -29.801102542899997
              ],
              [
                -55.8185562698,
                -29.801328056499997
              ],
              [
                -55.8182512233,
                -29.8004235304
              ],
              [
                -55.8190770572,
                -29.800201584199996
              ],
              [
                -55.81939538249999,
                -29.801102542899997
              ]
            ],
            [
              [
                -55.8184983123,
                -29.8013439577
              ],
              [
                -55.8183137884,
                -29.8013955091
              ],
              [
                -55.8177339607,
                -29.8015504593
              ],
              [
                -55.8177339083,
                -29.801550473299997
              ],
              [
                -55.8176563206,
                -29.801571357800004
              ],
              [
                -55.8176552708,
                -29.8015683908
              ],
              [
                -55.8173458803,
                -29.8006668379
              ],
              [
                -55.8173711539,
                -29.800660045900003
              ],
              [
                -55.817408234,
                -29.800650079899995
              ],
              [
                -55.81819316520001,
                -29.8004391334
              ],
              [
                -55.8184983123,
                -29.8013439577
              ]
            ],
            [
              [
                -55.8173263595,
                -29.800609955
              ],
              [
                -55.8173072513,
                -29.8005542743
              ],
              [
                -55.8173072067,
                -29.800554145300005
              ],
              [
                -55.8171648624,
                -29.8001454227
              ],
              [
                -55.817155795000005,
                -29.8001193839
              ],
              [
                -55.8171268829,
                -29.8000363758
              ],
              [
                -55.81712585350001,
                -29.8000338079
              ],
              [
                -55.8171245918,
                -29.8000313457
              ],
              [
                -55.81712310870001,
                -29.8000290103
              ],
              [
                -55.8171214167,
                -29.800026821399996
              ],
              [
                -55.8171195303,
                -29.800024797699997
              ],
              [
                -55.8171174655,
                -29.8000229563
              ],
              [
                -55.816718685,
                -29.7996990764
              ],
              [
                -55.81592753510001,
                -29.799056514
              ],
              [
                -55.8160120727,
                -29.7989914452
              ],
              [
                -55.81601307,
                -29.7989906431
              ],
              [
                -55.816215623800005,
                -29.7988204988
              ],
              [
                -55.8162178318,
                -29.7988184462
              ],
              [
                -55.81653296150001,
                -29.798494501899995
              ],
              [
                -55.8171233232,
                -29.798980473000004
              ],
              [
                -55.8171614559,
                -29.798934149100003
              ],
              [
                -55.8165763268,
                -29.7984524854
              ],
              [
                -55.8172648355,
                -29.797816215900003
              ],
              [
                -55.8179437325,
                -29.7984209347
              ],
              [
                -55.8179460426,
                -29.798422796
              ],
              [
                -55.8179485253,
                -29.79842442
              ],
              [
                -55.81795115620001,
                -29.798425790900005
              ],
              [
                -55.8179539096,
                -29.7984268952
              ],
              [
                -55.8179567587,
                -29.798427722100005
              ],
              [
                -55.8179596755,
                -29.7984282637
              ],
              [
                -55.8179626315,
                -29.7984285145
              ],
              [
                -55.8179655979,
                -29.7984284721
              ],
              [
                -55.817968545499994,
                -29.7984281369
              ],
              [
                -55.8179714456,
                -29.7984275123
              ],
              [
                -55.8179742699,
                -29.798426604199996
              ],
              [
                -55.817976990700004,
                -29.7984254217
              ],
              [
                -55.8179795813,
                -29.7984239762
              ],
              [
                -55.817982016600006,
                -29.798422281900002
              ],
              [
                -55.8179842726,
                -29.7984203554
              ],
              [
                -55.818128272,
                -29.798284514499997
              ],
              [
                -55.81862723850001,
                -29.7978138194
              ],
              [
                -55.81860949579999,
                -29.7977950111
              ],
              [
                -55.8186272387,
                -29.7978138193
              ],
              [
                -55.8186428785,
                -29.797799065399996
              ],
              [
                -55.8190778751,
                -29.7981791759
              ],
              [
                -55.819395606099995,
                -29.7984568138
              ],
              [
                -55.8194764472,
                -29.7985401605
              ],
              [
                -55.81962366330001,
                -29.7989694892
              ],
              [
                -55.818922278,
                -29.799161532
              ],
              [
                -55.8189381231,
                -29.799219402
              ],
              [
                -55.8196431637,
                -29.7990263583
              ],
              [
                -55.8196536421,
                -29.7990569167
              ],
              [
                -55.8199470895,
                -29.7999126859
              ],
              [
                -55.819115197100004,
                -29.8001294248
              ],
              [
                -55.81885370999999,
                -29.799389324100005
              ],
              [
                -55.8187971371,
                -29.799409312
              ],
              [
                -55.8190570096,
                -29.8001448429
              ],
              [
                -55.818232012,
                -29.8003665644
              ],
              [
                -55.8181817366,
                -29.800217485100003
              ],
              [
                -55.8187580196,
                -29.7998033203
              ],
              [
                -55.818723003500004,
                -29.799754597799996
              ],
              [
                -55.8181616798,
                -29.8001580117
              ],
              [
                -55.81799469159999,
                -29.7996628513
              ],
              [
                -55.8179378376,
                -29.7996820248
              ],
              [
                -55.818117797499994,
                -29.8002156497
              ],
              [
                -55.8181177976,
                -29.8002156498
              ],
              [
                -55.8181739538,
                -29.8003821674
              ],
              [
                -55.81739266150001,
                -29.800592136
              ],
              [
                -55.817355581700006,
                -29.8006021019
              ],
              [
                -55.8173263595,
                -29.800609955
              ]
            ],
            [
              [
                -55.8191352571,
                -29.8001862014
              ],
              [
                -55.819966607000005,
                -29.799969603900003
              ],
              [
                -55.820013202599995,
                -29.800105488900005
              ],
              [
                -55.820013202599995,
                -29.800105488999996
              ],
              [
                -55.82027411239999,
                -29.8008663734
              ],
              [
                -55.81945349880001,
                -29.801086923700005
              ],
              [
                -55.8191352571,
                -29.8001862014
              ]
            ],
            [
              [
                -55.82006930619999,
                -29.799942847000004
              ],
              [
                -55.8208788067,
                -29.7997319465
              ],
              [
                -55.8211797576,
                -29.800622964
              ],
              [
                -55.8203891203,
                -29.8008354634
              ],
              [
                -55.8201161776,
                -29.800073669399996
              ],
              [
                -55.8201161775,
                -29.8000736692
              ],
              [
                -55.82006930619999,
                -29.799942847000004
              ]
            ],
            [
              [
                -55.8208589385,
                -29.79967512
              ],
              [
                -55.8200490771,
                -29.799886114500005
              ],
              [
                -55.8197353213,
                -29.7990011248
              ],
              [
                -55.8205374312,
                -29.7987814969
              ],
              [
                -55.8208589385,
                -29.79967512
              ]
            ],
            [
              [
                -55.8173091094,
                -29.7977753012
              ],
              [
                -55.8178818282,
                -29.797246036300002
              ],
              [
                -55.8185610567,
                -29.7977937674
              ],
              [
                -55.8180871,
                -29.7982408696
              ],
              [
                -55.817963105,
                -29.798357839500003
              ],
              [
                -55.8173091094,
                -29.7977753012
              ]
            ],
            [
              [
                -55.818105766200006,
                -29.7973495424
              ],
              [
                -55.817926367800005,
                -29.7972048752
              ],
              [
                -55.8179293391,
                -29.7972021292
              ],
              [
                -55.818105766200006,
                -29.7973495424
              ]
            ]
          ]
        ],
        "type": "MultiPolygon"
      }
    },
    {
      "type": "Feature",
      "properties": {
        "obra": "ALG_COH-01"
      },
      "geometry": {
        "coordinates": [
          [
            [
              [
                -55.7769630683,
                -29.7962775055
              ],
              [
                -55.77699660710001,
                -29.796279447799996
              ],
              [
                -55.7770000761,
                -29.796219548199996
              ],
              [
                -55.7769665368,
                -29.7962176058
              ],
              [
                -55.775678465,
                -29.7961430484
              ],
              [
                -55.7757164187,
                -29.7956442844
              ],
              [
                -55.7768815987,
                -29.7957117292
              ],
              [
                -55.7769106382,
                -29.795713409900003
              ],
              [
                -55.7769141049,
                -29.7956535101
              ],
              [
                -55.77688506570001,
                -29.795651829500002
              ],
              [
                -55.77572097189999,
                -29.7955844475
              ],
              [
                -55.7757617471,
                -29.7950485744
              ],
              [
                -55.7767354322,
                -29.795104371900003
              ],
              [
                -55.7767388649,
                -29.795044470200004
              ],
              [
                -55.77576630040001,
                -29.794988737000004
              ],
              [
                -55.7757847882,
                -29.794745784500005
              ],
              [
                -55.7757848666,
                -29.794742812099997
              ],
              [
                -55.7757846504,
                -29.7947398466
              ],
              [
                -55.7757841416,
                -29.794736917
              ],
              [
                -55.7757833454,
                -29.794734052099997
              ],
              [
                -55.7757822695,
                -29.794731280200004
              ],
              [
                -55.7757809244,
                -29.7947286284
              ],
              [
                -55.775779323500004,
                -29.794726122699995
              ],
              [
                -55.7757774824,
                -29.7947237879
              ],
              [
                -55.77577541909999,
                -29.7947216467
              ],
              [
                -55.7757731541,
                -29.7947197203
              ],
              [
                -55.77577070950001,
                -29.7947180277
              ],
              [
                -55.775768109299996,
                -29.794716585300005
              ],
              [
                -55.775765379099994,
                -29.7947154074
              ],
              [
                -55.7757625458,
                -29.7947145056
              ],
              [
                -55.775759637,
                -29.794713888600004
              ],
              [
                -55.7757566815,
                -29.7947135627
              ],
              [
                -55.7757537083,
                -29.794713530899998
              ],
              [
                -55.7757507465,
                -29.7947137936
              ],
              [
                -55.77574782519999,
                -29.794714348199996
              ],
              [
                -55.7746237461,
                -29.794986096
              ],
              [
                -55.7746378451,
                -29.795044416
              ],
              [
                -55.7757218314,
                -29.7947823607
              ],
              [
                -55.7757041541,
                -29.7950146627
              ],
              [
                -55.7757340676,
                -29.795016938999996
              ],
              [
                -55.7757041541,
                -29.795014662900005
              ],
              [
                -55.7756610624,
                -29.795580979400004
              ],
              [
                -55.7741453365,
                -29.7954932292
              ],
              [
                -55.7741418687,
                -29.7955531289
              ],
              [
                -55.7756565092,
                -29.7956408163
              ],
              [
                -55.7756185555,
                -29.7961395805
              ],
              [
                -55.7744925624,
                -29.7960743944
              ],
              [
                -55.7735063472,
                -29.796017292
              ],
              [
                -55.7733810987,
                -29.7960100402
              ],
              [
                -55.7733776305,
                -29.7960699399
              ],
              [
                -55.773502879000006,
                -29.7960771917
              ],
              [
                -55.7744890944,
                -29.7961342941
              ],
              [
                -55.7756140022,
                -29.7961994173
              ],
              [
                -55.7755741895,
                -29.7967226204
              ],
              [
                -55.77416505800001,
                -29.7966410406
              ],
              [
                -55.7728148099,
                -29.796562855
              ],
              [
                -55.77277045609999,
                -29.7965602862
              ],
              [
                -55.77276698699999,
                -29.7966201858
              ],
              [
                -55.772811341,
                -29.7966227546
              ],
              [
                -55.7741615896,
                -29.796700940300003
              ],
              [
                -55.7755696362,
                -29.796782457299997
              ],
              [
                -55.7755323455,
                -29.797272521400004
              ],
              [
                -55.7741156799,
                -29.797190505700005
              ],
              [
                -55.7727534949,
                -29.7971116296
              ],
              [
                -55.7727135438,
                -29.797109316200004
              ],
              [
                -55.77271007529999,
                -29.797169215800004
              ],
              [
                -55.7727500264,
                -29.7971715292
              ],
              [
                -55.774112211500004,
                -29.797250405300005
              ],
              [
                -55.775527792,
                -29.7973323583
              ],
              [
                -55.7754887397,
                -29.7978455114
              ],
              [
                -55.7740646882,
                -29.7977630672
              ],
              [
                -55.7727088118,
                -29.7976845556
              ],
              [
                -55.7726551669,
                -29.7976814492
              ],
              [
                -55.77265169830001,
                -29.7977413488
              ],
              [
                -55.7727053432,
                -29.7977444553
              ],
              [
                -55.7740612199,
                -29.7978229669
              ],
              [
                -55.7754841864,
                -29.797905348299995
              ],
              [
                -55.775477041100004,
                -29.7979992597
              ],
              [
                -55.7754413431,
                -29.7984683606
              ],
              [
                -55.7753964311,
                -29.799058528599996
              ],
              [
                -55.7754263445,
                -29.799060804999996
              ],
              [
                -55.7753963601,
                -29.7990598388
              ],
              [
                -55.7753943246,
                -29.7991230057
              ],
              [
                -55.77539107850001,
                -29.7991482483
              ],
              [
                -55.77396018969999,
                -29.7990852053
              ],
              [
                -55.7739599888,
                -29.799085197099995
              ],
              [
                -55.77392245640001,
                -29.7990837953
              ],
              [
                -55.7726074239,
                -29.799007646199996
              ],
              [
                -55.772603955300006,
                -29.799067545799996
              ],
              [
                -55.7738887897,
                -29.7991419463
              ],
              [
                -55.7738497887,
                -29.7996523676
              ],
              [
                -55.7725638499,
                -29.799577904199996
              ],
              [
                -55.772560381299996,
                -29.799637803799996
              ],
              [
                -55.7738452256,
                -29.7997122038
              ],
              [
                -55.7738061721,
                -29.800225282100005
              ],
              [
                -55.7725053168,
                -29.8001499552
              ],
              [
                -55.7725018483,
                -29.8002098548
              ],
              [
                -55.7738016175,
                -29.8002851188
              ],
              [
                -55.7737628251,
                -29.8007947506
              ],
              [
                -55.7723886354,
                -29.800715813499995
              ],
              [
                -55.7723885766,
                -29.8007157305
              ],
              [
                -55.772386618700004,
                -29.80071348
              ],
              [
                -55.772384447,
                -29.8007114352
              ],
              [
                -55.7723820829,
                -29.800709616099997
              ],
              [
                -55.7723795499,
                -29.800708040699995
              ],
              [
                -55.772376873,
                -29.800706724700003
              ],
              [
                -55.772374078599995,
                -29.800705681099995
              ],
              [
                -55.7723711944,
                -29.8007049201
              ],
              [
                -55.7723682489,
                -29.8007044493
              ],
              [
                -55.77236527109999,
                -29.8007042733
              ],
              [
                -55.7723526885,
                -29.8007041565
              ],
              [
                -55.7723522323,
                -29.8007532646
              ],
              [
                -55.7723357845,
                -29.8007392528
              ],
              [
                -55.7723354194,
                -29.8007393151
              ],
              [
                -55.7723371816,
                -29.800749649099995
              ],
              [
                -55.772337801499994,
                -29.8007524616
              ],
              [
                -55.772338688199994,
                -29.8007552017
              ],
              [
                -55.7723398335,
                -29.800757844100005
              ],
              [
                -55.7723412269,
                -29.8007603646
              ],
              [
                -55.7723428556,
                -29.800762739799996
              ],
              [
                -55.7723447046,
                -29.800764947900003
              ],
              [
                -55.7723467568,
                -29.8007669685
              ],
              [
                -55.7723489932,
                -29.8007687831
              ],
              [
                -55.7723513934,
                -29.8007703748
              ],
              [
                -55.77235393509999,
                -29.800771729
              ],
              [
                -55.772356595000005,
                -29.800772833300005
              ],
              [
                -55.7723593485,
                -29.8007736774
              ],
              [
                -55.7723621703,
                -29.8007742536
              ],
              [
                -55.77236503430001,
                -29.800774556600004
              ],
              [
                -55.77378876969999,
                -29.800856339799996
              ],
              [
                -55.77378876969999,
                -29.8008563399
              ],
              [
                -55.7752849957,
                -29.8009429629
              ],
              [
                -55.775288463500004,
                -29.8008830632
              ],
              [
                -55.7738227357,
                -29.8007982059
              ],
              [
                -55.773861527,
                -29.8002885877
              ],
              [
                -55.7753065646,
                -29.8003722479
              ],
              [
                -55.7753100325,
                -29.8003123482
              ],
              [
                -55.77386608170001,
                -29.800228750899997
              ],
              [
                -55.77390513510001,
                -29.7997156727
              ],
              [
                -55.7753534226,
                -29.7997995209
              ],
              [
                -55.77535689050001,
                -29.7997396212
              ],
              [
                -55.773909698500006,
                -29.7996558364
              ],
              [
                -55.7739487451,
                -29.799144819
              ],
              [
                -55.7739576491,
                -29.7991451516
              ],
              [
                -55.7754160228,
                -29.7992094055
              ],
              [
                -55.77541899639999,
                -29.799209389
              ],
              [
                -55.7754219538,
                -29.799209078200004
              ],
              [
                -55.7754248658,
                -29.7992084761
              ],
              [
                -55.775427704,
                -29.7992075887
              ],
              [
                -55.77543044040001,
                -29.799206424700003
              ],
              [
                -55.77543304809999,
                -29.799204995400004
              ],
              [
                -55.7754355015,
                -29.7992033151
              ],
              [
                -55.7754377765,
                -29.7992014001
              ],
              [
                -55.7754398507,
                -29.799199269299997
              ],
              [
                -55.7754417037,
                -29.7991969436
              ],
              [
                -55.7754433175,
                -29.7991944459
              ],
              [
                -55.775444676,
                -29.7991918007
              ],
              [
                -55.775445766,
                -29.799189033900003
              ],
              [
                -55.7754465767,
                -29.799186172899997
              ],
              [
                -55.7754471002,
                -29.7991832457
              ],
              [
                -55.7754540197,
                -29.799129218700003
              ],
              [
                -55.7754542472,
                -29.799126373800004
              ],
              [
                -55.775455332,
                -29.7990927117
              ],
              [
                -55.7763427943,
                -29.799149225900003
              ],
              [
                -55.7763890825,
                -29.7991521743
              ],
              [
                -55.7763928966,
                -29.7990922957
              ],
              [
                -55.776346608100006,
                -29.799089347299997
              ],
              [
                -55.7754585628,
                -29.799032796
              ],
              [
                -55.775498934599995,
                -29.7985022894
              ],
              [
                -55.7767147293,
                -29.7985726643
              ],
              [
                -55.776789995399994,
                -29.7985770199
              ],
              [
                -55.7767934618,
                -29.798517120100005
              ],
              [
                -55.7767181962,
                -29.7985127646
              ],
              [
                -55.77550348810001,
                -29.798442452500005
              ],
              [
                -55.77553686809999,
                -29.7980038124
              ],
              [
                -55.775544096,
                -29.7979088163
              ],
              [
                -55.776866061,
                -29.797985334900005
              ],
              [
                -55.776869528199995,
                -29.7979254351
              ],
              [
                -55.7755486493,
                -29.7978489794
              ],
              [
                -55.775587701499994,
                -29.797335826300003
              ],
              [
                -55.776924202,
                -29.797413187899995
              ],
              [
                -55.77692766919999,
                -29.797353288200004
              ],
              [
                -55.775592255,
                -29.7972759895
              ],
              [
                -55.775629545799994,
                -29.7967859253
              ],
              [
                -55.776944583,
                -29.7968620429
              ],
              [
                -55.776948050200005,
                -29.796802143100003
              ],
              [
                -55.775634099,
                -29.7967260884
              ],
              [
                -55.775673911800006,
                -29.796202885300005
              ],
              [
                -55.7769630683,
                -29.7962775055
              ]
            ],
            [
              [
                -55.7737905035,
                -29.80082639
              ],
              [
                -55.7737905036,
                -29.8008263901
              ],
              [
                -55.7737904968,
                -29.800826507400004
              ],
              [
                -55.7737905035,
                -29.80082639
              ]
            ]
          ]
        ],
        "type": "MultiPolygon"
      }
    },
    {
      "type": "Feature",
      "properties": {
        "obra": "TPA_ILM-03"
      },
      "geometry": {
        "coordinates": [
          [
            [
              [
                -53.9481949008,
                -27.445281893000004
              ],
              [
                -53.94815283719999,
                -27.445239107
              ],
              [
                -53.9474561633,
                -27.445924018500005
              ],
              [
                -53.947110474700004,
                -27.4456457226
              ],
              [
                -53.947091662,
                -27.445669091
              ],
              [
                -53.94711040779999,
                -27.4456456689
              ],
              [
                -53.9468893194,
                -27.4454687212
              ],
              [
                -53.946868821900004,
                -27.4454518933
              ],
              [
                -53.9468488611,
                -27.4454351183
              ],
              [
                -53.94682956,
                -27.445458085
              ],
              [
                -53.9468484959,
                -27.4454348163
              ],
              [
                -53.946821335500005,
                -27.445412713399996
              ],
              [
                -53.9467942692,
                -27.44538781
              ],
              [
                -53.9467929472,
                -27.445386663000004
              ],
              [
                -53.9464538178,
                -27.4451093516
              ],
              [
                -53.94690940950001,
                -27.444789452
              ],
              [
                -53.9469124102,
                -27.4447870435
              ],
              [
                -53.9472091351,
                -27.4445158231
              ],
              [
                -53.9471686547,
                -27.4444715361
              ],
              [
                -53.9468733528,
                -27.4447414558
              ],
              [
                -53.9463890441,
                -27.4450815193
              ],
              [
                -53.946344997299995,
                -27.4451024172
              ],
              [
                -53.94634451529999,
                -27.4451026512
              ],
              [
                -53.9463225713,
                -27.4451135467
              ],
              [
                -53.9458500087,
                -27.4443879625
              ],
              [
                -53.9458487971,
                -27.444386237799996
              ],
              [
                -53.945843933,
                -27.4443798068
              ],
              [
                -53.946432165,
                -27.4440883543
              ],
              [
                -53.9464055271,
                -27.4440345917
              ],
              [
                -53.945810467399994,
                -27.4443294272
              ],
              [
                -53.9457899826,
                -27.444298058
              ],
              [
                -53.945764864,
                -27.444314461
              ],
              [
                -53.9457899825,
                -27.4442980578
              ],
              [
                -53.9451374135,
                -27.4432987668
              ],
              [
                -53.945087176600005,
                -27.4433315732
              ],
              [
                -53.94572155929999,
                -27.4443030152
              ],
              [
                -53.9449020057,
                -27.444724999
              ],
              [
                -53.944929472300004,
                -27.444778342999996
              ],
              [
                -53.9457545403,
                -27.444353519799996
              ],
              [
                -53.945774691699995,
                -27.444384378499997
              ],
              [
                -53.945787307,
                -27.4444042373
              ],
              [
                -53.9457887027,
                -27.4444062483
              ],
              [
                -53.9458003072,
                -27.4444215909
              ],
              [
                -53.9462682984,
                -27.445140156
              ],
              [
                -53.945624638700004,
                -27.445452602599996
              ],
              [
                -53.9451666558,
                -27.445672847100003
              ],
              [
                -53.9449275149,
                -27.4453080428
              ],
              [
                -53.9449270456,
                -27.445307348299995
              ],
              [
                -53.9449159465,
                -27.4452914067
              ],
              [
                -53.9449157424,
                -27.4452911172
              ],
              [
                -53.9449086539,
                -27.445281188099997
              ],
              [
                -53.944653086299994,
                -27.4448718592
              ],
              [
                -53.944257115899994,
                -27.4441928222
              ],
              [
                -53.9447531363,
                -27.4439489296
              ],
              [
                -53.9447266617,
                -27.4438950864
              ],
              [
                -53.944202309299996,
                -27.444152909799996
              ],
              [
                -53.9435032558,
                -27.4444605859
              ],
              [
                -53.9435274262,
                -27.4445155021
              ],
              [
                -53.9442025505,
                -27.444218358
              ],
              [
                -53.9445850893,
                -27.4448743616
              ],
              [
                -53.9439132718,
                -27.4451960784
              ],
              [
                -53.943939186200005,
                -27.4452501936
              ],
              [
                -53.944616159899994,
                -27.4449260076
              ],
              [
                -53.944858251,
                -27.445313752
              ],
              [
                -53.9448592819,
                -27.4453152948
              ],
              [
                -53.94486680680001,
                -27.4453258352
              ],
              [
                -53.9448775653,
                -27.4453412875
              ],
              [
                -53.9451121088,
                -27.4456990785
              ],
              [
                -53.94412955739999,
                -27.4461715809
              ],
              [
                -53.943759522099995,
                -27.445606617699998
              ],
              [
                -53.9437093299,
                -27.4456394923
              ],
              [
                -53.94407501300001,
                -27.4461978106
              ],
              [
                -53.94340788969999,
                -27.4465186176
              ],
              [
                -53.94340471750001,
                -27.4465203871
              ],
              [
                -53.9434017824,
                -27.446522526899997
              ],
              [
                -53.9430297936,
                -27.4468298794
              ],
              [
                -53.9430680107,
                -27.4468761336
              ],
              [
                -53.94343718390001,
                -27.446571107500002
              ],
              [
                -53.9441318673,
                -27.446237047400004
              ],
              [
                -53.944118866,
                -27.446210011
              ],
              [
                -53.94413186759999,
                -27.4462370473
              ],
              [
                -53.9451679976,
                -27.445738779299997
              ],
              [
                -53.9451582778,
                -27.4457185672
              ],
              [
                -53.9451679977,
                -27.4457387792
              ],
              [
                -53.945650691699996,
                -27.4455066512
              ],
              [
                -53.9456507908,
                -27.4455066033
              ],
              [
                -53.9463251028,
                -27.4451792773
              ],
              [
                -53.94631200420001,
                -27.4451522935
              ],
              [
                -53.9463253435,
                -27.4451791592
              ],
              [
                -53.946370958299994,
                -27.445156510699995
              ],
              [
                -53.94639990870001,
                -27.4451427752
              ],
              [
                -53.9467542881,
                -27.4454325568
              ],
              [
                -53.9467755125,
                -27.4454520851
              ],
              [
                -53.9462117544,
                -27.445741167
              ],
              [
                -53.94608000649999,
                -27.4458087232
              ],
              [
                -53.945844788,
                -27.445911921800004
              ],
              [
                -53.9458441004,
                -27.4459122338
              ],
              [
                -53.94505083560001,
                -27.4462843458
              ],
              [
                -53.9450029911,
                -27.446216516
              ],
              [
                -53.94495396100001,
                -27.4462511
              ],
              [
                -53.94499615749999,
                -27.4463109226
              ],
              [
                -53.94411122790001,
                -27.4467520238
              ],
              [
                -53.9441133658,
                -27.4465752378
              ],
              [
                -53.9440533702,
                -27.4465745122
              ],
              [
                -53.9440506474,
                -27.4467996684
              ],
              [
                -53.9439890064,
                -27.447778085700005
              ],
              [
                -53.9440488877,
                -27.4477818583
              ],
              [
                -53.9441094898,
                -27.4468199309
              ],
              [
                -53.94503032040001,
                -27.4463609345
              ],
              [
                -53.945437139899994,
                -27.446982524099997
              ],
              [
                -53.9443018457,
                -27.4472865904
              ],
              [
                -53.94431736840001,
                -27.4473445476
              ],
              [
                -53.945491779399994,
                -27.4470300046
              ],
              [
                -53.945491925,
                -27.4470299579
              ],
              [
                -53.9455062916,
                -27.447030451399996
              ],
              [
                -53.9456844335,
                -27.447286366
              ],
              [
                -53.94568532809999,
                -27.4472875844
              ],
              [
                -53.94570127720001,
                -27.4473081986
              ],
              [
                -53.9456969316,
                -27.447315934099997
              ],
              [
                -53.9454870413,
                -27.4474605422
              ],
              [
                -53.9454391683,
                -27.447474290499997
              ],
              [
                -53.9454384139,
                -27.4474745179
              ],
              [
                -53.9440949509,
                -27.447898830900005
              ],
              [
                -53.94409449130001,
                -27.4478989801
              ],
              [
                -53.9438520877,
                -27.4479798563
              ],
              [
                -53.9418477635,
                -27.448604815799996
              ],
              [
                -53.94074470710001,
                -27.4489470987
              ],
              [
                -53.9403720806,
                -27.4490586032
              ],
              [
                -53.940370478599995,
                -27.4490591321
              ],
              [
                -53.93990528919999,
                -27.4492273611
              ],
              [
                -53.9397233423,
                -27.4492173028
              ],
              [
                -53.93914970629999,
                -27.4491387301
              ],
              [
                -53.93921576,
                -27.448564970599996
              ],
              [
                -53.9394353967,
                -27.4485896829
              ],
              [
                -53.939442105299996,
                -27.4485300591
              ],
              [
                -53.9391928641,
                -27.4485020158
              ],
              [
                -53.9391492914,
                -27.4484967089
              ],
              [
                -53.939026583,
                -27.447833745000004
              ],
              [
                -53.9389675851,
                -27.447844665
              ],
              [
                -53.939094302099996,
                -27.448529286
              ],
              [
                -53.9390949731,
                -27.4485321296
              ],
              [
                -53.9390959175,
                -27.4485348945
              ],
              [
                -53.9390971264,
                -27.4485375543
              ],
              [
                -53.93909858840001,
                -27.448540084
              ],
              [
                -53.9391002894,
                -27.4485424595
              ],
              [
                -53.93910221349999,
                -27.448544658199996
              ],
              [
                -53.9391043424,
                -27.4485466593
              ],
              [
                -53.9391066558,
                -27.448548443899995
              ],
              [
                -53.9391091318,
                -27.4485499949
              ],
              [
                -53.9391117469,
                -27.4485512978
              ],
              [
                -53.93911447640001,
                -27.448552340099997
              ],
              [
                -53.9391172944,
                -27.4485531119
              ],
              [
                -53.939120174,
                -27.448553605900003
              ],
              [
                -53.93915616729999,
                -27.4485579897
              ],
              [
                -53.93909024759999,
                -27.449130585699997
              ],
              [
                -53.9383451863,
                -27.4490285295
              ],
              [
                -53.938337043699995,
                -27.4490879745
              ],
              [
                -53.93911247370001,
                -27.4491941905
              ],
              [
                -53.939116545,
                -27.449164468
              ],
              [
                -53.939112473799995,
                -27.4491941905
              ],
              [
                -53.9397164028,
                -27.4492769125
              ],
              [
                -53.9397188181,
                -27.4492771443
              ],
              [
                -53.93990808409999,
                -27.449287607299997
              ],
              [
                -53.9399110995,
                -27.449287622199996
              ],
              [
                -53.9399141012,
                -27.449287334300003
              ],
              [
                -53.93991705879999,
                -27.4492867466
              ],
              [
                -53.9399199424,
                -27.4492858649
              ],
              [
                -53.9403900898,
                -27.4491158429
              ],
              [
                -53.9407620534,
                -27.4490045368
              ],
              [
                -53.9407623439,
                -27.449004448299995
              ],
              [
                -53.941865564900006,
                -27.448662114300003
              ],
              [
                -53.9418656041,
                -27.4486621021
              ],
              [
                -53.94387023109999,
                -27.448037048100005
              ],
              [
                -53.9438707958,
                -27.4480368659
              ],
              [
                -53.94411325160001,
                -27.4479559723
              ],
              [
                -53.9454561084,
                -27.4475318508
              ],
              [
                -53.9455083098,
                -27.447516859499995
              ],
              [
                -53.9455113662,
                -27.4475158003
              ],
              [
                -53.945514290700004,
                -27.4475144182
              ],
              [
                -53.9455170495,
                -27.447512729300005
              ],
              [
                -53.9456801408,
                -27.447400364199996
              ],
              [
                -53.9456951915,
                -27.447423260200004
              ],
              [
                -53.9457453291,
                -27.4473903023
              ],
              [
                -53.9457317104,
                -27.447369584700002
              ],
              [
                -53.94574001429999,
                -27.447359272599996
              ],
              [
                -53.945790476300004,
                -27.4473266885
              ],
              [
                -53.9465849843,
                -27.4468232916
              ],
              [
                -53.9465880554,
                -27.4468210615
              ],
              [
                -53.9468269484,
                -27.446623350499998
              ],
              [
                -53.9468294483,
                -27.446621029799996
              ],
              [
                -53.947139206299994,
                -27.4462988093
              ],
              [
                -53.9474784807,
                -27.445986195300005
              ],
              [
                -53.9474581528,
                -27.445964133800004
              ],
              [
                -53.947479183800006,
                -27.445985526
              ],
              [
                -53.9481949008,
                -27.445281893000004
              ]
            ],
            [
              [
                -53.94575427269999,
                -27.447278644300003
              ],
              [
                -53.9457332456,
                -27.4472514668
              ],
              [
                -53.9455469545,
                -27.4469838453
              ],
              [
                -53.94554505880001,
                -27.4469814011
              ],
              [
                -53.9455429216,
                -27.4469791651
              ],
              [
                -53.9455405654,
                -27.4469771611
              ],
              [
                -53.9455380154,
                -27.446975410299995
              ],
              [
                -53.9455352987,
                -27.4469739314
              ],
              [
                -53.9455324442,
                -27.446972740100005
              ],
              [
                -53.9455294821,
                -27.446971849100002
              ],
              [
                -53.9455264441,
                -27.4469712677
              ],
              [
                -53.945523362299994,
                -27.4469710023
              ],
              [
                -53.9455007999,
                -27.4469702273
              ],
              [
                -53.9450848382,
                -27.446334668899997
              ],
              [
                -53.94586923979999,
                -27.4459667146
              ],
              [
                -53.946062657,
                -27.4458818556
              ],
              [
                -53.9460591604,
                -27.446573588199996
              ],
              [
                -53.945666809900004,
                -27.446827385699997
              ],
              [
                -53.9456993981,
                -27.4468777643
              ],
              [
                -53.94610537210001,
                -27.4466151543
              ],
              [
                -53.94608907799999,
                -27.446589965
              ],
              [
                -53.9461071563,
                -27.446613906100005
              ],
              [
                -53.9463153323,
                -27.4464567091
              ],
              [
                -53.9463180448,
                -27.446454395399996
              ],
              [
                -53.94709341720001,
                -27.4457090176
              ],
              [
                -53.947412216,
                -27.445965665799996
              ],
              [
                -53.94709788040001,
                -27.446255300700003
              ],
              [
                -53.9470965817,
                -27.446256572199996
              ],
              [
                -53.9467873776,
                -27.4465782166
              ],
              [
                -53.9465512655,
                -27.446773626099997
              ],
              [
                -53.9457582547,
                -27.4472760744
              ],
              [
                -53.94575803739999,
                -27.4472762134
              ],
              [
                -53.94575427269999,
                -27.447278644300003
              ]
            ],
            [
              [
                -53.947046228199994,
                -27.445671153399996
              ],
              [
                -53.9462777506,
                -27.446409902999996
              ],
              [
                -53.9461193841,
                -27.446529488099998
              ],
              [
                -53.94612279750001,
                -27.445854209499995
              ],
              [
                -53.9462391314,
                -27.4457945571
              ],
              [
                -53.9468255154,
                -27.445493873099995
              ],
              [
                -53.9468303517,
                -27.4454979375
              ],
              [
                -53.9468306169,
                -27.445498157799996
              ],
              [
                -53.9468513919,
                -27.4455152136
              ],
              [
                -53.946851682,
                -27.4455154487
              ],
              [
                -53.947046228199994,
                -27.445671153399996
              ]
            ]
          ]
        ],
        "type": "MultiPolygon"
      }
    },
    {
      "type": "Feature",
      "properties": {
        "obra": "TPA_ILM-02"
      },
      "geometry": {
        "coordinates": [
          [
            [
              [
                -53.94934514172532,
                -27.443731856015535
              ],
              [
                -53.949345711591384,
                -27.443730088731847
              ],
              [
                -53.94948604206757,
                -27.443243857614316
              ],
              [
                -53.94963861916544,
                -27.442806164006242
              ],
              [
                -53.94963945771523,
                -27.442803310641693
              ],
              [
                -53.94964000962585,
                -27.44280038827114
              ],
              [
                -53.94964026947334,
                -27.442797425614522
              ],
              [
                -53.949640234704006,
                -27.44279445178768
              ],
              [
                -53.94963990565956,
                -27.442791496016245
              ],
              [
                -53.9496392855737,
                -27.442788587348424
              ],
              [
                -53.949638380540414,
                -27.44278575436947
              ],
              [
                -53.949637199454024,
                -27.44278302492083
              ],
              [
                -53.94963575392178,
                -27.442780425826456
              ],
              [
                -53.94963405814984,
                -27.442777982629273
              ],
              [
                -53.94963212880357,
                -27.442775719340077
              ],
              [
                -53.94962998484387,
                -27.442773658201617
              ],
              [
                -53.94962764734074,
                -27.442771819469954
              ],
              [
                -53.949625139266274,
                -27.442770221215444
              ],
              [
                -53.94962248526887,
                -27.442768879145124
              ],
              [
                -53.949619711430984,
                -27.442767806448348
              ],
              [
                -53.94961684501284,
                -27.442767013667165
              ],
              [
                -53.94961391418449,
                -27.442766508592726
              ],
              [
                -53.949610947748994,
                -27.442766296188708
              ],
              [
                -53.948551963748976,
                -27.442743108188704
              ],
              [
                -53.948550650276246,
                -27.442803093810223
              ],
              [
                -53.9495683800938,
                -27.4428253784897
              ],
              [
                -53.94942911685984,
                -27.443224878992698
              ],
              [
                -53.949428621433896,
                -27.443226435267107
              ],
              [
                -53.949288322006716,
                -27.443712558802915
              ],
              [
                -53.94922864335471,
                -27.443879735166725
              ],
              [
                -53.94863870309809,
                -27.44355761842004
              ],
              [
                -53.948020607317105,
                -27.44322012429513
              ],
              [
                -53.94816582877655,
                -27.442735801448872
              ],
              [
                -53.94833080879449,
                -27.442249201334658
              ],
              [
                -53.94858499241137,
                -27.441806237136355
              ],
              [
                -53.94858503881892,
                -27.44180615596949
              ],
              [
                -53.94906674381895,
                -27.440960597969458
              ],
              [
                -53.949014610206355,
                -27.44093089802946
              ],
              [
                -53.94853292834642,
                -27.441776415410644
              ],
              [
                -53.94827731461383,
                -27.44222187186261
              ],
              [
                -53.94827599046866,
                -27.44222446298664
              ],
              [
                -53.94827492358351,
                -27.442227170206667
              ],
              [
                -53.948120782419714,
                -27.442681801675626
              ],
              [
                -53.9480668326116,
                -27.44264941748895
              ],
              [
                -53.94779925921068,
                -27.442484420587903
              ],
              [
                -53.94779666064708,
                -27.44248299047138
              ],
              [
                -53.947793933561464,
                -27.442481823950853
              ],
              [
                -53.9477911046119,
                -27.442480932429426
              ],
              [
                -53.94778820145222,
                -27.44248032462198
              ],
              [
                -53.94778525246164,
                -27.44248000647
              ],
              [
                -53.947782286467444,
                -27.442479981083537
              ],
              [
                -53.94777933246307,
                -27.442480248710726
              ],
              [
                -53.94777641932482,
                -27.442480806735464
              ],
              [
                -53.94777357552946,
                -27.44248164970286
              ],
              [
                -53.94777082887593,
                -27.44248276937268
              ],
              [
                -53.94776820621359,
                -27.442484154799814
              ],
              [
                -53.94776573317974,
                -27.442485792441307
              ],
              [
                -53.94776343394901,
                -27.442487666288724
              ],
              [
                -53.94776133099706,
                -27.44248975802465
              ],
              [
                -53.94775944488087,
                -27.44249204720175
              ],
              [
                -53.94770313451853,
                -27.442567724264848
              ],
              [
                -53.94747709972252,
                -27.442430229570157
              ],
              [
                -53.947558933396856,
                -27.442351789514646
              ],
              [
                -53.94756100619812,
                -27.442349591991825
              ],
              [
                -53.94756284749088,
                -27.442347197153076
              ],
              [
                -53.94756443860521,
                -27.44234462928104
              ],
              [
                -53.94820702560526,
                -27.441180460281043
              ],
              [
                -53.94815449641995,
                -27.441151465717887
              ],
              [
                -53.94751411688789,
                -27.442311635468325
              ],
              [
                -53.94742686265545,
                -27.44239527129296
              ],
              [
                -53.94736598075687,
                -27.442344035082485
              ],
              [
                -53.947449096243545,
                -27.442241917685774
              ],
              [
                -53.94745056075044,
                -27.442239960610227
              ],
              [
                -53.94745186106813,
                -27.442237890803703
              ],
              [
                -53.94808865506816,
                -27.44112614280374
              ],
              [
                -53.94803659095704,
                -27.44109632119526
              ],
              [
                -53.94740101490669,
                -27.442205942835486
              ],
              [
                -53.94732744607579,
                -27.442296331014518
              ],
              [
                -53.94705694605156,
                -27.441858267956444
              ],
              [
                -53.94762113091476,
                -27.44086558243967
              ],
              [
                -53.94756896711044,
                -27.440835935559257
              ],
              [
                -53.947020736754894,
                -27.441800549056186
              ],
              [
                -53.94697696986168,
                -27.44173117415379
              ],
              [
                -53.94749044691149,
                -27.440813410884388
              ],
              [
                -53.94743808511366,
                -27.44078411511459
              ],
              [
                -53.94691589811364,
                -27.441717446114612
              ],
              [
                -53.94691459609965,
                -27.4417200653047
              ],
              [
                -53.946913555338156,
                -27.44172279883952
              ],
              [
                -53.94691278572262,
                -27.441725620734104
              ],
              [
                -53.946912294569,
                -27.44172850416353
              ],
              [
                -53.946912086546206,
                -27.441731421717925
              ],
              [
                -53.9469121636317,
                -27.441734345663026
              ],
              [
                -53.94691252509271,
                -27.441737248203818
              ],
              [
                -53.94691316749318,
                -27.44174010174876
              ],
              [
                -53.94691408472648,
                -27.44174287917207
              ],
              [
                -53.94691526807336,
                -27.441745554071556
              ],
              [
                -53.946916706284945,
                -27.44174810101965
              ],
              [
                -53.946996629198615,
                -27.441874786830034
              ],
              [
                -53.94729855829257,
                -27.442363747903503
              ],
              [
                -53.94732408401257,
                -27.44234798599948
              ],
              [
                -53.94730476716689,
                -27.442370939419117
              ],
              [
                -53.94740884916691,
                -27.442458531419106
              ],
              [
                -53.94742816601259,
                -27.442435577999472
              ],
              [
                -53.9474125751921,
                -27.44246120857333
              ],
              [
                -53.94769474819212,
                -27.442632851573325
              ],
              [
                -53.94769739429962,
                -27.442634284524836
              ],
              [
                -53.9477001706487,
                -27.44263544518015
              ],
              [
                -53.94770304930546,
                -27.442636321861475
              ],
              [
                -53.947706001306685,
                -27.442636905748195
              ],
              [
                -53.94770899695117,
                -27.442637190965613
              ],
              [
                -53.947712006098655,
                -27.44263717464405
              ],
              [
                -53.94771284099593,
                -27.4426371281774
              ],
              [
                -53.947715740828244,
                -27.442636824882836
              ],
              [
                -53.9477185975234,
                -27.442636241523754
              ],
              [
                -53.94772138409827,
                -27.442635383610305
              ],
              [
                -53.94772407423208,
                -27.442634259245978
              ],
              [
                -53.94772664251495,
                -27.442632879051033
              ],
              [
                -53.94772906468801,
                -27.442631256062207
              ],
              [
                -53.947731317872424,
                -27.44262940560956
              ],
              [
                -53.94773338078558,
                -27.442627345171665
              ],
              [
                -53.9477352339421,
                -27.442625094210545
              ],
              [
                -53.947791204869766,
                -27.442549944291972
              ],
              [
                -53.948035492814476,
                -27.44270058241109
              ],
              [
                -53.948035799126465,
                -27.442700768778526
              ],
              [
                -53.94810181248275,
                -27.442740394292084
              ],
              [
                -53.947957110169675,
                -27.44322298575202
              ],
              [
                -53.947926264944826,
                -27.443277737992695
              ],
              [
                -53.94792622702434,
                -27.443277805507577
              ],
              [
                -53.94761727966532,
                -27.44382953209715
              ],
              [
                -53.946902997485765,
                -27.442674670362948
              ],
              [
                -53.94725424562046,
                -27.442507065518576
              ],
              [
                -53.947228406404754,
                -27.442452914480434
              ],
              [
                -53.94687124923615,
                -27.44262333893467
              ],
              [
                -53.94637935991828,
                -27.44182803127776
              ],
              [
                -53.94673843341486,
                -27.44165450626917
              ],
              [
                -53.946712326610296,
                -27.441600483729843
              ],
              [
                -53.946347628819126,
                -27.441776726721727
              ],
              [
                -53.94602245144999,
                -27.441250957838474
              ],
              [
                -53.94597142257511,
                -27.441282518160534
              ],
              [
                -53.946310822575086,
                -27.441831283160482
              ],
              [
                -53.94633633701252,
                -27.441815502999454
              ],
              [
                -53.946310822685525,
                -27.441831283339045
              ],
              [
                -53.94681645372159,
                -27.442648809192818
              ],
              [
                -53.946348903353694,
                -27.44286162683226
              ],
              [
                -53.94550880514307,
                -27.441484015539025
              ],
              [
                -53.945457578882035,
                -27.441515254459933
              ],
              [
                -53.94631151988207,
                -27.44291556545993
              ],
              [
                -53.94631314739306,
                -27.442917965157495
              ],
              [
                -53.94631499896546,
                -27.442920196529286
              ],
              [
                -53.94631705730283,
                -27.44292223873097
              ],
              [
                -53.94631930317722,
                -27.442924072685333
              ],
              [
                -53.94632171560883,
                -27.442925681260522
              ],
              [
                -53.94632427206195,
                -27.442927049430047
              ],
              [
                -53.94632694865551,
                -27.442928164413157
              ],
              [
                -53.94632972038613,
                -27.442929015794263
              ],
              [
                -53.94633256136173,
                -27.442929595620182
              ],
              [
                -53.946335445043346,
                -27.442929898474496
              ],
              [
                -53.94633834449311,
                -27.442929921528073
              ],
              [
                -53.94634123262584,
                -27.442929664565582
              ],
              [
                -53.94634408246208,
                -27.44292912998741
              ],
              [
                -53.946346867380115,
                -27.442928322787328
              ],
              [
                -53.946349561364656,
                -27.442927250505786
              ],
              [
                -53.946848269834796,
                -27.442700250450454
              ],
              [
                -53.947582604994,
                -27.44388753413151
              ],
              [
                -53.94728068303254,
                -27.44436638346414
              ],
              [
                -53.94718026181684,
                -27.44445885081273
              ],
              [
                -53.9471781828811,
                -27.444460964195585
              ],
              [
                -53.94717632267918,
                -27.44446327244377
              ],
              [
                -53.94717469937566,
                -27.44446575301762
              ],
              [
                -53.947173328821854,
                -27.4444683816947
              ],
              [
                -53.94717222440101,
                -27.444471132806388
              ],
              [
                -53.94717139689763,
                -27.444473979488507
              ],
              [
                -53.94717085439215,
                -27.44447689394364
              ],
              [
                -53.947170602182055,
                -27.444479847712582
              ],
              [
                -53.947170642730136,
                -27.444482811952245
              ],
              [
                -53.94717097564044,
                -27.444485757717278
              ],
              [
                -53.94717159766218,
                -27.44448865624275
              ],
              [
                -53.94717250272137,
                -27.444491479224997
              ],
              [
                -53.94717368198026,
                -27.44449419909804
              ],
              [
                -53.947175123923586,
                -27.44449678930274
              ],
              [
                -53.947176814470986,
                -27.44449922454614
              ],
              [
                -53.94717873711451,
                -27.444501481048473
              ],
              [
                -53.94718087307987,
                -27.444503536775343
              ],
              [
                -53.94718320150966,
                -27.444505371652884
              ],
              [
                -53.94718569966715,
                -27.44450696776381
              ],
              [
                -53.94775755301744,
                -27.44483371714831
              ],
              [
                -53.94746233424226,
                -27.445113229197467
              ],
              [
                -53.9475035857829,
                -27.44515679880149
              ],
              [
                -53.94781221289624,
                -27.444864591787137
              ],
              [
                -53.94797944882126,
                -27.444957066592647
              ],
              [
                -53.948008483203964,
                -27.444904559406268
              ],
              [
                -53.94782222500138,
                -27.444801566038926
              ],
              [
                -53.947251067986706,
                -27.444475214531327
              ],
              [
                -53.94732425620836,
                -27.444407823186197
              ],
              [
                -53.94732611752607,
                -27.444405951427434
              ],
              [
                -53.9473278071022,
                -27.44440392329605
              ],
              [
                -53.947329311855725,
                -27.444401754494248
              ],
              [
                -53.94764335085573,
                -27.44390368749428
              ],
              [
                -53.94761797401261,
                -27.443887686999496
              ],
              [
                -53.947643351156124,
                -27.443903687017837
              ],
              [
                -53.94765340115614,
                -27.44388774701781
              ],
              [
                -53.947654199588115,
                -27.44388640439513
              ],
              [
                -53.94797855925807,
                -27.443307154081843
              ],
              [
                -53.94799649370162,
                -27.443275319301115
              ],
              [
                -53.94858040310052,
                -27.443594146896555
              ],
              [
                -53.94818429333967,
                -27.444155208572898
              ],
              [
                -53.94823330868558,
                -27.444189813426092
              ],
              [
                -53.94863341422791,
                -27.443623092005694
              ],
              [
                -53.9492048426786,
                -27.443935101012425
              ],
              [
                -53.948928805943574,
                -27.444462552574304
              ],
              [
                -53.94898196608171,
                -27.444490373424646
              ],
              [
                -53.94927167008173,
                -27.443936806424638
              ],
              [
                -53.949245090012674,
                -27.443922895999467
              ],
              [
                -53.94927334372535,
                -27.443932982015507
              ],
              [
                -53.94934514172532,
                -27.443731856015535
              ]
            ]
          ]
        ],
        "type": "MultiPolygon"
      }
    },
    {
      "type": "Feature",
      "properties": {
        "obra": "TPA_LOT-01"
      },
      "geometry": {
        "coordinates": [
          [
            [
              [
                -53.9546282665,
                -27.4439366975
              ],
              [
                -53.9546589296,
                -27.4438851245
              ],
              [
                -53.954177594099995,
                -27.4435989432
              ],
              [
                -53.9544855667,
                -27.443211962199996
              ],
              [
                -53.9544862573,
                -27.4432110599
              ],
              [
                -53.9545253444,
                -27.4431579345
              ],
              [
                -53.9545901795,
                -27.4431803838
              ],
              [
                -53.9556287715,
                -27.443887682500005
              ],
              [
                -53.955938803,
                -27.4441579276
              ],
              [
                -53.95580708,
                -27.4443127449
              ],
              [
                -53.9543436941,
                -27.4452202566
              ],
              [
                -53.95437531590001,
                -27.4452712474
              ],
              [
                -53.9558426949,
                -27.4443612594
              ],
              [
                -53.9558452461,
                -27.444359488100005
              ],
              [
                -53.9558476005,
                -27.444357462599996
              ],
              [
                -53.9558497328,
                -27.4443552044
              ],
              [
                -53.9560037098,
                -27.4441742314
              ],
              [
                -53.9560054925,
                -27.4441719167
              ],
              [
                -53.9560070416,
                -27.4441694395
              ],
              [
                -53.95600834230001,
                -27.444166823399996
              ],
              [
                -53.9560093824,
                -27.444164093100003
              ],
              [
                -53.956010152,
                -27.4441612746
              ],
              [
                -53.9560106438,
                -27.4441583947
              ],
              [
                -53.956010853100004,
                -27.444155480499997
              ],
              [
                -53.9560107779,
                -27.4441525599
              ],
              [
                -53.956010419,
                -27.444149660300003
              ],
              [
                -53.956009779800006,
                -27.4441468095
              ],
              [
                -53.9560088663,
                -27.444144034300002
              ],
              [
                -53.9560076871,
                -27.4441413612
              ],
              [
                -53.95600625349999,
                -27.4441388154
              ],
              [
                -53.9560045791,
                -27.4441364212
              ],
              [
                -53.9560026798,
                -27.444134201100002
              ],
              [
                -53.9560005735,
                -27.4441321764
              ],
              [
                -53.9556668485,
                -27.4438412784
              ],
              [
                -53.9556640226,
                -27.4438390969
              ],
              [
                -53.9546206536,
                -27.4431285449
              ],
              [
                -53.9546184043,
                -27.443127154099997
              ],
              [
                -53.9546160412,
                -27.4431259668
              ],
              [
                -53.95461358280001,
                -27.4431249923
              ],
              [
                -53.9545240929,
                -27.4430940063
              ],
              [
                -53.9545240928,
                -27.4430940063
              ],
              [
                -53.9536993253,
                -27.442808426899997
              ],
              [
                -53.9537014929,
                -27.4427913941
              ],
              [
                -53.9537017184,
                -27.442788538
              ],
              [
                -53.9537016705,
                -27.442785673399996
              ],
              [
                -53.953701349499994,
                -27.4427828264
              ],
              [
                -53.95370075849999,
                -27.442780023
              ],
              [
                -53.9536999027,
                -27.4427772888
              ],
              [
                -53.9536987899,
                -27.442774648699995
              ],
              [
                -53.95369743050001,
                -27.4427721267
              ],
              [
                -53.953695836600005,
                -27.442769746
              ],
              [
                -53.953694022899995,
                -27.4427675281
              ],
              [
                -53.9536920059,
                -27.442765493399996
              ],
              [
                -53.953689804,
                -27.4427636604
              ],
              [
                -53.9536874373,
                -27.4427620457
              ],
              [
                -53.9536849274,
                -27.4427606642
              ],
              [
                -53.9536822971,
                -27.442759528500005
              ],
              [
                -53.95364291380001,
                -27.442744710900005
              ],
              [
                -53.9536217853,
                -27.442800867699997
              ],
              [
                -53.9536389801,
                -27.442807337
              ],
              [
                -53.9536377687,
                -27.442816856200004
              ],
              [
                -53.95302223029999,
                -27.4436068564
              ],
              [
                -53.953045895,
                -27.443625295000004
              ],
              [
                -53.9530209155,
                -27.443608681000004
              ],
              [
                -53.9529530116,
                -27.4437107756
              ],
              [
                -53.9529079309,
                -27.443768700599996
              ],
              [
                -53.9528617971,
                -27.443744450700002
              ],
              [
                -53.952859750200005,
                -27.4437428173
              ],
              [
                -53.95285718569999,
                -27.443741166899997
              ],
              [
                -53.95281943370001,
                -27.4437195029
              ],
              [
                -53.95280450199999,
                -27.443745523000004
              ],
              [
                -53.9528142727,
                -27.4437171587
              ],
              [
                -53.9522729707,
                -27.4435306947
              ],
              [
                -53.9522534293,
                -27.4435874233
              ],
              [
                -53.9527547087,
                -27.4437601006
              ],
              [
                -53.95242581749999,
                -27.444175704999996
              ],
              [
                -53.9524238724,
                -27.444176658
              ],
              [
                -53.952421401900004,
                -27.4441781808
              ],
              [
                -53.9524190901,
                -27.4441799352
              ],
              [
                -53.9524169586,
                -27.444181904700002
              ],
              [
                -53.952415027300006,
                -27.444184071
              ],
              [
                -53.952410711000006,
                -27.444189411800004
              ],
              [
                -53.95124625850001,
                -27.4437668524
              ],
              [
                -53.9512257915,
                -27.4438232536
              ],
              [
                -53.9523708246,
                -27.4442387661
              ],
              [
                -53.9523346173,
                -27.4442835683
              ],
              [
                -53.95174624199999,
                -27.4440874432
              ],
              [
                -53.951615728,
                -27.444039256
              ],
              [
                -53.9516157277,
                -27.4440392559
              ],
              [
                -53.951154701,
                -27.443869035
              ],
              [
                -53.951133919,
                -27.443925321
              ],
              [
                -53.95156345669999,
                -27.444083915499995
              ],
              [
                -53.9513175221,
                -27.4445731403
              ],
              [
                -53.9509246082,
                -27.444424190999996
              ],
              [
                -53.9509033398,
                -27.444480295
              ],
              [
                -53.9513112677,
                -27.4446349359
              ],
              [
                -53.9513122179,
                -27.4446357988
              ],
              [
                -53.9513146172,
                -27.4446375767
              ],
              [
                -53.9513171814,
                -27.4446391072
              ],
              [
                -53.9513198851,
                -27.4446403752
              ],
              [
                -53.9513227014,
                -27.444641368199996
              ],
              [
                -53.951325602500006,
                -27.4446420762
              ],
              [
                -53.95132855960001,
                -27.4446424923
              ],
              [
                -53.951331543500004,
                -27.4446426124
              ],
              [
                -53.9513345244,
                -27.4446424352
              ],
              [
                -53.951337472999995,
                -27.4446419625
              ],
              [
                -53.95134036,
                -27.444641198999996
              ],
              [
                -53.9513431568,
                -27.4446401523
              ],
              [
                -53.951345835699996,
                -27.4446388327
              ],
              [
                -53.9513483701,
                -27.444637253300005
              ],
              [
                -53.951350735000005,
                -27.4446354298
              ],
              [
                -53.9513529068,
                -27.4446333802
              ],
              [
                -53.9513548641,
                -27.4446311249
              ],
              [
                -53.9513565875,
                -27.4446286861
              ],
              [
                -53.95135805990001,
                -27.444626088100005
              ],
              [
                -53.9516200984,
                -27.4441048285
              ],
              [
                -53.9516942555,
                -27.4441322082
              ],
              [
                -53.9514239382,
                -27.4446630844
              ],
              [
                -53.9514774058,
                -27.4446903096
              ],
              [
                -53.951751314700005,
                -27.4441523797
              ],
              [
                -53.9522943517,
                -27.444333392
              ],
              [
                -53.9522058422,
                -27.4444429112
              ],
              [
                -53.9522525079,
                -27.4444806248
              ],
              [
                -53.952368203899994,
                -27.444337465800004
              ],
              [
                -53.95235158599999,
                -27.4443240358
              ],
              [
                -53.952368203899994,
                -27.4443374657
              ],
              [
                -53.9524439257,
                -27.444243768999996
              ],
              [
                -53.9524439259,
                -27.4442437687
              ],
              [
                -53.9524552747,
                -27.4442297263
              ],
              [
                -53.95245758120001,
                -27.4442285833
              ],
              [
                -53.9524600755,
                -27.444227025899995
              ],
              [
                -53.9524624053,
                -27.4442252318
              ],
              [
                -53.9524645483,
                -27.444223218300003
              ],
              [
                -53.9524664839,
                -27.444221004599996
              ],
              [
                -53.9528119879,
                -27.4437844074
              ],
              [
                -53.9528217363,
                -27.443790001499995
              ],
              [
                -53.9528232193,
                -27.443791319699997
              ],
              [
                -53.9528255724,
                -27.4437930339
              ],
              [
                -53.9528280806,
                -27.443794511899995
              ],
              [
                -53.9528704621,
                -27.4438167895
              ],
              [
                -53.95255067099999,
                -27.444226892999996
              ],
              [
                -53.9525489979,
                -27.4442292672
              ],
              [
                -53.9525475623,
                -27.4442317921
              ],
              [
                -53.9525463775,
                -27.444234444099997
              ],
              [
                -53.9525454548,
                -27.444237198100005
              ],
              [
                -53.952544802700004,
                -27.444240028499998
              ],
              [
                -53.95254442729999,
                -27.4442429087
              ],
              [
                -53.9525443323,
                -27.4442458117
              ],
              [
                -53.9525445184,
                -27.444248710299995
              ],
              [
                -53.952544984,
                -27.444251577299998
              ],
              [
                -53.9525457246,
                -27.444254385800004
              ],
              [
                -53.952546733400006,
                -27.4442571095
              ],
              [
                -53.9525480008,
                -27.4442597229
              ],
              [
                -53.9525495151,
                -27.444262201500003
              ],
              [
                -53.9525512619,
                -27.4442645221
              ],
              [
                -53.9525532249,
                -27.4442666629
              ],
              [
                -53.9525553858,
                -27.4442686037
              ],
              [
                -53.9525577242,
                -27.4442703266
              ],
              [
                -53.95256021829999,
                -27.4442718152
              ],
              [
                -53.9525628446,
                -27.4442730556
              ],
              [
                -53.9525642989,
                -27.4442735773
              ],
              [
                -53.9532505309,
                -27.444691491499995
              ],
              [
                -53.9532817391,
                -27.444640246499997
              ],
              [
                -53.9526191061,
                -27.444236704
              ],
              [
                -53.95293984759999,
                -27.443825381700005
              ],
              [
                -53.95291619,
                -27.443806934
              ],
              [
                -53.952939865,
                -27.4438253593
              ],
              [
                -53.952984363000006,
                -27.4437681831
              ],
              [
                -53.9538682413,
                -27.4443251501
              ],
              [
                -53.95390022869999,
                -27.444274387899995
              ],
              [
                -53.9530193809,
                -27.4437193305
              ],
              [
                -53.9530546117,
                -27.4436663604
              ],
              [
                -53.953720904499995,
                -27.4440892658
              ],
              [
                -53.95375305750001,
                -27.444038608199996
              ],
              [
                -53.9530898663,
                -27.4436176715
              ],
              [
                -53.9536769602,
                -27.442864177800004
              ],
              [
                -53.9544659781,
                -27.4431373788
              ],
              [
                -53.95443826550001,
                -27.4431750444
              ],
              [
                -53.9541197733,
                -27.4435752438
              ],
              [
                -53.9541195309,
                -27.4435755526
              ],
              [
                -53.95410918889999,
                -27.4435889026
              ],
              [
                -53.954132904999994,
                -27.443607275
              ],
              [
                -53.95410918809999,
                -27.4435889036
              ],
              [
                -53.9540506674,
                -27.4436644517
              ],
              [
                -53.953905599,
                -27.4438440748
              ],
              [
                -53.953952277,
                -27.4438817732
              ],
              [
                -53.9540809424,
                -27.443722460299995
              ],
              [
                -53.95456990950001,
                -27.4440237751
              ],
              [
                -53.9546013865,
                -27.443972694899998
              ],
              [
                -53.9541183602,
                -27.443675041
              ],
              [
                -53.954140376199994,
                -27.443646619
              ],
              [
                -53.9546282665,
                -27.4439366975
              ]
            ]
          ]
        ],
        "type": "MultiPolygon"
      }
    },
    {
      "type": "Feature",
      "properties": {
        "obra": "TPA_ERV-01"
      },
      "geometry": {
        "coordinates": [
          [
            [
              [
                -53.94252267429831,
                -27.45763215004346
              ],
              [
                -53.942568201726615,
                -27.45759306995554
              ],
              [
                -53.94168023006615,
                -27.45655860283271
              ],
              [
                -53.942387540853865,
                -27.45658162856637
              ],
              [
                -53.94316111609932,
                -27.45662356401566
              ],
              [
                -53.943164363925575,
                -27.456563651983277
              ],
              [
                -53.94239046492558,
                -27.456521698983277
              ],
              [
                -53.94238981711275,
                -27.456521670883205
              ],
              [
                -53.941614027112706,
                -27.456496415883247
              ],
              [
                -53.9416130510124,
                -27.456526399999515
              ],
              [
                -53.94161400882508,
                -27.45649641529349
              ],
              [
                -53.941323698977534,
                -27.456487141817476
              ],
              [
                -53.94136345777517,
                -27.45580458310892
              ],
              [
                -53.942179840636946,
                -27.45584560020641
              ],
              [
                -53.94218285138797,
                -27.455785675792534
              ],
              [
                -53.94136822110234,
                -27.45574474674881
              ],
              [
                -53.941441006645675,
                -27.454982317932668
              ],
              [
                -53.942214187488965,
                -27.45500349874902
              ],
              [
                -53.94221583053587,
                -27.454943521249934
              ],
              [
                -53.941447750859645,
                -27.454922480176936
              ],
              [
                -53.941529016426166,
                -27.454221490755593
              ],
              [
                -53.94146941559866,
                -27.454214581243317
              ],
              [
                -53.94138763800999,
                -27.454919987321343
              ],
              [
                -53.939383564076984,
                -27.454815965330386
              ],
              [
                -53.939380453947784,
                -27.454875884668635
              ],
              [
                -53.94138098162205,
                -27.45497972259009
              ],
              [
                -53.94130821558721,
                -27.455741947054545
              ],
              [
                -53.93921393223363,
                -27.45564325125741
              ],
              [
                -53.939211107791074,
                -27.455703184741576
              ],
              [
                -53.94130351863469,
                -27.45580179229427
              ],
              [
                -53.94126373090943,
                -27.45648484761757
              ],
              [
                -53.94032784173913,
                -27.456433279965378
              ],
              [
                -53.94036147253982,
                -27.455966226611068
              ],
              [
                -53.94030162748492,
                -27.455961917387945
              ],
              [
                -53.94026792594051,
                -27.456429953207422
              ],
              [
                -53.939081556242606,
                -27.456363561865217
              ],
              [
                -53.93907820378208,
                -27.456423468133746
              ],
              [
                -53.940294051782125,
                -27.456491509133762
              ],
              [
                -53.94029572801239,
                -27.4564615559995
              ],
              [
                -53.940294077510885,
                -27.456491510562504
              ],
              [
                -53.94126003531826,
                -27.456544735001707
              ],
              [
                -53.941216165291415,
                -27.457245003162
              ],
              [
                -53.940245198786506,
                -27.45719497165296
              ],
              [
                -53.93908087977806,
                -27.45713209365068
              ],
              [
                -53.93907764424663,
                -27.457192006348304
              ],
              [
                -53.94021217184839,
                -27.457253275492423
              ],
              [
                -53.94018473801337,
                -27.457805128472376
              ],
              [
                -53.940244664011374,
                -27.457808107526585
              ],
              [
                -53.94027208878477,
                -27.457256436828047
              ],
              [
                -53.941212404817364,
                -27.45730488899385
              ],
              [
                -53.94116555393349,
                -27.458045554473568
              ],
              [
                -53.9402149948401,
                -27.457980136220883
              ],
              [
                -53.94020823114538,
                -27.45797431876194
              ],
              [
                -53.940206002162164,
                -27.457972577487904
              ],
              [
                -53.94020361909555,
                -27.457971053875426
              ],
              [
                -53.94020110312942,
                -27.457969761468412
              ],
              [
                -53.940198476629035,
                -27.4579687117555
              ],
              [
                -53.94019576294223,
                -27.457967914067936
              ],
              [
                -53.940192986191896,
                -27.457967375496647
              ],
              [
                -53.940190171061474,
                -27.45796710082916
              ],
              [
                -53.940172370089634,
                -27.45796620822964
              ],
              [
                -53.94016936526668,
                -27.458026132941058
              ],
              [
                -53.94017169440487,
                -27.458026249731738
              ],
              [
                -53.94013862585477,
                -27.45848439825802
              ],
              [
                -53.94019847017002,
                -27.458488717740945
              ],
              [
                -53.94023075963271,
                -27.45804136308808
              ],
              [
                -53.941161583415585,
                -27.458105423140584
              ],
              [
                -53.94112341740868,
                -27.458642736418994
              ],
              [
                -53.94118326661613,
                -27.45864698758001
              ],
              [
                -53.94122149719978,
                -27.458108765169197
              ],
              [
                -53.94228342007051,
                -27.458153154823673
              ],
              [
                -53.94228592595437,
                -27.458093207175303
              ],
              [
                -53.94122546358374,
                -27.458048878571486
              ],
              [
                -53.94127234145434,
                -27.457307786458905
              ],
              [
                -53.9420446445637,
                -27.45734385234077
              ],
              [
                -53.94204744346113,
                -27.45728391765822
              ],
              [
                -53.94127610164646,
                -27.457247896667976
              ],
              [
                -53.941320007632974,
                -27.45654705450705
              ],
              [
                -53.94159889084039,
                -27.456555962977628
              ],
              [
                -53.94252267429831,
                -27.45763215004346
              ]
            ]
          ]
        ],
        "type": "MultiPolygon"
      }
    },
    {
      "type": "Feature",
      "properties": {
        "obra": "TPA_PDG-02"
      },
      "geometry": {
        "coordinates": [
          [
            [
              [
                -53.9703754720676,
                -27.43385340307852
              ],
              [
                -53.97041862795902,
                -27.433811718920424
              ],
              [
                -53.96979138295896,
                -27.433162327920396
              ],
              [
                -53.96976980501325,
                -27.43318316999944
              ],
              [
                -53.969791355765864,
                -27.43316229980391
              ],
              [
                -53.96900636494654,
                -27.43235171118612
              ],
              [
                -53.968213886115116,
                -27.43153242056342
              ],
              [
                -53.968192323013255,
                -27.431553277999456
              ],
              [
                -53.96821277653054,
                -27.431531331390836
              ],
              [
                -53.96782621353053,
                -27.43117106739085
              ],
              [
                -53.967823893645,
                -27.431169114807034
              ],
              [
                -53.96782138850521,
                -27.431167406378762
              ],
              [
                -53.96741846950519,
                -27.43092150237876
              ],
              [
                -53.96738721252122,
                -27.430972717620172
              ],
              [
                -53.96778753327877,
                -27.43121703589646
              ],
              [
                -53.968146186919334,
                -27.431551289291498
              ],
              [
                -53.967098030580615,
                -27.43237157721322
              ],
              [
                -53.966834108248364,
                -27.432569936150912
              ],
              [
                -53.96683183853473,
                -27.432567583970968
              ],
              [
                -53.96681281876669,
                -27.43258593691497
              ],
              [
                -53.966803416314335,
                -27.432593003616923
              ],
              [
                -53.96680207743063,
                -27.432594071025196
              ],
              [
                -53.96680069586651,
                -27.432595238475944
              ],
              [
                -53.966796870835566,
                -27.43259829920493
              ],
              [
                -53.96679595768481,
                -27.432594545962175
              ],
              [
                -53.96679560280492,
                -27.432594439969353
              ],
              [
                -53.96679368994847,
                -27.43260084450024
              ],
              [
                -53.96623855453224,
                -27.433045055038985
              ],
              [
                -53.9662760414941,
                -27.433091902959866
              ],
              [
                -53.966817717227386,
                -27.432658462645524
              ],
              [
                -53.967594175278656,
                -27.43342107817791
              ],
              [
                -53.967018571863335,
                -27.433858713669736
              ],
              [
                -53.967018571863335,
                -27.433858713669736
              ],
              [
                -53.96657701002861,
                -27.434194431544103
              ],
              [
                -53.966576444633915,
                -27.43419487216941
              ],
              [
                -53.96639037163389,
                -27.43434349016938
              ],
              [
                -53.96548663885248,
                -27.43506529499476
              ],
              [
                -53.965524083173754,
                -27.43511217700415
              ],
              [
                -53.96638800376373,
                -27.434422169887643
              ],
              [
                -53.96677492074292,
                -27.436711679499854
              ],
              [
                -53.96683408188375,
                -27.436701681529208
              ],
              [
                -53.96644161788665,
                -27.434379348465214
              ],
              [
                -53.966613609327425,
                -27.43424197751975
              ],
              [
                -53.96703261170195,
                -27.433923411521807
              ],
              [
                -53.96775672533212,
                -27.43474956711563
              ],
              [
                -53.96775883853587,
                -27.43475174523561
              ],
              [
                -53.96776116098176,
                -27.434753698715017
              ],
              [
                -53.96776366890386,
                -27.43475540756361
              ],
              [
                -53.96807454490387,
                -27.434944947563608
              ],
              [
                -53.9680769839957,
                -27.434946283692504
              ],
              [
                -53.96807953633662,
                -27.434947388212844
              ],
              [
                -53.96808217999236,
                -27.434948251632626
              ],
              [
                -53.968084892243894,
                -27.434948866531798
              ],
              [
                -53.96808764978271,
                -27.43494922762605
              ],
              [
                -53.96830948278273,
                -27.43496786962604
              ],
              [
                -53.9683131392644,
                -27.43496795316968
              ],
              [
                -53.96882331126444,
                -27.434948480169673
              ],
              [
                -53.9688210227621,
                -27.434888523829247
              ],
              [
                -53.96831268155393,
                -27.434907926948878
              ],
              [
                -53.96809973191209,
                -27.43489003147246
              ],
              [
                -53.96779882164501,
                -27.43470656754467
              ],
              [
                -53.96708049042716,
                -27.433887009219678
              ],
              [
                -53.96764762346441,
                -27.433455813818327
              ],
              [
                -53.96764837025288,
                -27.433455697942932
              ],
              [
                -53.9676512241592,
                -27.43345496248305
              ],
              [
                -53.96765399213123,
                -27.433453950547634
              ],
              [
                -53.96765664745598,
                -27.43345267190262
              ],
              [
                -53.9676591645075,
                -27.43345113888791
              ],
              [
                -53.96766151899437,
                -27.433449366298255
              ],
              [
                -53.967663688193994,
                -27.43344737124049
              ],
              [
                -53.967665651171956,
                -27.433445172968426
              ],
              [
                -53.967667388984026,
                -27.43344279269708
              ],
              [
                -53.967668884858995,
                -27.433440253397848
              ],
              [
                -53.96767012436054,
                -27.43343757957691
              ],
              [
                -53.96767109552654,
                -27.433434797038657
              ],
              [
                -53.9676717889845,
                -27.433431932636704
              ],
              [
                -53.96767219804202,
                -27.43342901401469
              ],
              [
                -53.96767231875138,
                -27.433426069339536
              ],
              [
                -53.96767214994766,
                -27.43342312702959
              ],
              [
                -53.96767169325993,
                -27.433420215480375
              ],
              [
                -53.967670953095585,
                -27.433417362790554
              ],
              [
                -53.96766993659776,
                -27.433414596490735
              ],
              [
                -53.967668653576425,
                -27.433411943277818
              ],
              [
                -53.967667116413736,
                -27.433409428757315
              ],
              [
                -53.96766533994446,
                -27.43340707719626
              ],
              [
                -53.96766334131286,
                -27.433404911289
              ],
              [
                -53.966865561109586,
                -27.43262135373112
              ],
              [
                -53.96711346526679,
                -27.43243503374503
              ],
              [
                -53.96798849161145,
                -27.433312346402648
              ],
              [
                -53.968230603070445,
                -27.433566928098372
              ],
              [
                -53.96827408095605,
                -27.43352557990055
              ],
              [
                -53.96803172349941,
                -27.433270739536773
              ],
              [
                -53.968031225419274,
                -27.433270228127586
              ],
              [
                -53.96716142463144,
                -27.432398154680396
              ],
              [
                -53.96818953996106,
                -27.431593550867152
              ],
              [
                -53.96894072022401,
                -27.43237014567448
              ],
              [
                -53.968274624070666,
                -27.432922073689515
              ],
              [
                -53.968312905955756,
                -27.43296827430935
              ],
              [
                -53.96898257119906,
                -27.43241338894241
              ],
              [
                -53.96972536113806,
                -27.433180400549613
              ],
              [
                -53.96864461790082,
                -27.434048959839743
              ],
              [
                -53.96868220412568,
                -27.434095728159164
              ],
              [
                -53.96976725235226,
                -27.43322370908472
              ],
              [
                -53.9703754720676,
                -27.43385340307852
              ]
            ]
          ]
        ],
        "type": "MultiPolygon"
      }
    },
    {
      "type": "Feature",
      "properties": {
        "obra": "TPA_PDG-01"
      },
      "geometry": {
        "coordinates": [
          [
            [
              [
                -53.96993929918398,
                -27.43763669198953
              ],
              [
                -53.969902970842554,
                -27.43758894000937
              ],
              [
                -53.9694709387238,
                -27.437917617694836
              ],
              [
                -53.969183813750874,
                -27.43762908648751
              ],
              [
                -53.969503118422146,
                -27.437412314630397
              ],
              [
                -53.9694694176044,
                -27.43736267336849
              ],
              [
                -53.96914113921918,
                -27.437585537365223
              ],
              [
                -53.96887335162245,
                -27.437306161713245
              ],
              [
                -53.96883003640405,
                -27.437347680285654
              ],
              [
                -53.96911536240405,
                -27.437645353285646
              ],
              [
                -53.96913702001325,
                -27.43762459399944
              ],
              [
                -53.96911575505286,
                -27.43764575531933
              ],
              [
                -53.96942279581035,
                -27.43795429985154
              ],
              [
                -53.968384165212456,
                -27.43874661218984
              ],
              [
                -53.96837619288369,
                -27.4387520656083
              ],
              [
                -53.967617640242175,
                -27.43800535826449
              ],
              [
                -53.967658815832124,
                -27.437974617045267
              ],
              [
                -53.96873446039301,
                -27.43718904659413
              ],
              [
                -53.96876804668944,
                -27.43716517937268
              ],
              [
                -53.96876804668944,
                -27.437165179372688
              ],
              [
                -53.969182164689435,
                -27.436870900372686
              ],
              [
                -53.969147409337076,
                -27.4368219916262
              ],
              [
                -53.96875438735823,
                -27.43710127944976
              ],
              [
                -53.96852643940955,
                -27.43686383981194
              ],
              [
                -53.96852643940955,
                -27.436863839811938
              ],
              [
                -53.96829963740956,
                -27.43662759281198
              ],
              [
                -53.968256354616955,
                -27.43666914518694
              ],
              [
                -53.96846080140161,
                -27.43688210600531
              ],
              [
                -53.9680674548919,
                -27.43720795235218
              ],
              [
                -53.96810573113454,
                -27.43725415764677
              ],
              [
                -53.968502465355684,
                -27.436925504936134
              ],
              [
                -53.96870494410479,
                -27.437136414844012
              ],
              [
                -53.96869954621526,
                -27.437140250712766
              ],
              [
                -53.96869923052712,
                -27.437140478143505
              ],
              [
                -53.96762330137491,
                -27.437926256438885
              ],
              [
                -53.967623047391584,
                -27.437926443986594
              ],
              [
                -53.967574832838515,
                -27.437962440414275
              ],
              [
                -53.966697550561946,
                -27.437061173512813
              ],
              [
                -53.966725653057985,
                -27.437040480711815
              ],
              [
                -53.966727059473016,
                -27.437039379062995
              ],
              [
                -53.96685389948099,
                -27.436933782643678
              ],
              [
                -53.967815194561375,
                -27.43619649466151
              ],
              [
                -53.96781739173481,
                -27.43619463548566
              ],
              [
                -53.96781940063149,
                -27.43619257431122
              ],
              [
                -53.9678212027604,
                -27.436190330110392
              ],
              [
                -53.96782278153373,
                -27.43618792354007
              ],
              [
                -53.96782412241956,
                -27.436185376751673
              ],
              [
                -53.96782521307563,
                -27.436182713187275
              ],
              [
                -53.967826043462935,
                -27.43617995736383
              ],
              [
                -53.96782660593809,
                -27.43617713464747
              ],
              [
                -53.9678268953238,
                -27.43617427102008
              ],
              [
                -53.967826908956376,
                -27.43617139284008
              ],
              [
                -53.967826646710336,
                -27.436168526599864
              ],
              [
                -53.96782611099954,
                -27.436165698681922
              ],
              [
                -53.96782530675498,
                -27.436162935115995
              ],
              [
                -53.96782424137936,
                -27.436160261339506
              ],
              [
                -53.96782292467901,
                -27.43615770196338
              ],
              [
                -53.96782136877358,
                -27.43615528054557
              ],
              [
                -53.96781958798448,
                -27.436153019374164
              ],
              [
                -53.967817598703114,
                -27.436150939262237
              ],
              [
                -53.967257436703086,
                -27.435618824262235
              ],
              [
                -53.967216113323275,
                -27.4356623257367
              ],
              [
                -53.96775081584445,
                -27.436170255999812
              ],
              [
                -53.96685912429496,
                -27.436854159908865
              ],
              [
                -53.966853792713735,
                -27.436806042748493
              ],
              [
                -53.96685344965121,
                -27.436803755889454
              ],
              [
                -53.96683397576604,
                -27.436701089750954
              ],
              [
                -53.966775026860624,
                -27.436712271278104
              ],
              [
                -53.966794285113075,
                -27.43681380060295
              ],
              [
                -53.966803571578325,
                -27.436897610324515
              ],
              [
                -53.966689357437474,
                -27.43699269549916
              ],
              [
                -53.96665524259685,
                -27.43701781538912
              ],
              [
                -53.96586578291542,
                -27.436211376546336
              ],
              [
                -53.96575565169448,
                -27.436092037389564
              ],
              [
                -53.9651555577136,
                -27.435442202123355
              ],
              [
                -53.965155207300825,
                -27.4354418291
              ],
              [
                -53.96513624171182,
                -27.435421981754395
              ],
              [
                -53.96511317275951,
                -27.435395851244166
              ],
              [
                -53.96509068301314,
                -27.435415705999464
              ],
              [
                -53.96508809071379,
                -27.435395919023005
              ],
              [
                -53.96509638860402,
                -27.435399210187324
              ],
              [
                -53.965096675346665,
                -27.435398975767054
              ],
              [
                -53.96508692936875,
                -27.435387054496157
              ],
              [
                -53.96508678600299,
                -27.435385960187798
              ],
              [
                -53.96506955218178,
                -27.435388217997293
              ],
              [
                -53.96506960029302,
                -27.435388585229536
              ],
              [
                -53.965079740927905,
                -27.435392607275478
              ],
              [
                -53.96507540272133,
                -27.4353961538827
              ],
              [
                -53.965072209787834,
                -27.43539206831881
              ],
              [
                -53.964967901846336,
                -27.43547358664255
              ],
              [
                -53.96413853778097,
                -27.43611378254915
              ],
              [
                -53.96350840019443,
                -27.43548483279282
              ],
              [
                -53.963506043559065,
                -27.435482716812427
              ],
              [
                -53.96350347697776,
                -27.43548086107437
              ],
              [
                -53.96350072905681,
                -27.435479286262105
              ],
              [
                -53.963323753526254,
                -27.43538992501002
              ],
              [
                -53.96391879659535,
                -27.434889787415152
              ],
              [
                -53.96388019143086,
                -27.434843856583733
              ],
              [
                -53.96325067343081,
                -27.435372970583753
              ],
              [
                -53.96324845793096,
                -27.435375032120803
              ],
              [
                -53.963246461398505,
                -27.43537730637513
              ],
              [
                -53.96324470415011,
                -27.435379770203998
              ],
              [
                -53.963243204067474,
                -27.43538239853553
              ],
              [
                -53.9632419764154,
                -27.435385164623924
              ],
              [
                -53.96324103368644,
                -27.435388040321527
              ],
              [
                -53.963240385473775,
                -27.43539099636532
              ],
              [
                -53.96324003837361,
                -27.435394002674702
              ],
              [
                -53.963239995918016,
                -27.43539702865753
              ],
              [
                -53.96324025853903,
                -27.43540004352151
              ],
              [
                -53.963240823564206,
                -27.435403016587465
              ],
              [
                -53.96324168524389,
                -27.435405917601546
              ],
              [
                -53.963242834809634,
                -27.435408717043128
              ],
              [
                -53.963244260563506,
                -27.435411386425177
              ],
              [
                -53.96324464206099,
                -27.435412021383684
              ],
              [
                -53.96324620040466,
                -27.43541435955646
              ],
              [
                -53.9632479706729,
                -27.435416541674066
              ],
              [
                -53.96324993733558,
                -27.435418548593304
              ],
              [
                -53.963252083139615,
                -27.435420362707962
              ],
              [
                -53.96325438926038,
                -27.435421968103224
              ],
              [
                -53.963256835466815,
                -27.43542335069535
              ],
              [
                -53.9634694063096,
                -27.435530685289056
              ],
              [
                -53.964114569166235,
                -27.436174631992337
              ],
              [
                -53.964893912961344,
                -27.436988441429943
              ],
              [
                -53.96491558001314,
                -27.43696769199944
              ],
              [
                -53.96489391302062,
                -27.436988441491845
              ],
              [
                -53.96505943402061,
                -27.437161281491857
              ],
              [
                -53.96506012361472,
                -27.437161978415375
              ],
              [
                -53.96568735217651,
                -27.437775489944595
              ],
              [
                -53.964772723669455,
                -27.438538744546648
              ],
              [
                -53.96481116635675,
                -27.43858481145225
              ],
              [
                -53.9657297364913,
                -27.437818267574514
              ],
              [
                -53.966648501511365,
                -27.438780709198813
              ],
              [
                -53.965799387760725,
                -27.439406839972747
              ],
              [
                -53.965650301250456,
                -27.43951557245073
              ],
              [
                -53.965445414380305,
                -27.439401902313033
              ],
              [
                -53.964992335491786,
                -27.438863127544867
              ],
              [
                -53.96494641453445,
                -27.438901744454082
              ],
              [
                -53.96540305753449,
                -27.43944475745404
              ],
              [
                -53.96540491286858,
                -27.439446769714067
              ],
              [
                -53.965406943878506,
                -27.43944860450391
              ],
              [
                -53.96540913365845,
                -27.439450246551054
              ],
              [
                -53.96541146398105,
                -27.439451682187375
              ],
              [
                -53.96559843314676,
                -27.439555411678665
              ],
              [
                -53.96470569769116,
                -27.440256421024465
              ],
              [
                -53.96449232906414,
                -27.440354426290156
              ],
              [
                -53.964489589984,
                -27.440355859701214
              ],
              [
                -53.96448701296288,
                -27.440357567386613
              ],
              [
                -53.96448462536655,
                -27.440359531212216
              ],
              [
                -53.9644824525492,
                -27.440361730323872
              ],
              [
                -53.96425921954921,
                -27.440612264323903
              ],
              [
                -53.964257329963445,
                -27.440614612608723
              ],
              [
                -53.963839109963395,
                -27.441191449608706
              ],
              [
                -53.96383745127116,
                -27.441194000228474
              ],
              [
                -53.9638360594533,
                -27.441196705734754
              ],
              [
                -53.963834948825316,
                -27.44119953830014
              ],
              [
                -53.96383413081054,
                -27.441202468790376
              ],
              [
                -53.96383361382265,
                -27.44120546706399
              ],
              [
                -53.96383340317909,
                -27.441208502282354
              ],
              [
                -53.96383350104644,
                -27.441211543226803
              ],
              [
                -53.963833906418074,
                -27.441214558619812
              ],
              [
                -53.963834615124576,
                -27.441217517446656
              ],
              [
                -53.9640381661246,
                -27.44191017244668
              ],
              [
                -53.96403904386056,
                -27.441912727739115
              ],
              [
                -53.96404014793644,
                -27.441915193698623
              ],
              [
                -53.964041469397046,
                -27.441917550323698
              ],
              [
                -53.96404299752394,
                -27.441919778499642
              ],
              [
                -53.96404471992241,
                -27.441921860153627
              ],
              [
                -53.964046622622035,
                -27.44192377840126
              ],
              [
                -53.964323968578164,
                -27.44217927784451
              ],
              [
                -53.96452359554975,
                -27.44248571006903
              ],
              [
                -53.964645583159985,
                -27.442861308945638
              ],
              [
                -53.96464659574999,
                -27.442863984993913
              ],
              [
                -53.964647858669586,
                -27.44286655240642
              ],
              [
                -53.96495937519615,
                -27.443430257924
              ],
              [
                -53.9650086188972,
                -27.443526561432755
              ],
              [
                -53.96503231735697,
                -27.44369343378783
              ],
              [
                -53.9650045743794,
                -27.444272541453095
              ],
              [
                -53.96500454080856,
                -27.444274195458608
              ],
              [
                -53.96500642080852,
                -27.444532360458602
              ],
              [
                -53.965006550227955,
                -27.444534934119666
              ],
              [
                -53.965034940227966,
                -27.444838647119635
              ],
              [
                -53.96503540653183,
                -27.444841807754095
              ],
              [
                -53.96503620630544,
                -27.444844900877374
              ],
              [
                -53.965136045305485,
                -27.4451605988774
              ],
              [
                -53.96519325272082,
                -27.445142507121535
              ],
              [
                -53.96509438118017,
                -27.444829868296715
              ],
              [
                -53.96506640982653,
                -27.444530633928032
              ],
              [
                -53.96506454524347,
                -27.444274586005985
              ],
              [
                -53.96509238464686,
                -27.44369346554583
              ],
              [
                -53.96509238644398,
                -27.443690632470698
              ],
              [
                -53.96509212098763,
                -27.443687811858908
              ],
              [
                -53.96506731698767,
                -27.443513154858906
              ],
              [
                -53.96506667041952,
                -27.443509904173517
              ],
              [
                -53.9650656692138,
                -27.443506744649344
              ],
              [
                -53.96506432559078,
                -27.44350371485016
              ],
              [
                -53.965012576590766,
                -27.443402511850184
              ],
              [
                -53.96501212335668,
                -27.44340165959253
              ],
              [
                -53.96470176201295,
                -27.442840044438977
              ],
              [
                -53.96457943386624,
                -27.442463397053324
              ],
              [
                -53.964578511509494,
                -27.442460931118827
              ],
              [
                -53.964577376503605,
                -27.442458555548043
              ],
              [
                -53.96457603759012,
                -27.442456288637025
              ],
              [
                -53.96437219259013,
                -27.442143381637003
              ],
              [
                -53.96437074860188,
                -27.44214135424865
              ],
              [
                -53.96436914151896,
                -27.442139453540857
              ],
              [
                -53.96436738240419,
                -27.44213769259769
              ],
              [
                -53.96409338844944,
                -27.441885281119013
              ],
              [
                -53.96389633559413,
                -27.441214738377962
              ],
              [
                -53.9643050203281,
                -27.440651053054783
              ],
              [
                -53.9645230750838,
                -27.440406330589152
              ],
              [
                -53.9647339609621,
                -27.440309465708776
              ],
              [
                -53.96473707170902,
                -27.44030780905404
              ],
              [
                -53.96473996670299,
                -27.44030579901395
              ],
              [
                -53.96567060840768,
                -27.439575024260378
              ],
              [
                -53.965834806679,
                -27.439455270401435
              ],
              [
                -53.96583493360847,
                -27.43945517731755
              ],
              [
                -53.966711529608496,
                -27.438808781317572
              ],
              [
                -53.966693725013194,
                -27.43878463599948
              ],
              [
                -53.96671443025538,
                -27.43880634528196
              ],
              [
                -53.96716159325538,
                -27.438379863281924
              ],
              [
                -53.96712018277102,
                -27.438336444716963
              ],
              [
                -53.966694719188816,
                -27.438742230883243
              ],
              [
                -53.96577678765377,
                -27.43778066236649
              ],
              [
                -53.966408002511145,
                -27.437294259186135
              ],
              [
                -53.966371379515195,
                -27.43724673281275
              ],
              [
                -53.965734399645136,
                -27.43773757841152
              ],
              [
                -53.96510242890335,
                -27.437119428410337
              ],
              [
                -53.96496052086443,
                -27.43697124548823
              ],
              [
                -53.96529612680837,
                -27.43671653279128
              ],
              [
                -53.96525985321789,
                -27.436668739207686
              ],
              [
                -53.96491874813904,
                -27.436927625547895
              ],
              [
                -53.96418075238311,
                -27.436156992722083
              ],
              [
                -53.96500463556969,
                -27.435521027570466
              ],
              [
                -53.965004777497924,
                -27.435520917334426
              ],
              [
                -53.96508689329497,
                -27.435456742526338
              ],
              [
                -53.96509165373738,
                -27.435462134743005
              ],
              [
                -53.96509245395278,
                -27.43546300591943
              ],
              [
                -53.96511165144146,
                -27.435483095946307
              ],
              [
                -53.9657115617056,
                -27.43613273226522
              ],
              [
                -53.96582198933184,
                -27.436252392609383
              ],
              [
                -53.96582259833045,
                -27.43625303332263
              ],
              [
                -53.96663057246766,
                -27.43707838481749
              ],
              [
                -53.967550194693786,
                -27.43802314922959
              ],
              [
                -53.96757169201323,
                -27.43800222399944
              ],
              [
                -53.967550646393846,
                -27.43802360347335
              ],
              [
                -53.96832757295122,
                -27.43878839781224
              ],
              [
                -53.96826720099559,
                -27.438836483875342
              ],
              [
                -53.96753338595438,
                -27.43937663155137
              ],
              [
                -53.96756895407207,
                -27.439424952447514
              ],
              [
                -53.96830322903308,
                -27.438884466233027
              ],
              [
                -53.968304135655345,
                -27.43888377189754
              ],
              [
                -53.968390584738856,
                -27.438814915488255
              ],
              [
                -53.96841868124643,
                -27.438795696259117
              ],
              [
                -53.968419939005074,
                -27.438794787268673
              ],
              [
                -53.96946592241346,
                -27.437996865888536
              ],
              [
                -53.96981195770126,
                -27.438330364876375
              ],
              [
                -53.96985359432532,
                -27.43828716312251
              ],
              [
                -53.96951421785436,
                -27.437960081713324
              ],
              [
                -53.96993929918398,
                -27.43763669198953
              ]
            ]
          ]
        ],
        "type": "MultiPolygon"
      }
    },
    {
      "type": "Feature",
      "properties": {
        "obra": "TPA_PDG-03"
      },
      "geometry": {
        "coordinates": [
          [
            [
              [
                -53.95070858814554,
                -27.430253970479164
              ],
              [
                -53.95071029350443,
                -27.43025148929612
              ],
              [
                -53.95071174158302,
                -27.43024884967746
              ],
              [
                -53.95071291779673,
                -27.430246078208615
              ],
              [
                -53.95071381029909,
                -27.430243202802938
              ],
              [
                -53.95071441010111,
                -27.430240252420624
              ],
              [
                -53.95071471116175,
                -27.430237256776994
              ],
              [
                -53.95071471044884,
                -27.430234246043245
              ],
              [
                -53.95071440796956,
                -27.430231250542526
              ],
              [
                -53.95071380677038,
                -27.430228300444597
              ],
              [
                -53.9507129129064,
                -27.43022542546191
              ],
              [
                -53.95071173538032,
                -27.4302226545504
              ],
              [
                -53.95071028605182,
                -27.430220015617817
              ],
              [
                -53.95070857951809,
                -27.430217535242665
              ],
              [
                -53.950706632966806,
                -27.430215238406504
              ],
              [
                -53.950704466003025,
                -27.43021314824235
              ],
              [
                -53.950702100451714,
                -27.430211285801676
              ],
              [
                -53.950699790870864,
                -27.43020964824219
              ],
              [
                -53.95001223507882,
                -27.42881226646417
              ],
              [
                -53.94995839894654,
                -27.42883875553477
              ],
              [
                -53.95064624936809,
                -27.430236736114953
              ],
              [
                -53.95033951564527,
                -27.430638251776866
              ],
              [
                -53.95032348703927,
                -27.430625955007113
              ],
              [
                -53.949817388733,
                -27.429570125178245
              ],
              [
                -53.95010000781653,
                -27.429462622982115
              ],
              [
                -53.9500786762088,
                -27.429406543016793
              ],
              [
                -53.94976578374951,
                -27.429525560551287
              ],
              [
                -53.949408247480136,
                -27.42965541928662
              ],
              [
                -53.94942873054519,
                -27.42971181471237
              ],
              [
                -53.94976093332987,
                -27.42959115720938
              ],
              [
                -53.950272482327776,
                -27.43065835835235
              ],
              [
                -53.95027381707754,
                -27.43066083728747
              ],
              [
                -53.95027537833591,
                -27.430663180180673
              ],
              [
                -53.95027715235223,
                -27.43066536639713
              ],
              [
                -53.950279123501986,
                -27.430667376681896
              ],
              [
                -53.950281274424476,
                -27.43066919332957
              ],
              [
                -53.95030392204068,
                -27.43068656804837
              ],
              [
                -53.949970321773094,
                -27.431157044492732
              ],
              [
                -53.949719272387725,
                -27.43151109757575
              ],
              [
                -53.949701559337235,
                -27.431503605903597
              ],
              [
                -53.94967423905616,
                -27.43149035240772
              ],
              [
                -53.94967370275613,
                -27.4314900987599
              ],
              [
                -53.94964604261975,
                -27.431477349784178
              ],
              [
                -53.94918833868148,
                -27.43079738534272
              ],
              [
                -53.949687902022994,
                -27.4306100660171
              ],
              [
                -53.94990773641884,
                -27.431063577789978
              ],
              [
                -53.94996172760651,
                -27.431037406208933
              ],
              [
                -53.949730004457486,
                -27.43055936829438
              ],
              [
                -53.94953023820887,
                -27.430141109085426
              ],
              [
                -53.94933457202096,
                -27.429713834228053
              ],
              [
                -53.94933321755235,
                -27.42971122288771
              ],
              [
                -53.949331613842865,
                -27.429708756757254
              ],
              [
                -53.94932977631246,
                -27.42970645954903
              ],
              [
                -53.949327722629384,
                -27.42970435335117
              ],
              [
                -53.949325472540245,
                -27.429702458415182
              ],
              [
                -53.94932304768006,
                -27.42970079296127
              ],
              [
                -53.94932047136438,
                -27.429699373003114
              ],
              [
                -53.94931776836503,
                -27.42969821219391
              ],
              [
                -53.949314964671856,
                -27.42969732169506
              ],
              [
                -53.949312087242966,
                -27.429696710068896
              ],
              [
                -53.949309163745426,
                -27.42969638319633
              ],
              [
                -53.94930622228923,
                -27.429696344220307
              ],
              [
                -53.94930329115712,
                -27.429696593515597
              ],
              [
                -53.949300398532515,
                -27.42969712868517
              ],
              [
                -53.94929757222859,
                -27.429697944583253
              ],
              [
                -53.949036864465235,
                -27.42978726906592
              ],
              [
                -53.94883702392199,
                -27.42940493965213
              ],
              [
                -53.94876427464463,
                -27.429247813482014
              ],
              [
                -53.94870982738063,
                -27.429273022516945
              ],
              [
                -53.94876891460563,
                -27.429400640958033
              ],
              [
                -53.94798097762538,
                -27.429671680462693
              ],
              [
                -53.94800049439981,
                -27.429728417536257
              ],
              [
                -53.948795466292324,
                -27.429454958118345
              ],
              [
                -53.94897973185795,
                -27.429807489914687
              ],
              [
                -53.94837738920968,
                -27.430025834853456
              ],
              [
                -53.94839783681555,
                -27.430082243145527
              ],
              [
                -53.94903218758503,
                -27.429852295489788
              ],
              [
                -53.94929132762654,
                -27.429763508144728
              ],
              [
                -53.94947578700431,
                -27.43016631077085
              ],
              [
                -53.94947599216863,
                -27.430166749400257
              ],
              [
                -53.94966179627655,
                -27.430555775473177
              ],
              [
                -53.94913191597209,
                -27.43075446263263
              ],
              [
                -53.94892518890913,
                -27.430828541478547
              ],
              [
                -53.94894542911618,
                -27.43088502452041
              ],
              [
                -53.94913038993976,
                -27.43081874541716
              ],
              [
                -53.94960096298321,
                -27.43151782818635
              ],
              [
                -53.94960258968949,
                -27.431520022169696
              ],
              [
                -53.94960440919118,
                -27.431522059115895
              ],
              [
                -53.94960640640719,
                -27.431523922141515
              ],
              [
                -53.94960856478337,
                -27.431525595804708
              ],
              [
                -53.949610866429836,
                -27.43152706623314
              ],
              [
                -53.949613292269156,
                -27.43152832123903
              ],
              [
                -53.949648317865126,
                -27.431544465066615
              ],
              [
                -53.94967606696915,
                -27.431557926591218
              ],
              [
                -53.949685955924615,
                -27.431537541853068
              ],
              [
                -53.949686246199,
                -27.43153782668411
              ],
              [
                -53.949677474870285,
                -27.4315585653103
              ],
              [
                -53.949710724979106,
                -27.43157262832642
              ],
              [
                -53.949716610945984,
                -27.431575453626582
              ],
              [
                -53.94971937894658,
                -27.431576615673166
              ],
              [
                -53.94972224922606,
                -27.43157749526128
              ],
              [
                -53.94972519304279,
                -27.431578083583144
              ],
              [
                -53.94972818091876,
                -27.43157837474757
              ],
              [
                -53.949731182934784,
                -27.43157836583899
              ],
              [
                -53.94973416903006,
                -27.431578056946602
              ],
              [
                -53.94973710930324,
                -27.4315774511635
              ],
              [
                -53.949739974311804,
                -27.43157655455573
              ],
              [
                -53.94974273536688,
                -27.431575376101488
              ],
              [
                -53.94974536482057,
                -27.43157392760128
              ],
              [
                -53.94974783634273,
                -27.431572223559694
              ],
              [
                -53.949750125184714,
                -27.431570281040216
              ],
              [
                -53.94975220842712,
                -27.43156811949433
              ],
              [
                -53.94975406520933,
                -27.431565760566738
              ],
              [
                -53.95001926620934,
                -27.43119174956672
              ],
              [
                -53.9503692695508,
                -27.430698139867904
              ],
              [
                -53.95070858814554,
                -27.430253970479164
              ]
            ],
            [
              [
                -53.949690776029286,
                -27.431542271569246
              ],
              [
                -53.94970257677837,
                -27.431553851026077
              ],
              [
                -53.94969310779664,
                -27.431558639353476
              ],
              [
                -53.949690776029286,
                -27.431542271569246
              ]
            ]
          ]
        ],
        "type": "MultiPolygon"
      }
    },
    {
      "type": "Feature",
      "properties": {
        "obra": "TPA_WEB-01"
      },
      "geometry": {
        "coordinates": [
          [
            [
              [
                -53.94202776677802,
                -27.445505657504903
              ],
              [
                -53.941990341246886,
                -27.44545876049412
              ],
              [
                -53.94125520353094,
                -27.446045427298948
              ],
              [
                -53.94121855204762,
                -27.44599026844454
              ],
              [
                -53.94120760401132,
                -27.445973302639207
              ],
              [
                -53.94119714262949,
                -27.445956172809325
              ],
              [
                -53.94065501213518,
                -27.445058273882413
              ],
              [
                -53.9414654845748,
                -27.44465897115932
              ],
              [
                -53.94143896745004,
                -27.44460514883966
              ],
              [
                -53.940624162014394,
                -27.445006586338746
              ],
              [
                -53.94024227014984,
                -27.444358822862412
              ],
              [
                -53.94111934920362,
                -27.443933853822273
              ],
              [
                -53.94109318682114,
                -27.443879858176686
              ],
              [
                -53.94021188799963,
                -27.444306871810902
              ],
              [
                -53.939819952473485,
                -27.44364313301803
              ],
              [
                -53.93979412001234,
                -27.443658386999505
              ],
              [
                -53.93981992998755,
                -27.443643095002262
              ],
              [
                -53.939424901083235,
                -27.442976361542545
              ],
              [
                -53.94008769730778,
                -27.442644565367576
              ],
              [
                -53.94006083871691,
                -27.442590912631427
              ],
              [
                -53.939394243676425,
                -27.44292461049586
              ],
              [
                -53.938981544974304,
                -27.442227847356033
              ],
              [
                -53.938955733012314,
                -27.442243135999476
              ],
              [
                -53.93898154412076,
                -27.44222784591508
              ],
              [
                -53.938596812225086,
                -27.441578382091187
              ],
              [
                -53.938078156225075,
                -27.440702828091187
              ],
              [
                -53.93794439331094,
                -27.440477017236184
              ],
              [
                -53.93789277071365,
                -27.440507596762792
              ],
              [
                -53.93800941840547,
                -27.44070451468431
              ],
              [
                -53.937156707957634,
                -27.441087601762064
              ],
              [
                -53.93718129606693,
                -27.44114233223695
              ],
              [
                -53.93804019278567,
                -27.440756465926867
              ],
              [
                -53.938528074244545,
                -27.441580068782752
              ],
              [
                -53.93767535893822,
                -27.44196315877077
              ],
              [
                -53.93769994708638,
                -27.442017889228197
              ],
              [
                -53.93855884896331,
                -27.441632019867924
              ],
              [
                -53.93891280606101,
                -27.44222953292249
              ],
              [
                -53.938060087895664,
                -27.44261262578993
              ],
              [
                -53.938084676128994,
                -27.442667356209096
              ],
              [
                -53.93894357961125,
                -27.44228148452107
              ],
              [
                -53.93933986462648,
                -27.44295053627739
              ],
              [
                -53.93848672299752,
                -27.443332767182156
              ],
              [
                -53.93851125502719,
                -27.443387522816757
              ],
              [
                -53.93937064323705,
                -27.44300249327202
              ],
              [
                -53.939751190822584,
                -27.44364478502719
              ],
              [
                -53.93889846782211,
                -27.444027882823
              ],
              [
                -53.93892305620262,
                -27.444082613176032
              ],
              [
                -53.93978193360291,
                -27.443696750429584
              ],
              [
                -53.94015713120611,
                -27.444332143721624
              ],
              [
                -53.93910208490926,
                -27.44481796154395
              ],
              [
                -53.93870013810263,
                -27.444145749030994
              ],
              [
                -53.93787485035136,
                -27.442765519446993
              ],
              [
                -53.93750040935133,
                -27.44213928444697
              ],
              [
                -53.93750040935133,
                -27.442139284446977
              ],
              [
                -53.93698306244868,
                -27.44127403360978
              ],
              [
                -53.93698139558534,
                -27.44127153828009
              ],
              [
                -53.936979487769705,
                -27.44126922195905
              ],
              [
                -53.936977358090765,
                -27.441267107823002
              ],
              [
                -53.93697502785736,
                -27.441265217025297
              ],
              [
                -53.936972520385055,
                -27.44126356848463
              ],
              [
                -53.9369698607628,
                -27.441262178695762
              ],
              [
                -53.93696707560188,
                -27.441261061564457
              ],
              [
                -53.93696419276971,
                -27.441260228268376
              ],
              [
                -53.93696124111097,
                -27.441259687145184
              ],
              [
                -53.93695825015897,
                -27.441259443609194
              ],
              [
                -53.93695524984019,
                -27.441259500097154
              ],
              [
                -53.936952270174835,
                -27.441259856043853
              ],
              [
                -53.93694934097647,
                -27.44126050788781
              ],
              [
                -53.936946491553655,
                -27.441261449106882
              ],
              [
                -53.936943750416816,
                -27.44126267028355
              ],
              [
                -53.93623751941676,
                -27.441620648283585
              ],
              [
                -53.936264646607725,
                -27.441674165715416
              ],
              [
                -53.936945922992386,
                -27.441328836839126
              ],
              [
                -53.93743222182865,
                -27.442142160496918
              ],
              [
                -53.936752773335336,
                -27.44247725931842
              ],
              [
                -53.93677931268925,
                -27.44253107068054
              ],
              [
                -53.93746311329726,
                -27.44219382542921
              ],
              [
                -53.937806662662894,
                -27.44276839562043
              ],
              [
                -53.937127212304375,
                -27.443103496333684
              ],
              [
                -53.9371537517202,
                -27.443157307665274
              ],
              [
                -53.93783755451591,
                -27.442820060356926
              ],
              [
                -53.93864864179833,
                -27.4441765407611
              ],
              [
                -53.93905411092202,
                -27.444854643967975
              ],
              [
                -53.93905440324446,
                -27.444855122629615
              ],
              [
                -53.93906505024447,
                -27.444872195629646
              ],
              [
                -53.93906669482029,
                -27.444874570030514
              ],
              [
                -53.93906856011022,
                -27.444876775274853
              ],
              [
                -53.93907062882426,
                -27.444878790921486
              ],
              [
                -53.939072881786785,
                -27.444880598286698
              ],
              [
                -53.93907529811431,
                -27.444882180617395
              ],
              [
                -53.93907785540906,
                -27.444883523246407
              ],
              [
                -53.9390805299666,
                -27.44488461372845
              ],
              [
                -53.93908329699554,
                -27.444885441955478
              ],
              [
                -53.93908613084732,
                -27.444886000250353
              ],
              [
                -53.93908900525402,
                -27.444886283438066
              ],
              [
                -53.93909189357177,
                -27.44488628889364
              ],
              [
                -53.93909476902774,
                -27.444886016566507
              ],
              [
                -53.93909760496835,
                -27.444885468980967
              ],
              [
                -53.93910037510632,
                -27.444884651212774
              ],
              [
                -53.939103053764256,
                -27.44488357084211
              ],
              [
                -53.940187570215855,
                -27.444384182879343
              ],
              [
                -53.940569982160824,
                -27.445032828514023
              ],
              [
                -53.939544929692744,
                -27.445515409513447
              ],
              [
                -53.93957048633194,
                -27.44556969448552
              ],
              [
                -53.94060083195775,
                -27.445084621538193
              ],
              [
                -53.9411325760014,
                -27.44596531799632
              ],
              [
                -53.940271485900276,
                -27.446691154964704
              ],
              [
                -53.940310156124475,
                -27.446737031034292
              ],
              [
                -53.94116438149466,
                -27.446016980539913
              ],
              [
                -53.94116824656259,
                -27.446022970106277
              ],
              [
                -53.94116846707152,
                -27.446023306841507
              ],
              [
                -53.94121487837488,
                -27.446093153791576
              ],
              [
                -53.941213281184034,
                -27.44609744015891
              ],
              [
                -53.94121235395809,
                -27.446100382948888
              ],
              [
                -53.9412117338928,
                -27.446103405411442
              ],
              [
                -53.94121142754691,
                -27.446106475576418
              ],
              [
                -53.941211438160806,
                -27.44610956096913
              ],
              [
                -53.9412117656222,
                -27.44611262895378
              ],
              [
                -53.94121240646738,
                -27.44611564707874
              ],
              [
                -53.941213353917796,
                -27.44611858341975
              ],
              [
                -53.94121459795178,
                -27.446121406917626
              ],
              [
                -53.94122268125673,
                -27.44613746066008
              ],
              [
                -53.9412762713225,
                -27.44611047724199
              ],
              [
                -53.94127443988478,
                -27.44610683993898
              ],
              [
                -53.94202776677802,
                -27.445505657504903
              ]
            ]
          ]
        ],
        "type": "MultiPolygon"
      }
    },
    {
      "type": "Feature",
      "properties": {
        "obra": "TPA_OPE-01"
      },
      "geometry": {
        "coordinates": [
          [
            [
              [
                -53.93366313591469,
                -27.44635922683683
              ],
              [
                -53.93363699010968,
                -27.446305223162128
              ],
              [
                -53.932751618518786,
                -27.446733874603048
              ],
              [
                -53.93273971889707,
                -27.44670125123512
              ],
              [
                -53.9327386308925,
                -27.446698654066182
              ],
              [
                -53.932737304174175,
                -27.44669617034742
              ],
              [
                -53.932735750430524,
                -27.446693821960494
              ],
              [
                -53.93273398335011,
                -27.44669162959482
              ],
              [
                -53.932732018501,
                -27.446689612565216
              ],
              [
                -53.93272987319359,
                -27.446687788641828
              ],
              [
                -53.931218380519034,
                -27.445520375044655
              ],
              [
                -53.93121638790023,
                -27.445518986895944
              ],
              [
                -53.93181459593428,
                -27.44516985298734
              ],
              [
                -53.93179947401212,
                -27.445143942999497
              ],
              [
                -53.93181459609529,
                -27.44516985289337
              ],
              [
                -53.932233648307,
                -27.444925276731393
              ],
              [
                -53.93291336964387,
                -27.444575454551487
              ],
              [
                -53.932885913171866,
                -27.444522105304582
              ],
              [
                -53.932205484776134,
                -27.444872291376075
              ],
              [
                -53.93220409092895,
                -27.444873056105656
              ],
              [
                -53.931809116997194,
                -27.445103579189922
              ],
              [
                -53.931269980345824,
                -27.44426885847022
              ],
              [
                -53.931666010332705,
                -27.444076206110225
              ],
              [
                -53.93207380830284,
                -27.444726477685826
              ],
              [
                -53.93212463972141,
                -27.444694600313213
              ],
              [
                -53.93171983984028,
                -27.44404910946776
              ],
              [
                -53.931913650607235,
                -27.443945493949542
              ],
              [
                -53.93214657682632,
                -27.44430508776962
              ],
              [
                -53.93219693519793,
                -27.444272468229336
              ],
              [
                -53.93196679013508,
                -27.44391716798599
              ],
              [
                -53.932158195450555,
                -27.443815393272278
              ],
              [
                -53.93213002657371,
                -27.443762416726734
              ],
              [
                -53.93190974857374,
                -27.443879543726734
              ],
              [
                -53.93192383301215,
                -27.443906031999507
              ],
              [
                -53.931909688826856,
                -27.443879575582095
              ],
              [
                -53.931687675373084,
                -27.443998268879817
              ],
              [
                -53.93093995343527,
                -27.442828297582015
              ],
              [
                -53.93074930120657,
                -27.44252794560659
              ],
              [
                -53.93069864481759,
                -27.44256010039247
              ],
              [
                -53.93087168676101,
                -27.44283270926723
              ],
              [
                -53.93079024268071,
                -27.442874413190502
              ],
              [
                -53.930817589343455,
                -27.44292781880853
              ],
              [
                -53.930904054363225,
                -27.442883543883482
              ],
              [
                -53.93163368546032,
                -27.444025208181944
              ],
              [
                -53.93123783422701,
                -27.444217773585653
              ],
              [
                -53.93049639709609,
                -27.443070187606043
              ],
              [
                -53.930493530493514,
                -27.44306569509329
              ],
              [
                -53.930493399160916,
                -27.443065491093925
              ],
              [
                -53.930492842205766,
                -27.443064633611694
              ],
              [
                -53.93049255135377,
                -27.443064194312264
              ],
              [
                -53.930488599355606,
                -27.443058337642324
              ],
              [
                -53.92961247862439,
                -27.44173274357811
              ],
              [
                -53.92956242339976,
                -27.44176582642089
              ],
              [
                -53.93042034395429,
                -27.44306388313172
              ],
              [
                -53.930212104420534,
                -27.443173428810113
              ],
              [
                -53.92880258450675,
                -27.441008094405554
              ],
              [
                -53.928434142588465,
                -27.440441316222817
              ],
              [
                -53.92838383743562,
                -27.440474017776232
              ],
              [
                -53.928734545845245,
                -27.44101351631106
              ],
              [
                -53.92837388593133,
                -27.441208230548852
              ],
              [
                -53.9284023900927,
                -27.44126102745013
              ],
              [
                -53.928767371141255,
                -27.44106398030423
              ],
              [
                -53.93014796066456,
                -27.443184871228976
              ],
              [
                -53.92996559995791,
                -27.443280182414423
              ],
              [
                -53.92999339206617,
                -27.443333357584553
              ],
              [
                -53.9301810896225,
                -27.443235257084023
              ],
              [
                -53.93018411303114,
                -27.44323938663794
              ],
              [
                -53.93018942448039,
                -27.44324727703645
              ],
              [
                -53.93022645417258,
                -27.443306424326714
              ],
              [
                -53.930226662126174,
                -27.44330675176395
              ],
              [
                -53.93091997282799,
                -27.444382979391637
              ],
              [
                -53.930504315189026,
                -27.444610688168186
              ],
              [
                -53.92976759115993,
                -27.443446761938755
              ],
              [
                -53.9297665218466,
                -27.44344518562907
              ],
              [
                -53.929756404927815,
                -27.443431245966924
              ],
              [
                -53.92975403336802,
                -27.443428372218953
              ],
              [
                -53.929753188389476,
                -27.44342746898532
              ],
              [
                -53.92974415394968,
                -27.44341319996734
              ],
              [
                -53.92974364989005,
                -27.44341243023004
              ],
              [
                -53.92970536016009,
                -27.443355870783805
              ],
              [
                -53.928414465745426,
                -27.441383752747377
              ],
              [
                -53.928364264278684,
                -27.441416613251583
              ],
              [
                -53.92965528625278,
                -27.443388926162402
              ],
              [
                -53.929655544382115,
                -27.44338931390735
              ],
              [
                -53.92969370674955,
                -27.443445685220798
              ],
              [
                -53.92970400521388,
                -27.443461950642448
              ],
              [
                -53.92970562020523,
                -27.443464254704853
              ],
              [
                -53.92970744395355,
                -27.443466397330027
              ],
              [
                -53.92970894233885,
                -27.443467999018026
              ],
              [
                -53.92971740318874,
                -27.44347965685489
              ],
              [
                -53.93045135515543,
                -27.444639203593496
              ],
              [
                -53.92990888614049,
                -27.444926892336895
              ],
              [
                -53.929112680240934,
                -27.44381407560176
              ],
              [
                -53.929455192080944,
                -27.443634962440075
              ],
              [
                -53.929427387943136,
                -27.44358179355894
              ],
              [
                -53.929077729333926,
                -27.443764644052536
              ],
              [
                -53.928497040592795,
                -27.442930483053185
              ],
              [
                -53.928447797431225,
                -27.442964762945824
              ],
              [
                -53.92902430373397,
                -27.44379291586073
              ],
              [
                -53.9286830368965,
                -27.443975185123502
              ],
              [
                -53.928681542682156,
                -27.44397315916951
              ],
              [
                -53.928679742182666,
                -27.443970946440892
              ],
              [
                -53.92867773965211,
                -27.44396891473282
              ],
              [
                -53.928675553197735,
                -27.443967082416385
              ],
              [
                -53.92867320258984,
                -27.443965466059716
              ],
              [
                -53.928670709083086,
                -27.44396408027821
              ],
              [
                -53.92866809522421,
                -27.44396293760237
              ],
              [
                -53.928665384648205,
                -27.443962048364472
              ],
              [
                -53.928662601864595,
                -27.443961420605177
              ],
              [
                -53.92865977203584,
                -27.443961060000795
              ],
              [
                -53.92865692074976,
                -27.443960969811982
              ],
              [
                -53.92865407378822,
                -27.443961150854243
              ],
              [
                -53.92865125689397,
                -27.44396160149055
              ],
              [
                -53.92864849553789,
                -27.44396231764618
              ],
              [
                -53.92864581468866,
                -27.443963292845506
              ],
              [
                -53.92864323858702,
                -27.44396451827061
              ],
              [
                -53.928640790526565,
                -27.443965982840965
              ],
              [
                -53.928629437715095,
                -27.443973530045383
              ],
              [
                -53.928422664832084,
                -27.443710881809608
              ],
              [
                -53.928375521191924,
                -27.443747996189465
              ],
              [
                -53.92859248814219,
                -27.44402359319174
              ],
              [
                -53.92818075736872,
                -27.44424377893854
              ],
              [
                -53.92791412156933,
                -27.444026799035875
              ],
              [
                -53.92787625045467,
                -27.44407333696315
              ],
              [
                -53.92815810445472,
                -27.444302700963153
              ],
              [
                -53.92816048395094,
                -27.444304449929902
              ],
              [
                -53.928163023873324,
                -27.444305956476047
              ],
              [
                -53.92816569961032,
                -27.444307206003344
              ],
              [
                -53.92816848523438,
                -27.444308186404033
              ],
              [
                -53.92817135375317,
                -27.444308888178156
              ],
              [
                -53.92817427737109,
                -27.44430930452561
              ],
              [
                -53.92817722775867,
                -27.444309431412034
              ],
              [
                -53.928180176327,
                -27.444309267607917
              ],
              [
                -53.92818309450482,
                -27.44430881470051
              ],
              [
                -53.92818595401536,
                -27.44430807707841
              ],
              [
                -53.92818872715035,
                -27.444307061889102
              ],
              [
                -53.928191905983695,
                -27.444305717277686
              ],
              [
                -53.928194366297525,
                -27.444304542058738
              ],
              [
                -53.928666173100176,
                -27.44405222879998
              ],
              [
                -53.92903787946364,
                -27.444528517459055
              ],
              [
                -53.928695813113066,
                -27.444742920682938
              ],
              [
                -53.92842149379116,
                -27.444475689004857
              ],
              [
                -53.928379626232875,
                -27.444518666994146
              ],
              [
                -53.9286708342329,
                -27.444802350994152
              ],
              [
                -53.928691768012044,
                -27.444780861999508
              ],
              [
                -53.92867137512916,
                -27.444802864961307
              ],
              [
                -53.92923786212919,
                -27.445327898961327
              ],
              [
                -53.92924016409248,
                -27.44532982753997
              ],
              [
                -53.929242647335826,
                -27.445331516312606
              ],
              [
                -53.929245286975906,
                -27.445332948356874
              ],
              [
                -53.929248056562194,
                -27.44533410932298
              ],
              [
                -53.929250928342064,
                -27.44533498757746
              ],
              [
                -53.92925387353885,
                -27.44533557431977
              ],
              [
                -53.929256862640166,
                -27.44533586367045
              ],
              [
                -53.92925986569376,
                -27.445335852730064
              ],
              [
                -53.92926285260752,
                -27.445335541608245
              ],
              [
                -53.92926579345106,
                -27.445334933422583
              ],
              [
                -53.92926865875567,
                -27.445334034267407
              ],
              [
                -53.92927141980956,
                -27.445332853152703
              ],
              [
                -53.929274048945594,
                -27.44533140191382
              ],
              [
                -53.92927504502044,
                -27.44533078511806
              ],
              [
                -53.929889865208615,
                -27.445004888859515
              ],
              [
                -53.930245597244834,
                -27.445537395593576
              ],
              [
                -53.93029548877932,
                -27.44550406640537
              ],
              [
                -53.9299431487227,
                -27.444976637234745
              ],
              [
                -53.930482888139764,
                -27.444690396084777
              ],
              [
                -53.930491256682814,
                -27.44470203459391
              ],
              [
                -53.93075991345696,
                -27.445119390960173
              ],
              [
                -53.93076024593796,
                -27.445119896202858
              ],
              [
                -53.93097968193797,
                -27.445446144202894
              ],
              [
                -53.93098148066561,
                -27.44544854913674
              ],
              [
                -53.93098351082754,
                -27.445450762182247
              ],
              [
                -53.93098575207899,
                -27.44545276116194
              ],
              [
                -53.93102093903126,
                -27.44548111377511
              ],
              [
                -53.93012525490807,
                -27.445951473160452
              ],
              [
                -53.92993744125276,
                -27.4456736312043
              ],
              [
                -53.92988773277134,
                -27.44570723279466
              ],
              [
                -53.93007188046756,
                -27.44597965151767
              ],
              [
                -53.929823097622304,
                -27.446111554197852
              ],
              [
                -53.92967481536068,
                -27.445889597778812
              ],
              [
                -53.92962492466341,
                -27.44592292822024
              ],
              [
                -53.92978750466347,
                -27.446166286220215
              ],
              [
                -53.92978906715166,
                -27.446168415728472
              ],
              [
                -53.929790810887525,
                -27.44617039955305
              ],
              [
                -53.929792722354854,
                -27.446172222316708
              ],
              [
                -53.92979478673728,
                -27.44617386989066
              ],
              [
                -53.92979600572724,
                -27.446174757822178
              ],
              [
                -53.929798554973786,
                -27.44617642352438
              ],
              [
                -53.929801259948945,
                -27.44617782221351
              ],
              [
                -53.929804092781765,
                -27.446178939478045
              ],
              [
                -53.92980702428393,
                -27.446179763806178
              ],
              [
                -53.92981002425048,
                -27.446180286704365
              ],
              [
                -53.92981306177102,
                -27.44618050278489
              ],
              [
                -53.92981610554822,
                -27.44618040982135
              ],
              [
                -53.92981912422026,
                -27.446180008771595
              ],
              [
                -53.929822086684034,
                -27.44617930376788
              ],
              [
                -53.929824962415545,
                -27.446178302074266
              ],
              [
                -53.92982772178448,
                -27.44617701401178
              ],
              [
                -53.93012943542146,
                -27.446017047848017
              ],
              [
                -53.93107185890174,
                -27.445522143765835
              ],
              [
                -53.93111398114557,
                -27.445556085330825
              ],
              [
                -53.93117669684986,
                -27.44560861485936
              ],
              [
                -53.93117689439323,
                -27.445608778884775
              ],
              [
                -53.93122845858321,
                -27.445651222495407
              ],
              [
                -53.931229200597066,
                -27.445651813829656
              ],
              [
                -53.93270552674537,
                -27.4467906418712
              ],
              [
                -53.932706479362714,
                -27.446810023490144
              ],
              [
                -53.93270676120968,
                -27.44681290734982
              ],
              [
                -53.932707319959334,
                -27.44681575056686
              ],
              [
                -53.93270815039913,
                -27.44681852661695
              ],
              [
                -53.93270924478188,
                -27.446821209602362
              ],
              [
                -53.93271059289813,
                -27.446823774493566
              ],
              [
                -53.93271218217131,
                -27.446826197362753
              ],
              [
                -53.93271399777513,
                -27.446828455607005
              ],
              [
                -53.93271602277184,
                -27.4468305281592
              ],
              [
                -53.9327182382703,
                -27.446832395684545
              ],
              [
                -53.93272062360216,
                -27.446834040760923
              ],
              [
                -53.93272315651468,
                -27.446835448041448
              ],
              [
                -53.93272581337838,
                -27.446836604397618
              ],
              [
                -53.93276358106552,
                -27.446850914960127
              ],
              [
                -53.93276462409225,
                -27.446851288299673
              ],
              [
                -53.93280392166224,
                -27.446864541108607
              ],
              [
                -53.932806712845725,
                -27.44686533431748
              ],
              [
                -53.932809567605005,
                -27.446865854158908
              ],
              [
                -53.932812459232544,
                -27.446866095769558
              ],
              [
                -53.93281536067596,
                -27.446866056889053
              ],
              [
                -53.932818244791,
                -27.446865737881144
              ],
              [
                -53.93282108459553,
                -27.446865141730285
              ],
              [
                -53.93282385352195,
                -27.446864274013716
              ],
              [
                -53.93282652566579,
                -27.4468631428493
              ],
              [
                -53.93282907602798,
                -27.446861758819573
              ],
              [
                -53.93285949972686,
                -27.44684329015342
              ],
              [
                -53.932861923143,
                -27.446841652207386
              ],
              [
                -53.9328641755285,
                -27.44683978604216
              ],
              [
                -53.93286623547112,
                -27.446837709398363
              ],
              [
                -53.93286808338811,
                -27.446835442017527
              ],
              [
                -53.93286970171232,
                -27.44683300545442
              ],
              [
                -53.93287107505922,
                -27.44683042287212
              ],
              [
                -53.93287219037316,
                -27.446827718821844
              ],
              [
                -53.93287303705142,
                -27.44682491900953
              ],
              [
                -53.93287360704512,
                -27.446822050051498
              ],
              [
                -53.93287389493561,
                -27.44681913922135
              ],
              [
                -53.93287389798611,
                -27.446816214190797
              ],
              [
                -53.932873616167576,
                -27.44681330276651
              ],
              [
                -53.93287305215913,
                -27.44681043262583
              ],
              [
                -53.93287221132249,
                -27.44680763105363
              ],
              [
                -53.93287110165104,
                -27.44680492468294
              ],
              [
                -53.932869733693806,
                -27.446802339241763
              ],
              [
                -53.93286812045524,
                -27.446799899308488
              ],
              [
                -53.93286627727152,
                -27.44679762807824
              ],
              [
                -53.9328642216648,
                -27.446795547142386
              ],
              [
                -53.932861973176614,
                -27.44679367628324
              ],
              [
                -53.93285955318213,
                -27.44679203328606
              ],
              [
                -53.93285698468692,
                -27.446790633769922
              ],
              [
                -53.932854292108274,
                -27.44678949103928
              ],
              [
                -53.932808918594844,
                -27.446772794980163
              ],
              [
                -53.93366313591469,
                -27.44635922683683
              ]
            ],
            [
              [
                -53.93175724418116,
                -27.445133854079927
              ],
              [
                -53.93113575506527,
                -27.44549657559458
              ],
              [
                -53.931094170179726,
                -27.44546306702602
              ],
              [
                -53.93107534701208,
                -27.445486426999476
              ],
              [
                -53.9310941699452,
                -27.445463066837043
              ],
              [
                -53.9310269337951,
                -27.445408889921097
              ],
              [
                -53.930810200873424,
                -27.445086660741588
              ],
              [
                -53.930541289990074,
                -27.4446689096185
              ],
              [
                -53.93054042155852,
                -27.444667633855143
              ],
              [
                -53.93053613376459,
                -27.44466167062732
              ],
              [
                -53.93097675917927,
                -27.444420283811137
              ],
              [
                -53.93121608898984,
                -27.444296008146743
              ],
              [
                -53.93175724418116,
                -27.445133854079927
              ]
            ],
            [
              [
                -53.928740885446956,
                -27.444785481654726
              ],
              [
                -53.92907490398615,
                -27.444576122705747
              ],
              [
                -53.929257162421976,
                -27.444811457226105
              ],
              [
                -53.92930459960211,
                -27.444774718772955
              ],
              [
                -53.929105707602105,
                -27.444517906772926
              ],
              [
                -53.929081989012026,
                -27.444536275999504
              ],
              [
                -53.929105639235175,
                -27.444517818834356
              ],
              [
                -53.92871988302377,
                -27.444023527300168
              ],
              [
                -53.92905912613187,
                -27.44384233890321
              ],
              [
                -53.92985539953528,
                -27.44495524998508
              ],
              [
                -53.92926291186437,
                -27.445269308499903
              ],
              [
                -53.928740885446956,
                -27.444785481654726
              ]
            ],
            [
              [
                -53.930200285267524,
                -27.443213722277264
              ],
              [
                -53.93020179301209,
                -27.44321275099952
              ],
              [
                -53.93020033539165,
                -27.443213818180705
              ],
              [
                -53.930200285267524,
                -27.443213722277264
              ]
            ],
            [
              [
                -53.93024544371234,
                -27.443223686092125
              ],
              [
                -53.93045344268203,
                -27.44311426696392
              ],
              [
                -53.93118402449693,
                -27.444245051237825
              ],
              [
                -53.930973061135255,
                -27.444354597189797
              ],
              [
                -53.93027720693333,
                -27.44327442128165
              ],
              [
                -53.93024544371234,
                -27.443223686092125
              ]
            ],
            [
              [
                -53.93019257025402,
                -27.443195219109
              ],
              [
                -53.93019257412722,
                -27.443195226471705
              ],
              [
                -53.93019111101206,
                -27.443196168999517
              ],
              [
                -53.93019257025402,
                -27.443195219109
              ]
            ]
          ],
          [
            [
              [
                -53.934379936318045,
                -27.443811893691695
              ],
              [
                -53.93435236770632,
                -27.443758602307327
              ],
              [
                -53.93346937129136,
                -27.444215392567287
              ],
              [
                -53.93220220817832,
                -27.442280702772113
              ],
              [
                -53.93220207909398,
                -27.442280507356134
              ],
              [
                -53.93163608409393,
                -27.44143089835614
              ],
              [
                -53.93158614993026,
                -27.441464163642834
              ],
              [
                -53.93215208000687,
                -27.442313675186956
              ],
              [
                -53.93341592520116,
                -27.444243299222634
              ],
              [
                -53.93294440751917,
                -27.44449137505718
              ],
              [
                -53.93162964731417,
                -27.442452009570477
              ],
              [
                -53.93160443301212,
                -27.442468264999494
              ],
              [
                -53.931629581821085,
                -27.442451908428712
              ],
              [
                -53.931246957821074,
                -27.441863610428747
              ],
              [
                -53.93119666020315,
                -27.441896323570326
              ],
              [
                -53.931561086327754,
                -27.442456641690026
              ],
              [
                -53.93136188659504,
                -27.44255787271182
              ],
              [
                -53.931142057466,
                -27.44223324282683
              ],
              [
                -53.93109237655819,
                -27.442266885172156
              ],
              [
                -53.93130797630554,
                -27.442585269371243
              ],
              [
                -53.931023488642836,
                -27.442729843379826
              ],
              [
                -53.931050671381364,
                -27.44278333261917
              ],
              [
                -53.93134080048105,
                -27.4426358916843
              ],
              [
                -53.931475316660695,
                -27.442854998912203
              ],
              [
                -53.93152644936353,
                -27.44282360708682
              ],
              [
                -53.93139446318319,
                -27.4426086208586
              ],
              [
                -53.93159388850057,
                -27.44250727519726
              ],
              [
                -53.93290885871012,
                -27.44454696642855
              ],
              [
                -53.932910585706765,
                -27.4445493750421
              ],
              [
                -53.932912541937846,
                -27.444551601495917
              ],
              [
                -53.93291470831071,
                -27.44455362405995
              ],
              [
                -53.9329170636817,
                -27.44455542299413
              ],
              [
                -53.93291958506256,
                -27.44455698074098
              ],
              [
                -53.93292224784477,
                -27.444558282097002
              ],
              [
                -53.9329250260398,
                -27.44455931436106
              ],
              [
                -53.93292789253263,
                -27.44456006745832
              ],
              [
                -53.93293081934652,
                -27.444560534038605
              ],
              [
                -53.93293377791594,
                -27.444560709548128
              ],
              [
                -53.93293673936549,
                -27.444560592273927
              ],
              [
                -53.932939674791605,
                -27.444560183360593
              ],
              [
                -53.93294255554477,
                -27.44455948679909
              ],
              [
                -53.932945353509,
                -27.4445585093878
              ],
              [
                -53.93294804137638,
                -27.44455726066621
              ],
              [
                -53.93347298551298,
                -27.444281075997534
              ],
              [
                -53.934379936318045,
                -27.443811893691695
              ]
            ]
          ]
        ],
        "type": "MultiPolygon"
      }
    },
    {
      "type": "Feature",
      "properties": {
        "obra": "TPA_ILM-01"
      },
      "geometry": {
        "coordinates": [
          [
            [
              [
                -53.95150771365184,
                -27.448696711451213
              ],
              [
                -53.951540018373564,
                -27.448646150547788
              ],
              [
                -53.95062458834961,
                -27.44806125767259
              ],
              [
                -53.95094183824014,
                -27.447613403235437
              ],
              [
                -53.950892877785286,
                -27.447578720763506
              ],
              [
                -53.950573969897654,
                -27.448028915757344
              ],
              [
                -53.949349332793474,
                -27.447246444482392
              ],
              [
                -53.94958067117654,
                -27.44638604142583
              ],
              [
                -53.950307864697876,
                -27.446744039228207
              ],
              [
                -53.95012863635193,
                -27.447289459513033
              ],
              [
                -53.95018563767343,
                -27.44730819048593
              ],
              [
                -53.95036188558242,
                -27.44677184014353
              ],
              [
                -53.9510784982788,
                -27.447118814434262
              ],
              [
                -53.951104645746575,
                -27.44706481156463
              ],
              [
                -53.950380813377535,
                -27.446714341604878
              ],
              [
                -53.95077179647778,
                -27.4455293533966
              ],
              [
                -53.950772566049515,
                -27.445526580491578
              ],
              [
                -53.95077306639913,
                -27.44552374660851
              ],
              [
                -53.95077329292272,
                -27.445520877823053
              ],
              [
                -53.95077324353594,
                -27.445518000531983
              ],
              [
                -53.95077291869324,
                -27.445515141210354
              ],
              [
                -53.950772321383596,
                -27.445512326167876
              ],
              [
                -53.9507714571031,
                -27.445509581306823
              ],
              [
                -53.95077033380432,
                -27.445506931883713
              ],
              [
                -53.95076896182316,
                -27.445504402276907
              ],
              [
                -53.95076735378374,
                -27.44550201576225
              ],
              [
                -53.95076552448222,
                -27.445499794299007
              ],
              [
                -53.95076349075074,
                -27.445497758327697
              ],
              [
                -53.950761772595904,
                -27.445496195888094
              ],
              [
                -53.95075935666356,
                -27.445494218482366
              ],
              [
                -53.95075674831026,
                -27.445492502861303
              ],
              [
                -53.95075397578409,
                -27.445491067604824
              ],
              [
                -53.94991490336227,
                -27.44511068301483
              ],
              [
                -53.949914587960414,
                -27.445109865239676
              ],
              [
                -53.94991341251291,
                -27.44510720845156
              ],
              [
                -53.94991198559531,
                -27.445104677818026
              ],
              [
                -53.949910320589254,
                -27.44510229707136
              ],
              [
                -53.94990843310912,
                -27.445100088538197
              ],
              [
                -53.94990634085575,
                -27.445098072930172
              ],
              [
                -53.94990406345027,
                -27.44509626914965
              ],
              [
                -53.94990162225018,
                -27.445094694112488
              ],
              [
                -53.94989904014908,
                -27.445093362589372
              ],
              [
                -53.94989634136189,
                -27.44509228706734
              ],
              [
                -53.94989355119785,
                -27.44509147763264
              ],
              [
                -53.94988378699878,
                -27.445089151067325
              ],
              [
                -53.94987444374481,
                -27.445128363115714
              ],
              [
                -53.94986237477931,
                -27.44512509516801
              ],
              [
                -53.949860356342334,
                -27.4451325495242
              ],
              [
                -53.94985895283011,
                -27.44513132275601
              ],
              [
                -53.9498586072703,
                -27.445131456032513
              ],
              [
                -53.94985980884893,
                -27.44513457149016
              ],
              [
                -53.94961193077935,
                -27.446050018168012
              ],
              [
                -53.949669845246014,
                -27.446065699830907
              ],
              [
                -53.949911070462896,
                -27.445174823022867
              ],
              [
                -53.950706597756955,
                -27.445535466890686
              ],
              [
                -53.950326819950476,
                -27.44668649419128
              ],
              [
                -53.94958126681351,
                -27.446319457939225
              ],
              [
                -53.94957993142578,
                -27.446318304340046
              ],
              [
                -53.94957751535776,
                -27.446316601556333
              ],
              [
                -53.94957494344998,
                -27.4463151447971
              ],
              [
                -53.94957224066953,
                -27.446313948204033
              ],
              [
                -53.949569433254,
                -27.446313023393184
              ],
              [
                -53.949566548456694,
                -27.446312379342263
              ],
              [
                -53.94956361428213,
                -27.446312022303488
              ],
              [
                -53.94956065921414,
                -27.44631195574284
              ],
              [
                -53.94955771193943,
                -27.446312180306474
              ],
              [
                -53.94955480106899,
                -27.4463126938144
              ],
              [
                -53.94955195486046,
                -27.446313491281686
              ],
              [
                -53.949549200943736,
                -27.446314564966826
              ],
              [
                -53.9495465660528,
                -27.446315904446887
              ],
              [
                -53.94954407576617,
                -27.446317496718716
              ],
              [
                -53.9495417542586,
                -27.446319326325135
              ],
              [
                -53.94953962406639,
                -27.44632137550503
              ],
              [
                -53.949537705868636,
                -27.446323624365736
              ],
              [
                -53.94953601828649,
                -27.446326051076177
              ],
              [
                -53.94953457770233,
                -27.44632863207877
              ],
              [
                -53.94953339810082,
                -27.446331342318125
              ],
              [
                -53.94953249093307,
                -27.44633415548427
              ],
              [
                -53.949285681933034,
                -27.447252097484274
              ],
              [
                -53.94928506224116,
                -27.447254948756466
              ],
              [
                -53.94928472247046,
                -27.447257846743174
              ],
              [
                -53.94928466583507,
                -27.447260764030194
              ],
              [
                -53.94928489287077,
                -27.447263673020725
              ],
              [
                -53.94928540142982,
                -27.447266546196456
              ],
              [
                -53.94928618670142,
                -27.447269356377877
              ],
              [
                -53.949287241257096,
                -27.447272076981385
              ],
              [
                -53.94928855512099,
                -27.44727468227077
              ],
              [
                -53.9492901158643,
                -27.44727714760065
              ],
              [
                -53.9492919087228,
                -27.447279449649635
              ],
              [
                -53.949293916736494,
                -27.44728156664092
              ],
              [
                -53.94929612091008,
                -27.447283478548314
              ],
              [
                -53.94929850039265,
                -27.447285167285653
              ],
              [
                -53.95055428101551,
                -27.448087537442216
              ],
              [
                -53.95049999741696,
                -27.448165652203247
              ],
              [
                -53.950498435239616,
                -27.448168154315475
              ],
              [
                -53.95049712633547,
                -27.44817079774763
              ],
              [
                -53.950496603724154,
                -27.4481721803163
              ],
              [
                -53.95027515778547,
                -27.448499013205165
              ],
              [
                -53.94922029023226,
                -27.447759047104334
              ],
              [
                -53.94918583379309,
                -27.447808166894628
              ],
              [
                -53.950265519317185,
                -27.448565542249458
              ],
              [
                -53.95092388402715,
                -27.449038942935076
              ],
              [
                -53.95095891199822,
                -27.448990229063917
              ],
              [
                -53.95032409166817,
                -27.448533758091312
              ],
              [
                -53.950550026055545,
                -27.448200300684256
              ],
              [
                -53.95055154556939,
                -27.448197804246114
              ],
              [
                -53.95055281496533,
                -27.448195171802436
              ],
              [
                -53.95055311327638,
                -27.44819435927159
              ],
              [
                -53.95060487980135,
                -27.448119866610178
              ],
              [
                -53.95150771365184,
                -27.448696711451213
              ]
            ],
            [
              [
                -53.94987014656308,
                -27.4451411068643
              ],
              [
                -53.94987153480455,
                -27.44514057144335
              ],
              [
                -53.94987118992665,
                -27.445142018837284
              ],
              [
                -53.94987014656308,
                -27.4451411068643
              ]
            ]
          ]
        ],
        "type": "MultiPolygon"
      }
    }
  ]
}